WigleWifi-1.6,appRelease=v1.16,model=M5Stack GPS Unit,release=v1.16,device=ESP32 M5Stack,display=SPI TFT,board=ESP32 M5Stack,brand=Bruce,star=Sol,body=4,subBody=1
MAC,SSID,AuthMode,FirstSeen,Channel,Frequency,RSSI,CurrentLatitude,CurrentLongitude,AltitudeMeters,AccuracyMeters,RCOIs,MfgrId,Type
CC:64:1A:50:8C:16,"GKU-D600-508c16",[WPA2_PSK],2026-08-08 06:51:21,11,2462,-91,-33.404335,151.350649,14.850000,1.100000,,,WIFI
08:02:8E:EF:05:41,"superdollar",[WPA2_PSK],2026-08-08 06:51:21,11,2462,-91,-33.404335,151.350649,14.850000,1.100000,,,WIFI
54:F8:2A:D4:EA:05,"MTD4740099543699C75E100D6F00",[WPA2_PSK],2026-08-08 06:51:21,6,2437,-95,-33.404335,151.350649,14.850000,1.100000,,,WIFI
F8:5E:3C:0D:68:26,"SphereWiFi-6828",[WPA_WPA2_PSK],2026-08-08 06:51:26,1,2412,-81,-33.404888,151.350931,16.350000,1.100000,,,WIFI
18:9C:5D:6C:0C:B0,"HC-INT",[WPA2_ENTERPRISE],2026-08-08 06:51:26,6,2437,-85,-33.404888,151.350931,16.350000,1.100000,,,WIFI
D8:38:0D:6C:71:29,"The Select Inn Gosford",[WPA2_PSK],2026-08-08 06:51:26,1,2412,-86,-33.404888,151.350931,16.350000,1.100000,,,WIFI
D8:38:0D:6C:71:51,"The Select Inn Gosford",[WPA2_PSK],2026-08-08 06:51:26,11,2462,-87,-33.404888,151.350931,16.350000,1.100000,,,WIFI
CC:40:D0:2A:C3:C5,"Telstra5F24",[WPA2_PSK],2026-08-08 06:51:26,1,2412,-88,-33.404888,151.350931,16.350000,1.100000,,,WIFI
4E:D5:ED:E5:3D:06,"TelstraE53D06",[WPA2_WPA3_PSK],2026-08-08 06:51:26,6,2437,-88,-33.404888,151.350931,16.350000,1.100000,,,WIFI
FE:55:A8:08:E3:36,"mc-contractor",[OPEN],2026-08-08 06:51:26,11,2462,-88,-33.404888,151.350931,16.350000,1.100000,,,WIFI
48:41:7B:A4:4D:6B,"NOKIA-4D60",[WPA2_WPA3_PSK],2026-08-08 06:51:26,11,2462,-89,-33.404888,151.350931,16.350000,1.100000,,,WIFI
D8:38:0D:6C:30:99,"The Select Inn Gosford",[WPA2_PSK],2026-08-08 06:51:26,1,2412,-90,-33.404888,151.350931,16.350000,1.100000,,,WIFI
DC:EA:E7:26:94:48,"Mal Volentum",[WPA_WPA2_PSK],2026-08-08 06:51:26,1,2412,-92,-33.404888,151.350931,16.350000,1.100000,,,WIFI
D6:35:1D:E2:4B:A5,"TelstraE24B9D",[WPA2_WPA3_PSK],2026-08-08 06:51:26,6,2437,-92,-33.404888,151.350931,16.350000,1.100000,,,WIFI
A0:63:91:09:3D:B4,"NETGEAR63",[WPA2_PSK],2026-08-08 06:51:26,1,2412,-93,-33.404888,151.350931,16.350000,1.100000,,,WIFI
D8:38:0D:6C:72:49,"The Select Inn Gosford",[WPA2_PSK],2026-08-08 06:51:26,1,2412,-93,-33.404888,151.350931,16.350000,1.100000,,,WIFI
36:FA:40:25:77:D1,"CHANGE THIS NAME",[WPA2_PSK],2026-08-08 06:51:34,6,2437,-81,-33.405872,151.351207,16.560000,1.100000,,,WIFI
6C:15:DB:7F:7B:8E,"WIFI-S2ADY9F",[WPA2_WPA3_PSK],2026-08-08 06:51:34,13,2472,-82,-33.405872,151.351207,16.560000,1.100000,,,WIFI
D8:38:0D:35:9C:01,"The Select Inn Gosford",[WPA2_PSK],2026-08-08 06:51:34,10,2457,-85,-33.405872,151.351207,16.560000,1.100000,,,WIFI
24:2F:D0:08:78:D0,"WiFi-0878D0",[WPA2_PSK],2026-08-08 06:51:34,10,2457,-91,-33.405872,151.351207,16.560000,1.100000,,,WIFI
D4:20:B0:38:BA:35,"RetailInternetBusiness",[WPA2_PSK],2026-08-08 06:51:34,11,2462,-93,-33.405872,151.351207,16.560000,1.100000,,,WIFI
10:13:31:DF:A6:75,"TelstraDFA675",[WPA2_PSK],2026-08-08 06:51:34,11,2462,-93,-33.405872,151.351207,16.560000,1.100000,,,WIFI
D4:20:B0:38:BA:36,"BP_Public_WiFi",[OPEN],2026-08-08 06:51:34,11,2462,-93,-33.405872,151.351207,16.560000,1.100000,,,WIFI
D4:20:B0:38:BA:92,"RetailInternetBusiness",[WPA2_PSK],2026-08-08 06:51:42,1,2412,-76,-33.406958,151.351048,12.550000,1.100000,,,WIFI
A4:91:B1:64:2C:21,"Telstra642C21",[WPA2_PSK],2026-08-08 06:51:42,13,2472,-78,-33.406958,151.351048,12.550000,1.100000,,,WIFI
D4:20:B0:38:BA:93,"BP_Public_WiFi",[OPEN],2026-08-08 06:51:42,1,2412,-79,-33.406958,151.351048,12.550000,1.100000,,,WIFI
8C:77:79:42:86:BB,"OPTUS_4286B8N",[WPA2_WPA3_PSK],2026-08-08 06:51:42,1,2412,-83,-33.406958,151.351048,12.550000,1.100000,,,WIFI
F0:7B:65:F4:72:46,"WiFi-XXYW2",[WPA2_WPA3_PSK],2026-08-08 06:51:42,11,2462,-83,-33.406958,151.351048,12.550000,1.100000,,,WIFI
74:FE:CE:AA:F1:72,"TP-Link_F172",[WPA2_PSK],2026-08-08 06:51:42,7,2442,-85,-33.406958,151.351048,12.550000,1.100000,,,WIFI
34:6B:46:A3:3A:80,"Oliver!",[WPA2_PSK],2026-08-08 06:51:42,11,2462,-87,-33.406958,151.351048,12.550000,1.100000,,,WIFI
D0:DB:B7:61:5C:B7,"NetComm 7922",[WPA2_WPA3_PSK],2026-08-08 06:51:42,1,2412,-90,-33.406958,151.351048,12.550000,1.100000,,,WIFI
1C:E8:9E:93:D6:9E,"Samsung Fridge_E50AJTRR255W",[WPA2_PSK],2026-08-08 06:51:42,1,2412,-91,-33.406958,151.351048,12.550000,1.100000,,,WIFI
D0:DB:B7:CD:77:2F,"Wiseberry",[WPA2_WPA3_PSK],2026-08-08 06:51:50,11,2462,-72,-33.407937,151.350820,11.770000,1.100000,,,WIFI
36:87:BA:A6:82:54,"WiFi-A68253",[WPA2_PSK],2026-08-08 06:51:50,2,2417,-78,-33.407937,151.350820,11.770000,1.100000,,,WIFI
B2:19:21:41:1F:AE,"SupportCentralCo Akora",[WPA2_WPA3_PSK],2026-08-08 06:51:50,9,2452,-79,-33.407937,151.350820,11.770000,1.100000,,,WIFI
B2:19:21:41:1E:E6,"SupportCentralCo Akora",[WPA2_WPA3_PSK],2026-08-08 06:51:50,9,2452,-82,-33.407937,151.350820,11.770000,1.100000,,,WIFI
2A:60:F9:81:2D:AE,"VX220-2DAD",[WPA2_PSK],2026-08-08 06:51:50,6,2437,-83,-33.407937,151.350820,11.770000,1.100000,,,WIFI
B2:19:21:21:1E:E6,"SupportCentralCo (Akora Staff)",[WPA2_PSK],2026-08-08 06:51:50,9,2452,-84,-33.407937,151.350820,11.770000,1.100000,,,WIFI
B2:19:21:21:20:32,"SupportCentralCo (Akora Staff)",[WPA2_PSK],2026-08-08 06:51:50,9,2452,-85,-33.407937,151.350820,11.770000,1.100000,,,WIFI
B2:19:21:41:20:32,"SupportCentralCo Akora",[WPA2_WPA3_PSK],2026-08-08 06:51:50,9,2452,-85,-33.407937,151.350820,11.770000,1.100000,,,WIFI
A4:91:B1:7E:7D:1C,"Telstra7E7D1C",[WPA2_PSK],2026-08-08 06:51:50,11,2462,-85,-33.407937,151.350820,11.770000,1.100000,,,WIFI
B2:19:21:21:1F:AE,"SupportCentralCo (Akora Staff)",[WPA2_PSK],2026-08-08 06:51:50,9,2452,-86,-33.407937,151.350820,11.770000,1.100000,,,WIFI
32:3C:20:25:DC:F6,"Telstra25DCF6",[WPA2_WPA3_PSK],2026-08-08 06:51:50,1,2412,-89,-33.407937,151.350820,11.770000,1.100000,,,WIFI
BC:30:D9:BE:E8:A6,"TelstraBEE8A4",[WPA2_PSK],2026-08-08 06:51:50,9,2452,-89,-33.407937,151.350820,11.770000,1.100000,,,WIFI
38:06:E6:04:C7:7B,"OPTUS_04C778N",[WPA2_WPA3_PSK],2026-08-08 06:51:50,11,2462,-90,-33.407937,151.350820,11.770000,1.100000,,,WIFI
46:27:45:AE:BF:70,"[LG_StickVacuum]bf70",[WPA2_PSK],2026-08-08 06:51:50,11,2462,-91,-33.407937,151.350820,11.770000,1.100000,,,WIFI
A2:B5:3C:25:26:5E,"Telstra252656",[WPA2_PSK],2026-08-08 06:51:50,1,2412,-93,-33.407937,151.350820,11.770000,1.100000,,,WIFI
D8:33:B7:E2:C4:B6,"WiFi-ZCPWS",[WPA2_WPA3_PSK],2026-08-08 06:51:50,11,2462,-93,-33.407937,151.350820,11.770000,1.100000,,,WIFI
D0:DB:B7:A3:25:4A,"NetComm 4556",[WPA2_PSK],2026-08-08 06:51:50,12,2467,-93,-33.407937,151.350820,11.770000,1.100000,,,WIFI
DA:D8:E5:4F:30:99,"Telstra4F3091",[WPA2_PSK],2026-08-08 06:51:58,1,2412,-85,-33.408419,151.350658,10.760000,1.100000,,,WIFI
CE:BA:BD:17:9C:71,"Poolwerx Wyoming",[WPA2_WPA3_PSK],2026-08-08 06:51:58,1,2412,-86,-33.408419,151.350658,10.760000,1.100000,,,WIFI
10:DA:43:F0:C1:C2,"GMS Costumes",[WPA2_PSK],2026-08-08 06:51:58,1,2412,-87,-33.408419,151.350658,10.760000,1.100000,,,WIFI
D6:92:5E:D2:FA:08,"TelstraD2FA00",[WPA2_PSK],2026-08-08 06:51:58,1,2412,-87,-33.408419,151.350658,10.760000,1.100000,,,WIFI
74:08:DE:0A:6E:44,"ING2.4G_234HKD055890",[WPA2_PSK],2026-08-08 06:51:58,11,2462,-87,-33.408419,151.350658,10.760000,1.100000,,,WIFI
10:13:31:D8:A3:0B,"TelstraD8A30B",[WPA2_PSK],2026-08-08 06:51:58,1,2412,-88,-33.408419,151.350658,10.760000,1.100000,,,WIFI
B4:E8:42:29:D8:9A,"LEDnet003329D89A",[OPEN],2026-08-08 06:51:58,8,2447,-90,-33.408419,151.350658,10.760000,1.100000,,,WIFI
D8:B3:70:A7:3B:F0,"THGOS",[WPA2_PSK],2026-08-08 06:51:58,6,2437,-91,-33.408419,151.350658,10.760000,1.100000,,,WIFI
08:36:C9:00:B4:B5,"Telstra0D8F",[WPA2_PSK],2026-08-08 06:51:58,11,2462,-91,-33.408419,151.350658,10.760000,1.100000,,,WIFI
56:07:7D:F3:7B:D8,"NETGEAR93",[WPA2_WPA3_PSK],2026-08-08 06:51:58,2,2417,-92,-33.408419,151.350658,10.760000,1.100000,,,WIFI
B0:92:4A:AF:C2:FC,"OPTUS_AFC2FAM",[WPA2_WPA3_PSK],2026-08-08 06:51:58,6,2437,-93,-33.408419,151.350658,10.760000,1.100000,,,WIFI
24:94:94:D9:68:27,"LEDnet0033D96827",[OPEN],2026-08-08 06:51:58,10,2457,-93,-33.408419,151.350658,10.760000,1.100000,,,WIFI
74:08:DE:0A:6D:C2,"ING2.4G_234HKD055760",[WPA2_PSK],2026-08-08 06:51:58,11,2462,-93,-33.408419,151.350658,10.760000,1.100000,,,WIFI
D4:E5:C9:07:08:AD,"velocloud-049",[WPA2_PSK],2026-08-08 06:52:07,11,2462,-80,-33.408791,151.350437,16.110000,1.100000,,,WIFI
3E:56:FE:C8:C0:7C,"Ampol Free Wifi",[OPEN],2026-08-08 06:52:07,1,2412,-81,-33.408791,151.350437,16.110000,1.100000,,,WIFI
D4:AD:20:BB:6A:A7,"SIGN-NSW05",[WPA2_PSK],2026-08-08 06:52:07,2,2417,-81,-33.408791,151.350437,16.110000,1.100000,,,WIFI
32:56:FE:C8:C0:7C,"TIPT",[WPA2_PSK],2026-08-08 06:52:07,1,2412,-82,-33.408791,151.350437,16.110000,1.100000,,,WIFI
3A:56:FE:C8:C0:7C,"Amplify",[WPA2_PSK],2026-08-08 06:52:07,1,2412,-83,-33.408791,151.350437,16.110000,1.100000,,,WIFI
34:56:FE:C8:C0:7C,"PENGUIN",[WPA_WPA2_PSK],2026-08-08 06:52:07,1,2412,-84,-33.408791,151.350437,16.110000,1.100000,,,WIFI
84:F7:03:77:07:19,"WF1_1996746627",[WPA_WPA2_PSK],2026-08-08 06:52:07,1,2412,-85,-33.408791,151.350437,16.110000,1.100000,,,WIFI
28:9C:6E:9C:2E:09,"HN_EP05160386093PBKME-00285",[WPA2_PSK],2026-08-08 06:52:07,2,2417,-85,-33.408791,151.350437,16.110000,1.100000,,,WIFI
08:27:A8:AF:3B:8A,"WIFI-5NU2D9N",[WPA2_WPA3_PSK],2026-08-08 06:52:07,13,2472,-85,-33.408791,151.350437,16.110000,1.100000,,,WIFI
78:65:59:45:28:02,"OPTUS_4527FF",[WPA2_PSK],2026-08-08 06:52:07,1,2412,-86,-33.408791,151.350437,16.110000,1.100000,,,WIFI
3C:58:5D:C1:11:C0,"OPTUS_C111BEM",[WPA2_WPA3_PSK],2026-08-08 06:52:07,1,2412,-87,-33.408791,151.350437,16.110000,1.100000,,,WIFI
FC:9C:98:7D:AF:1A,"ARLO_VMB_2239363768",[WPA2_PSK],2026-08-08 06:52:07,7,2442,-89,-33.408791,151.350437,16.110000,1.100000,,,WIFI
80:2D:1A:52:AB:7E,"DODO-FAST-2.4G",[WPA2_PSK],2026-08-08 06:52:07,5,2432,-91,-33.408791,151.350437,16.110000,1.100000,,,WIFI
78:8A:20:5A:D1:78,"LST",[WPA2_PSK],2026-08-08 06:52:07,1,2412,-93,-33.408791,151.350437,16.110000,1.100000,,,WIFI
2C:E3:8E:A6:1E:81,"apx_rad",[WPA2_WPA3_PSK],2026-08-08 06:52:16,1,2412,-78,-33.409689,151.350346,17.070000,1.000000,,,WIFI
2C:E3:8E:A6:1E:82,"FRNSW",[OPEN],2026-08-08 06:52:16,1,2412,-78,-33.409689,151.350346,17.070000,1.000000,,,WIFI
2C:E3:8E:A6:1E:80,"isg_fsap",[UNKNOWN],2026-08-08 06:52:16,1,2412,-79,-33.409689,151.350346,17.070000,1.000000,,,WIFI
54:25:EA:38:FF:48,"DODO-FF3F",[WPA_WPA2_PSK],2026-08-08 06:52:16,2,2417,-83,-33.409689,151.350346,17.070000,1.000000,,,WIFI
9C:DA:B7:D7:D1:41,"DBBGuest",[OPEN],2026-08-08 06:52:16,1,2412,-85,-33.409689,151.350346,17.070000,1.000000,,,WIFI
8A:78:48:EE:9F:F9,"Aruma_Guest",[WPA2_WPA3_PSK],2026-08-08 06:52:16,1,2412,-88,-33.409689,151.350346,17.070000,1.000000,,,WIFI
94:18:65:C7:09:08,"Telstra13F9",[WPA2_PSK],2026-08-08 06:52:16,11,2462,-88,-33.409689,151.350346,17.070000,1.000000,,,WIFI
44:15:24:66:1D:DE,"OPTUS_661DDCM",[WPA2_WPA3_PSK],2026-08-08 06:52:16,1,2412,-90,-33.409689,151.350346,17.070000,1.000000,,,WIFI
B0:39:56:C2:DE:66,"Telstra3572",[WPA2_PSK],2026-08-08 06:52:16,11,2462,-90,-33.409689,151.350346,17.070000,1.000000,,,WIFI
84:78:48:EE:F9:45,"ARUMA-CORP",[UNKNOWN],2026-08-08 06:52:16,1,2412,-91,-33.409689,151.350346,17.070000,1.000000,,,WIFI
2C:BC:BB:C0:00:DD,"OVMS",[WPA2_PSK],2026-08-08 06:52:16,1,2412,-91,-33.409689,151.350346,17.070000,1.000000,,,WIFI
66:33:F5:20:73:C6,"Jennifer's A55",[WPA2_PSK],2026-08-08 06:52:16,6,2437,-91,-33.409689,151.350346,17.070000,1.000000,,,WIFI
8A:78:48:EE:F9:45,"Aruma_Guest",[WPA2_WPA3_PSK],2026-08-08 06:52:16,1,2412,-92,-33.409689,151.350346,17.070000,1.000000,,,WIFI
84:78:48:EE:9F:F9,"ARUMA-CORP",[UNKNOWN],2026-08-08 06:52:16,1,2412,-92,-33.409689,151.350346,17.070000,1.000000,,,WIFI
3C:6A:D2:26:66:EE,"nbn",[WPA2_PSK],2026-08-08 06:52:16,5,2432,-94,-33.409689,151.350346,17.070000,1.000000,,,WIFI
D8:33:B7:08:7D:36,"WiFi-ZUGAK",[WPA2_WPA3_PSK],2026-08-08 06:52:24,11,2462,-79,-33.410527,151.350200,16.410000,1.000000,,,WIFI
D4:6B:A6:E6:C2:E8,"HG659-C2E0",[WPA_WPA2_PSK],2026-08-08 06:52:24,8,2447,-90,-33.410527,151.350200,16.410000,1.000000,,,WIFI
D6:82:A5:0D:7D:53,"BUPM",[WPA2_WPA3_PSK],2026-08-08 06:52:24,11,2462,-92,-33.410527,151.350200,16.410000,1.000000,,,WIFI
58:EF:68:00:AC:CA,"Telstra3572_Ext",[WPA2_PSK],2026-08-08 06:52:24,11,2462,-92,-33.410527,151.350200,16.410000,1.000000,,,WIFI
74:AC:B9:B1:6B:1A,"CCLO - HPD",[WPA2_PSK],2026-08-08 06:52:33,1,2412,-88,-33.411232,151.350032,15.990000,1.000000,,,WIFI
54:1F:8D:D2:33:8B,"OPTUS_D2338BZ",[WPA2_WPA3_PSK],2026-08-08 06:52:33,6,2437,-89,-33.411232,151.350032,15.990000,1.000000,,,WIFI
C0:56:27:8D:B5:B1,"Linksys Extender Setup",[OPEN],2026-08-08 06:52:33,11,2462,-89,-33.411232,151.350032,15.990000,1.000000,,,WIFI
A2:B5:3C:19:21:7E,"Telstra192176",[WPA2_PSK],2026-08-08 06:52:33,1,2412,-91,-33.411232,151.350032,15.990000,1.000000,,,WIFI
C8:99:B2:FB:70:3E,"TelstraFB703A",[WPA2_WPA3_PSK],2026-08-08 06:52:33,2,2417,-92,-33.411232,151.350032,15.990000,1.000000,,,WIFI
E0:B9:E5:A0:C7:B5,"TelstraA0C7B5",[WPA2_PSK],2026-08-08 06:52:33,11,2462,-96,-33.411232,151.350032,15.990000,1.000000,,,WIFI
B0:5B:99:3E:51:EC,"OPTUS_3E51EAM",[WPA2_WPA3_PSK],2026-08-08 06:52:41,1,2412,-63,-33.411712,151.349968,14.840000,1.000000,,,WIFI
60:22:32:F6:BB:A6,"Glennie Street",[WPA2_PSK],2026-08-08 06:52:41,11,2462,-80,-33.411712,151.349968,14.840000,1.000000,,,WIFI
DA:D8:E5:42:95:C7,"plsworkillbeagoodboyiswear",[OPEN],2026-08-08 06:52:41,11,2462,-81,-33.411712,151.349968,14.840000,1.000000,,,WIFI
D4:19:72:A0:A4:00,"BBSchools",[WPA2_ENTERPRISE],2026-08-08 06:52:41,11,2462,-85,-33.411712,151.349968,14.840000,1.000000,,,WIFI
D4:19:72:A0:A4:01,"DBBGuest",[OPEN],2026-08-08 06:52:41,11,2462,-85,-33.411712,151.349968,14.840000,1.000000,,,WIFI
D4:19:72:A0:A4:02,"BBEnrolment",[WPA2_ENTERPRISE],2026-08-08 06:52:41,11,2462,-85,-33.411712,151.349968,14.840000,1.000000,,,WIFI
6C:4F:89:53:19:19,"OPTUS_531918L",[WPA2_WPA3_PSK],2026-08-08 06:52:41,11,2462,-86,-33.411712,151.349968,14.840000,1.000000,,,WIFI
7A:AC:B9:B1:6B:1A,"CCLO - residential",[WPA2_PSK],2026-08-08 06:52:41,1,2412,-89,-33.411712,151.349968,14.840000,1.000000,,,WIFI
E4:38:83:26:63:D3,"E438832663D2",[WPA_WPA2_PSK],2026-08-08 06:52:41,1,2412,-90,-33.411712,151.349968,14.840000,1.000000,,,WIFI
60:22:32:F6:9F:E6,"Glennie Street",[WPA2_PSK],2026-08-08 06:52:41,11,2462,-90,-33.411712,151.349968,14.840000,1.000000,,,WIFI
0A:C7:F5:90:4B:F6,"Belong904BEE",[WPA2_PSK],2026-08-08 06:52:41,13,2472,-91,-33.411712,151.349968,14.840000,1.000000,,,WIFI
A2:7E:6D:24:76:8A,"HUAWEI_7624",[WPA2_PSK],2026-08-08 06:52:41,11,2462,-93,-33.411712,151.349968,14.840000,1.000000,,,WIFI
60:45:E8:90:8C:E9,"Telstra908CE5",[WPA_WPA2_PSK],2026-08-08 06:52:49,4,2427,-83,-33.412444,151.349791,15.450000,1.000000,,,WIFI
D6:21:F9:87:79:8A,"BBGuest",[WPA2_PSK],2026-08-08 06:52:49,1,2412,-87,-33.412444,151.349791,15.450000,1.000000,,,WIFI
D0:21:F9:87:79:8A,"BBStaff",[WPA2_ENTERPRISE],2026-08-08 06:52:49,1,2412,-89,-33.412444,151.349791,15.450000,1.000000,,,WIFI
DA:21:F9:87:79:8A,"BBAV",[WPA2_PSK],2026-08-08 06:52:49,1,2412,-89,-33.412444,151.349791,15.450000,1.000000,,,WIFI
6C:B0:CE:6D:EF:A4,"NETGEAR44",[WPA2_PSK],2026-08-08 06:52:49,6,2437,-89,-33.412444,151.349791,15.450000,1.000000,,,WIFI
EC:71:DB:03:91:B8,"REOLINK-HH6itnpeM1-2.4G",[WPA2_WPA3_PSK],2026-08-08 06:52:49,1,2412,-90,-33.412444,151.349791,15.450000,1.000000,,,WIFI
50:2C:C6:2B:BB:49,"c62bbb49",[WPA2_PSK],2026-08-08 06:52:49,1,2412,-90,-33.412444,151.349791,15.450000,1.000000,,,WIFI
3C:67:8C:D9:B8:A0,"DODO-B898",[WPA_WPA2_PSK],2026-08-08 06:52:49,6,2437,-90,-33.412444,151.349791,15.450000,1.000000,,,WIFI
82:AC:B9:B1:6B:1A,"Wycom Technology ",[WPA2_WPA3_PSK],2026-08-08 06:52:49,1,2412,-91,-33.412444,151.349791,15.450000,1.000000,,,WIFI
42:22:54:97:E8:87,"WiFi-97E886",[WPA2_PSK],2026-08-08 06:52:49,2,2417,-91,-33.412444,151.349791,15.450000,1.000000,,,WIFI
10:DA:43:F0:86:42,"Telstra1E27",[WPA2_PSK],2026-08-08 06:52:57,11,2462,-90,-33.412821,151.349733,17.830000,1.000000,,,WIFI
60:95:F8:5C:FB:B3,"OPTUS_5CFBB0N",[WPA2_WPA3_PSK],2026-08-08 06:52:57,1,2412,-91,-33.412821,151.349733,17.830000,1.000000,,,WIFI
BC:D5:ED:51:8D:22,"OPTUS_518D20M",[WPA2_WPA3_PSK],2026-08-08 06:53:05,6,2437,-83,-33.412821,151.349733,17.830000,0.800000,,,WIFI
24:4B:FE:38:84:30,"ASUS2",[WPA2_PSK],2026-08-08 06:53:05,4,2427,-90,-33.412821,151.349733,17.830000,0.800000,,,WIFI
98:DE:D0:6C:5E:34,"DODO-B898_EXT",[WPA_WPA2_PSK],2026-08-08 06:53:05,6,2437,-91,-33.412821,151.349733,17.830000,0.800000,,,WIFI
72:90:0A:98:40:6C,"OPTUS_F22BC0N",[WPA2_WPA3_PSK],2026-08-08 06:53:13,11,2462,-77,-33.412933,151.349710,17.740000,0.700000,,,WIFI
82:90:0A:5B:39:2F,"Telstra8DBF44",[WPA2_PSK],2026-08-08 06:53:13,3,2422,-78,-33.412933,151.349710,17.740000,0.700000,,,WIFI
66:CB:E9:A8:94:8B,"[LG_Washer]948b",[WPA2_PSK],2026-08-08 06:53:13,11,2462,-78,-33.412933,151.349710,17.740000,0.700000,,,WIFI
5C:4D:BF:9D:C3:47,"TPW4G_3nMrrv",[WPA2_PSK],2026-08-08 06:53:13,11,2462,-79,-33.412933,151.349710,17.740000,0.700000,,,WIFI
AC:B6:87:F2:2B:C3,"OPTUS_F22BC0N",[WPA2_WPA3_PSK],2026-08-08 06:53:13,11,2462,-83,-33.412933,151.349710,17.740000,0.700000,,,WIFI
DA:D8:E5:4E:B2:ED,"Belong4EB2E5",[WPA2_PSK],2026-08-08 06:53:13,1,2412,-91,-33.412933,151.349710,17.740000,0.700000,,,WIFI
60:22:32:F6:D1:6E,"Glennie Street",[WPA2_PSK],2026-08-08 06:53:13,1,2412,-91,-33.412933,151.349710,17.740000,0.700000,,,WIFI
32:39:F9:FA:50:66,"TelstraFA5066",[WPA2_WPA3_PSK],2026-08-08 06:53:35,2,2417,-74,-33.415299,151.349225,17.740000,0.700000,,,WIFI
34:BC:5E:DA:26:05,"hartley",[WPA2_PSK],2026-08-08 06:53:35,6,2437,-77,-33.415299,151.349225,17.740000,0.700000,,,WIFI
D6:35:1D:EA:A6:D8,"TelstraEAA6D0",[WPA2_PSK],2026-08-08 06:53:35,1,2412,-78,-33.415299,151.349225,17.740000,0.700000,,,WIFI
28:3B:82:64:60:5C,"Birdnest",[WPA_WPA2_PSK],2026-08-08 06:53:35,2,2417,-81,-33.415299,151.349225,17.740000,0.700000,,,WIFI
D0:66:7B:A1:49:A1,"SEC_LinkShare_c1a165",[WPA2_PSK],2026-08-08 06:53:35,4,2427,-81,-33.415299,151.349225,17.740000,0.700000,,,WIFI
EC:75:0C:D3:FF:05,"Origin_D3FF05",[WPA2_PSK],2026-08-08 06:53:35,5,2432,-82,-33.415299,151.349225,17.740000,0.700000,,,WIFI
A4:CF:12:39:77:11,"AL4001020040564",[WPA_WPA2_PSK],2026-08-08 06:53:35,1,2412,-84,-33.415299,151.349225,17.740000,0.700000,,,WIFI
B0:19:21:A3:69:A2,"Sully",[WPA2_PSK],2026-08-08 06:53:35,3,2422,-84,-33.415299,151.349225,17.740000,0.700000,,,WIFI
34:97:F6:6E:19:63,"Fidelis_Domus",[WPA2_PSK],2026-08-08 06:53:35,11,2462,-84,-33.415299,151.349225,17.740000,0.700000,,,WIFI
A4:F3:3B:CA:A1:CC,"Wi-Fi CAA1CC 2.4G",[WPA2_PSK],2026-08-08 06:53:35,4,2427,-85,-33.415299,151.349225,17.740000,0.700000,,,WIFI
60:83:E7:27:08:1F,"TP-Link_0820",[WPA2_PSK],2026-08-08 06:53:35,7,2442,-85,-33.415299,151.349225,17.740000,0.700000,,,WIFI
34:97:F6:6E:19:60,"Fidelis_Domus_2.4",[WPA2_PSK],2026-08-08 06:53:35,11,2462,-85,-33.415299,151.349225,17.740000,0.700000,,,WIFI
98:42:65:6A:A3:A0,"Optus_6AA39E",[WPA2_PSK],2026-08-08 06:53:35,11,2462,-85,-33.415299,151.349225,17.740000,0.700000,,,WIFI
34:BC:5E:D7:DC:05,"hartley",[WPA2_PSK],2026-08-08 06:53:35,6,2437,-86,-33.415299,151.349225,17.740000,0.700000,,,WIFI
34:EA:E7:59:E6:43,"AP_4043355395",[OPEN],2026-08-08 06:53:35,1,2412,-87,-33.415299,151.349225,17.740000,0.700000,,,WIFI
82:09:86:2F:31:2F,"TelstraEAA6D0",[WPA2_PSK],2026-08-08 06:53:35,1,2412,-89,-33.415299,151.349225,17.740000,0.700000,,,WIFI
34:E8:94:E9:E5:3E,"TP-LINK_E53F",[WPA2_PSK],2026-08-08 06:53:35,3,2422,-90,-33.415299,151.349225,17.740000,0.700000,,,WIFI
F4:92:BF:14:06:A3,"My WiFi Network",[WPA2_PSK],2026-08-08 06:53:35,6,2437,-90,-33.415299,151.349225,17.740000,0.700000,,,WIFI
80:82:FE:93:C1:C0,"WIFI-9KSMXCF",[WPA2_WPA3_PSK],2026-08-08 06:53:35,12,2467,-90,-33.415299,151.349225,17.740000,0.700000,,,WIFI
60:A4:B7:A4:FB:8F,"TP-Link_FB90",[WPA2_PSK],2026-08-08 06:53:35,7,2442,-91,-33.415299,151.349225,17.740000,0.700000,,,WIFI
BE:FB:0F:9A:E3:96,"Telstra9AE396",[WPA2_WPA3_PSK],2026-08-08 06:53:35,7,2442,-91,-33.415299,151.349225,17.740000,0.700000,,,WIFI
8C:3B:AD:D3:81:8D,"TPC-4G",[WPA2_PSK],2026-08-08 06:53:35,9,2452,-91,-33.415299,151.349225,17.740000,0.700000,,,WIFI
F4:92:BF:14:07:2F,"My WiFi Network",[WPA2_PSK],2026-08-08 06:53:35,6,2437,-93,-33.415299,151.349225,17.740000,0.700000,,,WIFI
80:CC:9C:1B:26:5E,"SCOMU",[WPA2_PSK],2026-08-08 06:53:35,12,2467,-94,-33.415299,151.349225,17.740000,0.700000,,,WIFI
D8:33:B7:E0:E6:46,"WiFi-RT989",[WPA2_WPA3_PSK],2026-08-08 06:53:35,6,2437,-95,-33.415299,151.349225,17.740000,0.700000,,,WIFI
38:A0:67:AF:3E:D7,"NOKIA-3ECE",[WPA2_WPA3_PSK],2026-08-08 06:53:40,1,2412,-71,-33.415791,151.349150,24.670000,0.700000,,,WIFI
D8:33:B7:DF:7B:B6,"WiFi-FCNG9",[WPA2_WPA3_PSK],2026-08-08 06:53:40,1,2412,-81,-33.415791,151.349150,24.670000,0.700000,,,WIFI
DE:33:B7:DF:7B:B6,"WiFi-FCNG9-Guest",[WPA_WPA2_PSK],2026-08-08 06:53:40,1,2412,-82,-33.415791,151.349150,24.670000,0.700000,,,WIFI
6C:FF:CE:3B:AA:26,"WiFi-8WB5G",[WPA2_WPA3_PSK],2026-08-08 06:53:40,1,2412,-87,-33.415791,151.349150,24.670000,0.700000,,,WIFI
3C:31:74:F6:00:90,"Google Pro Wifi",[WPA2_PSK],2026-08-08 06:53:40,1,2412,-89,-33.415791,151.349150,24.670000,0.700000,,,WIFI
18:90:D8:A5:02:DE,"OPTUS_A502DD",[WPA2_PSK],2026-08-08 06:53:40,1,2412,-89,-33.415791,151.349150,24.670000,0.700000,,,WIFI
80:3F:5D:75:85:4D,"G26",[WPA2_WPA3_PSK],2026-08-08 06:53:49,1,2412,-79,-33.416610,151.348968,33.840000,0.700000,,,WIFI
F8:CA:59:35:17:40,"NetComm 0351",[WPA2_PSK],2026-08-08 06:53:49,13,2472,-79,-33.416610,151.348968,33.840000,0.700000,,,WIFI
6C:5A:B0:A0:43:6F,"TelstraB7B5CF",[WPA_WPA2_PSK],2026-08-08 06:53:49,12,2467,-83,-33.416610,151.348968,33.840000,0.700000,,,WIFI
F0:7B:65:F5:AD:66,"WiFi-SNZHM",[WPA2_WPA3_PSK],2026-08-08 06:53:49,1,2412,-89,-33.416610,151.348968,33.840000,0.700000,,,WIFI
F4:92:BF:14:07:31,"My WiFi Network",[WPA2_PSK],2026-08-08 06:53:49,1,2412,-90,-33.416610,151.348968,33.840000,0.700000,,,WIFI
E0:1C:FC:AB:2C:B9,"SOFGE",[WPA_PSK],2026-08-08 06:53:49,1,2412,-93,-33.416610,151.348968,33.840000,0.700000,,,WIFI
10:13:31:CE:B6:0F,"MyRepublic B60F",[WPA2_PSK],2026-08-08 06:53:49,1,2412,-93,-33.416610,151.348968,33.840000,0.700000,,,WIFI
CC:BA:BD:1E:5D:F8,"OPTUS_1E5DF8T",[WPA2_WPA3_PSK],2026-08-08 06:53:57,10,2457,-78,-33.417520,151.348748,40.870000,0.700000,,,WIFI
CC:28:AA:5A:61:30,"ASUS Mesh 2.0",[WPA2_PSK],2026-08-08 06:53:57,10,2457,-80,-33.417520,151.348748,40.870000,0.700000,,,WIFI
0A:C7:F5:96:C1:98,"Belong96C190",[WPA2_PSK],2026-08-08 06:53:57,13,2472,-83,-33.417520,151.348748,40.870000,0.700000,,,WIFI
72:BF:B8:E9:33:21,"ASUS Mesh 2.0",[WPA2_PSK],2026-08-08 06:53:57,10,2457,-85,-33.417520,151.348748,40.870000,0.700000,,,WIFI
BA:BF:B8:E9:33:B1,"ASUS Mesh 2.0",[WPA2_PSK],2026-08-08 06:53:57,10,2457,-87,-33.417520,151.348748,40.870000,0.700000,,,WIFI
90:09:D0:6B:61:D6,"VALLEYHOME",[WPA2_PSK],2026-08-08 06:53:57,1,2412,-88,-33.417520,151.348748,40.870000,0.700000,,,WIFI
AA:BF:B8:E9:33:91,"ASUS Mesh 2.0",[WPA2_PSK],2026-08-08 06:53:57,10,2457,-89,-33.417520,151.348748,40.870000,0.700000,,,WIFI
F8:CA:59:F6:89:1A,"NetComm 7244",[WPA2_PSK],2026-08-08 06:53:57,6,2437,-90,-33.417520,151.348748,40.870000,0.700000,,,WIFI
34:98:B5:19:9D:41,"WIFI-E3EB",[WPA2_PSK],2026-08-08 06:53:57,1,2412,-91,-33.417520,151.348748,40.870000,0.700000,,,WIFI
E8:9C:25:57:B5:50,"No Daddy",[WPA2_PSK],2026-08-08 06:53:57,1,2412,-91,-33.417520,151.348748,40.870000,0.700000,,,WIFI
10:7C:61:2F:9C:00,"Flores_2.5G",[WPA2_PSK],2026-08-08 06:53:57,5,2432,-91,-33.417520,151.348748,40.870000,0.700000,,,WIFI
D0:6D:C9:A0:06:A8,"Optus_A006A6",[WPA2_PSK],2026-08-08 06:53:57,6,2437,-91,-33.417520,151.348748,40.870000,0.700000,,,WIFI
DA:D8:E5:CF:1F:8E,"TelstraCF1F86",[WPA2_PSK],2026-08-08 06:53:57,1,2412,-92,-33.417520,151.348748,40.870000,0.700000,,,WIFI
46:D9:E7:59:63:C3,"Intuition Private Guest",[WPA2_PSK],2026-08-08 06:53:57,1,2412,-92,-33.417520,151.348748,40.870000,0.700000,,,WIFI
C8:14:51:1A:82:8C,"KATHMANDU",[WPA_WPA2_PSK],2026-08-08 06:53:57,10,2457,-92,-33.417520,151.348748,40.870000,0.700000,,,WIFI
00:11:32:A0:42:5C,"VALLEYHOME",[WPA2_PSK],2026-08-08 06:53:57,1,2412,-93,-33.417520,151.348748,40.870000,0.700000,,,WIFI
DA:D8:E5:C6:8C:D6,"TelstraC68CCE",[WPA2_PSK],2026-08-08 06:53:57,1,2412,-93,-33.417520,151.348748,40.870000,0.700000,,,WIFI
CC:32:E5:EB:E3:EB,"WIFI-E3EB",[WPA2_PSK],2026-08-08 06:53:57,3,2422,-93,-33.417520,151.348748,40.870000,0.700000,,,WIFI
48:D2:4F:49:33:AA,"Belong4933A4",[WPA2_PSK],2026-08-08 06:53:57,6,2437,-93,-33.417520,151.348748,40.870000,0.700000,,,WIFI
B8:FB:B3:68:A1:3A,"Bongo 2",[WPA2_PSK],2026-08-08 06:54:04,5,2432,-71,-33.418525,151.348510,41.020000,0.700000,,,WIFI
D0:DB:B7:A9:87:16,"NetComm 9639",[WPA2_WPA3_PSK],2026-08-08 06:54:04,11,2462,-73,-33.418525,151.348510,41.020000,0.700000,,,WIFI
B8:FB:B3:68:7E:D6,"Bongo 2",[WPA2_PSK],2026-08-08 06:54:04,5,2432,-74,-33.418525,151.348510,41.020000,0.700000,,,WIFI
B8:FB:B3:68:A1:22,"Bongo 2",[WPA2_PSK],2026-08-08 06:54:04,5,2432,-75,-33.418525,151.348510,41.020000,0.700000,,,WIFI
24:4B:FE:26:48:10,"Bongo",[WPA2_PSK],2026-08-08 06:54:04,4,2427,-80,-33.418525,151.348510,41.020000,0.700000,,,WIFI
34:0A:33:38:93:E0,"dlink-3893E0",[WPA_WPA2_PSK],2026-08-08 06:54:04,9,2452,-84,-33.418525,151.348510,41.020000,0.700000,,,WIFI
44:2A:8F:AD:52:52,"Solar-WiFi23AW0071",[WPA2_PSK],2026-08-08 06:54:04,10,2457,-87,-33.418525,151.348510,41.020000,0.700000,,,WIFI
6C:CD:D6:15:F5:D2,"Dave and Renae",[WPA2_PSK],2026-08-08 06:54:04,8,2447,-88,-33.418525,151.348510,41.020000,0.700000,,,WIFI
26:60:F9:81:1F:4D,"VX220-1F4C",[WPA2_PSK],2026-08-08 06:54:04,6,2437,-90,-33.418525,151.348510,41.020000,0.700000,,,WIFI
00:F8:CC:F2:22:8B,"OPTUS_F22289M",[WPA2_WPA3_PSK],2026-08-08 06:54:04,1,2412,-91,-33.418525,151.348510,41.020000,0.700000,,,WIFI
EC:FD:F8:CA:D1:94,"Solar-WiFi235W0081",[WPA2_PSK],2026-08-08 06:54:04,2,2417,-92,-33.418525,151.348510,41.020000,0.700000,,,WIFI
00:31:92:B9:A3:61,"WiFi-A361",[WPA2_PSK],2026-08-08 06:54:04,10,2457,-92,-33.418525,151.348510,41.020000,0.700000,,,WIFI
10:D7:B0:51:F0:2B,"Optus_51F029",[WPA2_PSK],2026-08-08 06:54:04,11,2462,-92,-33.418525,151.348510,41.020000,0.700000,,,WIFI
54:7E:1A:24:89:F6,"DG2144-89F4",[WPA2_PSK],2026-08-08 06:54:04,7,2442,-93,-33.418525,151.348510,41.020000,0.700000,,,WIFI
E6:CA:C4:1C:F4:66,"Gezanna4_Guest",[WPA2_PSK],2026-08-08 06:54:37,4,2427,-86,-33.422445,151.345878,60.550000,0.700000,,,WIFI
3C:6A:D2:09:10:D6,"NoName",[WPA2_PSK],2026-08-08 06:54:37,4,2427,-88,-33.422445,151.345878,60.550000,0.700000,,,WIFI
94:BA:06:19:C9:0D,"GHDVR80W_94ba0619c90d",[WPA2_PSK],2026-08-08 06:54:37,4,2427,-88,-33.422445,151.345878,60.550000,0.700000,,,WIFI
CC:40:D0:E5:E1:9D,"Telstra3849",[WPA2_PSK],2026-08-08 06:54:37,11,2462,-88,-33.422445,151.345878,60.550000,0.700000,,,WIFI
E6:AA:C4:1C:F4:66,"Gezanna4",[WPA2_PSK],2026-08-08 06:54:37,4,2427,-89,-33.422445,151.345878,60.550000,0.700000,,,WIFI
10:0C:6B:57:28:39,"ORBI75",[WPA2_PSK],2026-08-08 06:54:37,6,2437,-90,-33.422445,151.345878,60.550000,0.700000,,,WIFI
B4:63:6F:AE:5A:49,"NOKIA-5A40",[WPA2_PSK],2026-08-08 06:54:37,1,2412,-91,-33.422445,151.345878,60.550000,0.700000,,,WIFI
44:15:24:66:CA:84,"OPTUS_66CA82M",[WPA2_WPA3_PSK],2026-08-08 06:54:37,1,2412,-91,-33.422445,151.345878,60.550000,0.700000,,,WIFI
B4:63:6F:AD:E1:19,"NOKIA-E110",[WPA2_PSK],2026-08-08 06:54:37,1,2412,-91,-33.422445,151.345878,60.550000,0.700000,,,WIFI
30:91:8F:7B:0D:EB,"Telstra7B0DEB",[WPA2_PSK],2026-08-08 06:54:37,6,2437,-91,-33.422445,151.345878,60.550000,0.700000,,,WIFI
54:07:7D:1B:75:99,"NETGEAR96",[WPA2_PSK],2026-08-08 06:54:37,13,2472,-91,-33.422445,151.345878,60.550000,0.700000,,,WIFI
B4:63:6F:AE:55:79,"NOKIA-5570",[WPA2_PSK],2026-08-08 06:54:37,4,2427,-92,-33.422445,151.345878,60.550000,0.700000,,,WIFI
D0:DB:B7:C4:D8:AA,"Globe Smart PLDT",[WPA2_PSK],2026-08-08 06:54:37,11,2462,-93,-33.422445,151.345878,60.550000,0.700000,,,WIFI
A4:91:B1:D9:B6:F3,"iiNetD9B6F3",[WPA2_PSK],2026-08-08 06:54:42,1,2412,-76,-33.422945,151.345218,53.000000,0.700000,,,WIFI
B4:63:6F:AE:6D:D9,"NOKIA-6DD0",[WPA2_PSK],2026-08-08 06:54:42,1,2412,-86,-33.422945,151.345218,53.000000,0.700000,,,WIFI
B4:63:6F:AE:57:89,"NOKIA-5780",[WPA2_PSK],2026-08-08 06:54:42,1,2412,-87,-33.422945,151.345218,53.000000,0.700000,,,WIFI
A8:6E:84:C5:84:CE,"TP-Link_84CE",[WPA2_PSK],2026-08-08 06:54:42,2,2417,-87,-33.422945,151.345218,53.000000,0.700000,,,WIFI
F0:A7:31:CA:55:AB,"TP-Link_55AB",[WPA2_PSK],2026-08-08 06:54:42,2,2417,-88,-33.422945,151.345218,53.000000,0.700000,,,WIFI
50:D4:F7:B1:07:7A,"tpLink",[OPEN],2026-08-08 06:54:42,7,2442,-89,-33.422945,151.345218,53.000000,0.700000,,,WIFI
6A:DB:B7:63:13:D1,"Sajan' Guest",[OPEN],2026-08-08 06:54:42,1,2412,-90,-33.422945,151.345218,53.000000,0.700000,,,WIFI
B4:63:6F:AE:44:F9,"Barabashka 2.4GHz",[WPA2_PSK],2026-08-08 06:54:42,1,2412,-92,-33.422945,151.345218,53.000000,0.700000,,,WIFI
F8:CA:59:F3:BC:66,"NetComm 7568",[WPA2_PSK],2026-08-08 06:54:42,13,2472,-92,-33.422945,151.345218,53.000000,0.700000,,,WIFI
D0:DB:B7:A9:FB:91,"Health HQ",[WPA2_PSK],2026-08-08 06:54:50,11,2462,-89,-33.423920,151.344966,37.640000,0.700000,,,WIFI
B8:7B:D4:AD:57:2B,"Mable@9",[WPA2_PSK],2026-08-08 06:54:50,11,2462,-91,-33.423920,151.344966,37.640000,0.700000,,,WIFI
D8:44:89:4E:5D:1E,"mwns3000",[WPA2_PSK],2026-08-08 06:54:58,4,2427,-78,-33.424618,151.344801,26.830000,0.700000,,,WIFI
B4:63:6F:AE:5A:89,"NOKIA-5A80",[WPA2_PSK],2026-08-08 06:54:58,2,2417,-86,-33.424618,151.344801,26.830000,0.700000,,,WIFI
B4:63:6F:AE:51:29,"NOKIA-5120",[WPA2_PSK],2026-08-08 06:54:58,2,2417,-88,-33.424618,151.344801,26.830000,0.700000,,,WIFI
60:DE:F4:94:C5:8C,"DDPAI_FLQ67N",[WPA_WPA2_PSK],2026-08-08 06:54:58,3,2422,-88,-33.424618,151.344801,26.830000,0.700000,,,WIFI
B4:63:6F:AF:4A:F9,"NOKIA-4AF0",[WPA2_PSK],2026-08-08 06:54:58,1,2412,-89,-33.424618,151.344801,26.830000,0.700000,,,WIFI
B4:63:6F:AD:DF:89,"NOKIA-DF80",[WPA2_PSK],2026-08-08 06:54:58,1,2412,-90,-33.424618,151.344801,26.830000,0.700000,,,WIFI
AC:8B:A9:2E:E6:46,"SMG-Staff",[WPA2_PSK],2026-08-08 06:54:58,6,2437,-90,-33.424618,151.344801,26.830000,0.700000,,,WIFI
B4:63:6F:AF:28:19,"NOKIA-2810",[WPA2_PSK],2026-08-08 06:54:58,2,2417,-91,-33.424618,151.344801,26.830000,0.700000,,,WIFI
AE:8B:A9:1E:E6:46,"SpringMedical",[WPA2_PSK],2026-08-08 06:54:58,6,2437,-91,-33.424618,151.344801,26.830000,0.700000,,,WIFI
B4:63:6F:AE:0A:F9,"NOKIA-0AF0",[WPA2_PSK],2026-08-08 06:54:58,8,2447,-91,-33.424618,151.344801,26.830000,0.700000,,,WIFI
B4:63:6F:AF:52:29,"NOKIA-5220",[WPA2_PSK],2026-08-08 06:54:58,10,2457,-91,-33.424618,151.344801,26.830000,0.700000,,,WIFI
B4:63:6F:AE:20:B9,"NOKIA-20B0",[WPA2_PSK],2026-08-08 06:54:58,3,2422,-92,-33.424618,151.344801,26.830000,0.700000,,,WIFI
6E:63:F8:2A:6D:6A,"NDIS- Common",[WPA2_WPA3_PSK],2026-08-08 06:54:58,6,2437,-92,-33.424618,151.344801,26.830000,0.700000,,,WIFI
B4:63:6F:AE:85:C9,"NOKIA-85C0",[WPA2_PSK],2026-08-08 06:54:58,9,2452,-92,-33.424618,151.344801,26.830000,0.700000,,,WIFI
32:39:F9:33:35:C6,"Telstra3335C6",[WPA2_WPA3_PSK],2026-08-08 06:54:58,6,2437,-93,-33.424618,151.344801,26.830000,0.700000,,,WIFI
B4:63:6F:AE:4D:E9,"NOKIA-4DE0",[WPA2_PSK],2026-08-08 06:54:58,11,2462,-93,-33.424618,151.344801,26.830000,0.700000,,,WIFI
00:EE:AB:AF:F0:30,"MyLife",[WPA_WPA2_PSK],2026-08-08 06:54:58,11,2462,-93,-33.424618,151.344801,26.830000,0.700000,,,WIFI
E6:63:DA:B7:7F:52,"RySS_Guest",[WPA2_PSK],2026-08-08 06:55:06,1,2412,-83,-33.425072,151.344674,25.070000,0.700000,,,WIFI
B6:63:6F:9E:20:B9,"@Home",[WPA2_PSK],2026-08-08 06:55:06,3,2422,-91,-33.425072,151.344674,25.070000,0.700000,,,WIFI
AE:8B:A9:1E:E1:AA,"SpringMedical",[WPA2_PSK],2026-08-08 06:55:06,6,2437,-92,-33.425072,151.344674,25.070000,0.700000,,,WIFI
B4:63:6F:AE:0A:F9,"NOKIA-0AF0",[WPA2_PSK],2026-08-08 06:55:06,8,2447,-92,-33.425072,151.344674,25.070000,0.700000,,,WIFI
6C:B0:CE:14:72:A8,"SnapGosford_EXT",[WPA2_PSK],2026-08-08 06:55:06,11,2462,-92,-33.425072,151.344674,25.070000,0.700000,,,WIFI
B4:63:6F:AE:33:29,"NOKIA-3320",[WPA2_PSK],2026-08-08 06:55:06,1,2412,-93,-33.425072,151.344674,25.070000,0.700000,,,WIFI
B4:63:6F:AE:20:B9,"NOKIA-20B0",[WPA2_PSK],2026-08-08 06:55:06,3,2422,-93,-33.425072,151.344674,25.070000,0.700000,,,WIFI
3C:6A:D2:09:10:D6,"NoName",[WPA2_PSK],2026-08-08 06:55:06,4,2427,-94,-33.425072,151.344674,25.070000,0.700000,,,WIFI
32:39:F9:33:35:C6,"Telstra3335C6",[WPA2_WPA3_PSK],2026-08-08 06:55:06,6,2437,-94,-33.425072,151.344674,25.070000,0.700000,,,WIFI
14:A0:F8:8E:F4:FC,"WirelessNet",[WPA_WPA2_PSK],2026-08-08 06:55:15,11,2462,-86,-33.425057,151.344692,24.710000,1.000000,,,WIFI
E6:63:DA:B7:7F:52,"RySS_Guest",[WPA2_PSK],2026-08-08 06:55:15,1,2412,-87,-33.425057,151.344692,24.710000,1.000000,,,WIFI
B4:63:6F:AD:DD:19,"NOKIA-DD10",[WPA2_PSK],2026-08-08 06:55:15,7,2442,-87,-33.425057,151.344692,24.710000,1.000000,,,WIFI
44:15:24:66:CA:84,"OPTUS_66CA82M",[WPA2_WPA3_PSK],2026-08-08 06:55:15,1,2412,-89,-33.425057,151.344692,24.710000,1.000000,,,WIFI
B4:63:6F:AE:03:89,"NOKIA-0380",[WPA2_PSK],2026-08-08 06:55:15,11,2462,-91,-33.425057,151.344692,24.710000,1.000000,,,WIFI
E6:63:DA:BD:56:AF,"RySS_Guest",[WPA2_PSK],2026-08-08 06:55:15,1,2412,-92,-33.425057,151.344692,24.710000,1.000000,,,WIFI
B4:63:6F:AE:47:39,"NOKIA-4730",[WPA2_PSK],2026-08-08 06:55:15,11,2462,-93,-33.425057,151.344692,24.710000,1.000000,,,WIFI
32:3C:20:38:9E:86,"Telstra389E86",[WPA2_WPA3_PSK],2026-08-08 06:55:24,1,2412,-75,-33.425091,151.344671,24.610000,0.900000,,,WIFI
AE:8B:A9:1E:E6:46,"SpringMedical",[WPA2_PSK],2026-08-08 06:55:24,6,2437,-75,-33.425091,151.344671,24.610000,0.900000,,,WIFI
78:D2:94:5F:5F:19,"SnapGosford",[WPA2_PSK],2026-08-08 06:55:24,11,2462,-77,-33.425091,151.344671,24.610000,0.900000,,,WIFI
2C:C8:1B:A5:C3:75,"LifeHouse",[WPA_WPA2_PSK],2026-08-08 06:55:24,1,2412,-78,-33.425091,151.344671,24.610000,0.900000,,,WIFI
1C:D1:E0:7E:0C:86,"xb0104p1",[WPA2_PSK],2026-08-08 06:55:24,11,2462,-78,-33.425091,151.344671,24.610000,0.900000,,,WIFI
AC:8B:A9:2E:E6:46,"SMG-Staff",[WPA2_PSK],2026-08-08 06:55:24,6,2437,-79,-33.425091,151.344671,24.610000,0.900000,,,WIFI
FC:98:16:14:FA:50,"Smartphone_connect_14fa50",[WPA2_PSK],2026-08-08 06:55:24,6,2437,-80,-33.425091,151.344671,24.610000,0.900000,,,WIFI
B4:FB:E4:C1:64:48,"SMG-Staff",[WPA2_PSK],2026-08-08 06:55:24,6,2437,-82,-33.425091,151.344671,24.610000,0.900000,,,WIFI
28:70:4E:CB:FE:57,"SSID 5.0.2",[WPA2_WPA3_PSK],2026-08-08 06:55:24,1,2412,-83,-33.425091,151.344671,24.610000,0.900000,,,WIFI
00:EE:AB:AF:F0:30,"MyLife",[WPA_WPA2_PSK],2026-08-08 06:55:24,11,2462,-83,-33.425091,151.344671,24.610000,0.900000,,,WIFI
1C:D1:E0:7E:0C:8A,"zb0104p1",[WPA2_PSK],2026-08-08 06:55:24,11,2462,-83,-33.425091,151.344671,24.610000,0.900000,,,WIFI
B4:63:6F:AD:D5:19,"NOKIA-D510",[WPA2_PSK],2026-08-08 06:55:24,2,2417,-85,-33.425091,151.344671,24.610000,0.900000,,,WIFI
BA:FB:E4:C1:95:A3,"SpringMedical",[WPA2_PSK],2026-08-08 06:55:24,6,2437,-85,-33.425091,151.344671,24.610000,0.900000,,,WIFI
1C:D1:E0:7E:0C:83,"WOWOPS3",[WPA2_PSK],2026-08-08 06:55:24,11,2462,-85,-33.425091,151.344671,24.610000,0.900000,,,WIFI
1C:D1:E0:7E:0C:8B,"zg0104p1",[WPA2_PSK],2026-08-08 06:55:24,11,2462,-85,-33.425091,151.344671,24.610000,0.900000,,,WIFI
BA:FB:E4:C1:64:48,"SpringMedical",[WPA2_PSK],2026-08-08 06:55:24,6,2437,-86,-33.425091,151.344671,24.610000,0.900000,,,WIFI
1C:D1:E0:7E:0C:81,"EDGOPS3",[WPA2_PSK],2026-08-08 06:55:24,11,2462,-86,-33.425091,151.344671,24.610000,0.900000,,,WIFI
1C:D1:E0:7E:0C:8C,"Vendor_WLAN",[WPA2_PSK],2026-08-08 06:55:24,11,2462,-86,-33.425091,151.344671,24.610000,0.900000,,,WIFI
1C:D1:E0:8E:19:81,"EDGOPS3",[WPA2_PSK],2026-08-08 06:55:24,1,2412,-87,-33.425091,151.344671,24.610000,0.900000,,,WIFI
B4:63:6F:AF:28:19,"NOKIA-2810",[WPA2_PSK],2026-08-08 06:55:24,2,2417,-87,-33.425091,151.344671,24.610000,0.900000,,,WIFI
74:FE:CE:31:F0:A1,"TP-Link_F0A1",[WPA2_PSK],2026-08-08 06:55:24,8,2447,-87,-33.425091,151.344671,24.610000,0.900000,,,WIFI
B4:63:6F:AE:84:39,"NOKIA-8430",[WPA2_PSK],2026-08-08 06:55:24,1,2412,-88,-33.425091,151.344671,24.610000,0.900000,,,WIFI
1C:D1:E0:8E:19:83,"WOWOPS3",[WPA2_PSK],2026-08-08 06:55:24,1,2412,-88,-33.425091,151.344671,24.610000,0.900000,,,WIFI
2E:87:BA:B8:2A:6A,"Joslan",[WPA2_PSK],2026-08-08 06:55:24,2,2417,-88,-33.425091,151.344671,24.610000,0.900000,,,WIFI
B8:7B:D4:AD:46:4B,"Mable@9",[WPA2_PSK],2026-08-08 06:55:24,6,2437,-88,-33.425091,151.344671,24.610000,0.900000,,,WIFI
24:E4:CE:95:14:2E,"DG2144-142C",[WPA2_PSK],2026-08-08 06:55:24,6,2437,-88,-33.425091,151.344671,24.610000,0.900000,,,WIFI
B4:FB:E4:C1:95:A3,"SMG-Staff",[WPA2_PSK],2026-08-08 06:55:24,6,2437,-89,-33.425091,151.344671,24.610000,0.900000,,,WIFI
88:3B:DC:30:9A:7C,"DVR_9a7c",[WPA2_PSK],2026-08-08 06:55:24,11,2462,-89,-33.425091,151.344671,24.610000,0.900000,,,WIFI
40:7D:0F:2F:F0:50,"WirelessNet",[WPA_WPA2_PSK],2026-08-08 06:55:24,1,2412,-90,-33.425091,151.344671,24.610000,0.900000,,,WIFI
34:19:4D:05:2E:C4,"Telstra052EC0",[WPA2_WPA3_PSK],2026-08-08 06:55:24,7,2442,-90,-33.425091,151.344671,24.610000,0.900000,,,WIFI
1C:BF:CE:F4:18:04,"faeff3aa",[WPA2_PSK],2026-08-08 06:55:24,1,2412,-91,-33.425091,151.344671,24.610000,0.900000,,,WIFI
3C:E8:24:4E:C8:10,"WirelessNet",[WPA_WPA2_PSK],2026-08-08 06:55:24,2,2417,-91,-33.425091,151.344671,24.610000,0.900000,,,WIFI
AC:8B:A9:2E:E1:AA,"SMG-Staff",[WPA2_PSK],2026-08-08 06:55:24,6,2437,-91,-33.425091,151.344671,24.610000,0.900000,,,WIFI
40:7D:0F:30:1A:E0,"WirelessNet",[WPA_WPA2_PSK],2026-08-08 06:55:24,11,2462,-91,-33.425091,151.344671,24.610000,0.900000,,,WIFI
B4:63:6F:AF:26:F9,"NOKIA-26F0",[WPA2_PSK],2026-08-08 06:55:24,8,2447,-92,-33.425091,151.344671,24.610000,0.900000,,,WIFI
6C:4C:BC:BE:95:BC,"Police_Surveillance",[WPA2_PSK],2026-08-08 06:55:24,11,2462,-93,-33.425091,151.344671,24.610000,0.900000,,,WIFI
32:39:F9:F5:26:76,"TelstraF52676",[WPA2_WPA3_PSK],2026-08-08 06:55:41,8,2447,-83,-33.426570,151.344379,24.990000,0.700000,,,WIFI
2A:70:4E:17:7B:31,"Conditsis-Staff-Gos",[WPA2_PSK],2026-08-08 06:55:41,11,2462,-85,-33.426570,151.344379,24.990000,0.700000,,,WIFI
4E:D5:ED:E7:A8:86,"TelstraE7A886",[WPA2_WPA3_PSK],2026-08-08 06:55:41,1,2412,-86,-33.426570,151.344379,24.990000,0.700000,,,WIFI
18:E8:29:FE:40:A1,"GUCmedia",[WPA2_PSK],2026-08-08 06:55:41,6,2437,-86,-33.426570,151.344379,24.990000,0.700000,,,WIFI
74:AC:B9:61:93:1A,"Conditsis-Staff-Gos",[WPA2_PSK],2026-08-08 06:55:41,6,2437,-87,-33.426570,151.344379,24.990000,0.700000,,,WIFI
B4:63:6F:AE:45:A9,"NOKIA-45A0",[WPA2_PSK],2026-08-08 06:55:41,1,2412,-88,-33.426570,151.344379,24.990000,0.700000,,,WIFI
B4:63:6F:AD:D3:D9,"NOKIA-D3D0",[WPA2_PSK],2026-08-08 06:55:41,1,2412,-88,-33.426570,151.344379,24.990000,0.700000,,,WIFI
B4:63:6F:AD:D4:A9,"NOKIA-D4A0",[WPA2_PSK],2026-08-08 06:55:41,11,2462,-88,-33.426570,151.344379,24.990000,0.700000,,,WIFI
8A:15:04:58:65:F0,"Meraki Setup",[OPEN],2026-08-08 06:55:41,1,2412,-89,-33.426570,151.344379,24.990000,0.700000,,,WIFI
38:BC:01:7B:00:6C,"WirelessNet",[WPA_WPA2_PSK],2026-08-08 06:55:41,1,2412,-89,-33.426570,151.344379,24.990000,0.700000,,,WIFI
E0:B6:68:9C:D2:D8,"Eternal Fresh 2.4G",[WPA2_PSK],2026-08-08 06:55:41,4,2427,-89,-33.426570,151.344379,24.990000,0.700000,,,WIFI
34:19:4D:02:DE:C8,"Telstra02DEC4",[WPA2_WPA3_PSK],2026-08-08 06:55:41,4,2427,-89,-33.426570,151.344379,24.990000,0.700000,,,WIFI
B4:63:6F:AE:53:09,"NOKIA-5300",[WPA2_PSK],2026-08-08 06:55:41,8,2447,-89,-33.426570,151.344379,24.990000,0.700000,,,WIFI
B4:63:6F:AE:52:B9,"NOKIA-52B0",[WPA2_PSK],2026-08-08 06:55:41,8,2447,-89,-33.426570,151.344379,24.990000,0.700000,,,WIFI
B4:63:6F:AD:D5:C9,"NOKIA-D5C0",[WPA2_PSK],2026-08-08 06:55:41,9,2452,-89,-33.426570,151.344379,24.990000,0.700000,,,WIFI
60:DE:F3:8B:E2:B0,"WirelessNet",[WPA_WPA2_PSK],2026-08-08 06:55:41,9,2452,-89,-33.426570,151.344379,24.990000,0.700000,,,WIFI
04:B0:E7:1F:A4:64,"WirelessNet",[WPA_WPA2_PSK],2026-08-08 06:55:41,11,2462,-89,-33.426570,151.344379,24.990000,0.700000,,,WIFI
AC:B6:87:8C:7F:5B,"OPTUS_8C7F58N",[WPA2_WPA3_PSK],2026-08-08 06:55:41,11,2462,-89,-33.426570,151.344379,24.990000,0.700000,,,WIFI
5A:07:7D:25:04:75,"ORBI05",[WPA2_PSK],2026-08-08 06:55:41,3,2422,-90,-33.426570,151.344379,24.990000,0.700000,,,WIFI
1E:E8:29:FE:40:A1,"Uniting Church - Guest",[WPA2_PSK],2026-08-08 06:55:41,6,2437,-90,-33.426570,151.344379,24.990000,0.700000,,,WIFI
F6:E2:C6:12:C4:1D,"Conditsis-Staff-Gos",[WPA2_PSK],2026-08-08 06:55:41,11,2462,-90,-33.426570,151.344379,24.990000,0.700000,,,WIFI
58:F9:87:86:F4:4C,"WirelessNet",[WPA_WPA2_PSK],2026-08-08 06:55:41,11,2462,-90,-33.426570,151.344379,24.990000,0.700000,,,WIFI
B4:63:6F:AF:4A:F9,"NOKIA-4AF0",[WPA2_PSK],2026-08-08 06:55:41,1,2412,-91,-33.426570,151.344379,24.990000,0.700000,,,WIFI
16:18:0A:04:FB:26,"Free Telstra Wi-Fi",[OPEN],2026-08-08 06:55:41,1,2412,-91,-33.426570,151.344379,24.990000,0.700000,,,WIFI
B4:63:6F:AD:CA:99,"NOKIA-CA90",[WPA2_PSK],2026-08-08 06:55:41,4,2427,-91,-33.426570,151.344379,24.990000,0.700000,,,WIFI
B8:FB:B3:65:74:FB,"Origin_6574FB",[WPA2_PSK],2026-08-08 06:55:41,10,2457,-91,-33.426570,151.344379,24.990000,0.700000,,,WIFI
22:E8:29:FE:40:A1,"Uniting Church",[WPA2_PSK],2026-08-08 06:55:41,6,2437,-92,-33.426570,151.344379,24.990000,0.700000,,,WIFI
D0:DB:B7:A9:FB:91,"Health HQ",[WPA2_PSK],2026-08-08 06:55:41,11,2462,-92,-33.426570,151.344379,24.990000,0.700000,,,WIFI
34:98:B5:D4:D0:17,"SA",[WPA2_PSK],2026-08-08 06:55:41,8,2447,-95,-33.426570,151.344379,24.990000,0.700000,,,WIFI
B4:63:6F:AE:33:09,"NOKIA-3300",[WPA2_PSK],2026-08-08 06:55:46,1,2412,-86,-33.427048,151.344268,24.340000,0.800000,,,WIFI
AC:A3:1E:F5:77:41,"NSWPFGuest",[OPEN],2026-08-08 06:55:55,6,2437,-89,-33.427189,151.344250,25.860000,0.700000,,,WIFI
C8:99:B2:FC:8D:1A,"TelstraFC8D16",[WPA2_WPA3_PSK],2026-08-08 06:55:55,3,2422,-90,-33.427189,151.344250,25.860000,0.700000,,,WIFI
4A:E5:FC:7D:5C:AD,"A3L-23-06706",[WPA2_PSK],2026-08-08 06:55:55,8,2447,-91,-33.427189,151.344250,25.860000,0.700000,,,WIFI
B6:63:6F:9E:20:B9,"@Home",[WPA2_PSK],2026-08-08 06:55:55,3,2422,-93,-33.427189,151.344250,25.860000,0.700000,,,WIFI
F4:B8:5E:F4:FF:3E,"SMA3002968153",[WPA2_PSK],2026-08-08 06:56:03,6,2437,-87,-33.427196,151.344256,25.150000,0.800000,,,WIFI
5A:07:7D:25:6C:12,"ORBI05",[WPA2_PSK],2026-08-08 06:56:03,3,2422,-89,-33.427196,151.344256,25.150000,0.800000,,,WIFI
16:49:BC:4F:53:E8,"GEC",[WPA2_PSK],2026-08-08 06:56:03,6,2437,-89,-33.427196,151.344256,25.150000,0.800000,,,WIFI
14:49:BC:01:22:28,"HudsonLaw",[WPA2_PSK],2026-08-08 06:56:03,6,2437,-91,-33.427196,151.344256,25.150000,0.800000,,,WIFI
B4:63:6F:AE:1D:39,"NOKIA-1D30",[WPA2_PSK],2026-08-08 06:56:03,8,2447,-91,-33.427196,151.344256,25.150000,0.800000,,,WIFI
F6:E2:C6:15:97:31,"Conditsis-Staff-Gos",[WPA2_PSK],2026-08-08 06:56:03,6,2437,-93,-33.427196,151.344256,25.150000,0.800000,,,WIFI
2A:70:4E:17:7E:1D,"Conditsis-Staff-Gos",[WPA2_PSK],2026-08-08 06:56:12,11,2462,-81,-33.427196,151.344261,24.430000,0.800000,,,WIFI
B4:63:6F:AD:FC:59,"NOKIA-FC50",[WPA2_PSK],2026-08-08 06:56:12,1,2412,-86,-33.427196,151.344261,24.430000,0.800000,,,WIFI
CC:6C:52:0A:D1:DF,"NetComm 9994",[WPA2_WPA3_PSK],2026-08-08 06:56:12,11,2462,-89,-33.427196,151.344261,24.430000,0.800000,,,WIFI
AC:B6:87:F2:4B:EB,"OPTUS_F24BE8N",[WPA2_WPA3_PSK],2026-08-08 06:56:12,6,2437,-91,-33.427196,151.344261,24.430000,0.800000,,,WIFI
B4:63:6F:AE:85:C9,"NOKIA-85C0",[WPA2_PSK],2026-08-08 06:56:12,9,2452,-91,-33.427196,151.344261,24.430000,0.800000,,,WIFI
36:A8:F7:21:78:91,"Yoda",[WPA2_PSK],2026-08-08 06:56:12,11,2462,-92,-33.427196,151.344261,24.430000,0.800000,,,WIFI
B4:63:6F:AE:76:99,"NOKIA-7690",[WPA2_PSK],2026-08-08 06:56:12,11,2462,-93,-33.427196,151.344261,24.430000,0.800000,,,WIFI
B4:63:6F:AE:4D:E9,"NOKIA-4DE0",[WPA2_PSK],2026-08-08 06:56:12,11,2462,-93,-33.427196,151.344261,24.430000,0.800000,,,WIFI
14:36:0E:C7:14:09,"OPTUS_C71408L",[WPA2_WPA3_PSK],2026-08-08 06:56:21,11,2462,-85,-33.427652,151.344135,27.160000,0.800000,,,WIFI
B4:63:6F:AE:4B:69,"NOKIA-4B60",[WPA2_PSK],2026-08-08 06:56:21,3,2422,-86,-33.427652,151.344135,27.160000,0.800000,,,WIFI
B4:63:6F:AE:4D:99,"NOKIA-4D90",[WPA2_PSK],2026-08-08 06:56:21,1,2412,-88,-33.427652,151.344135,27.160000,0.800000,,,WIFI
D0:DB:B7:AE:62:DE,"Aussie Broadband 8499",[WPA2_PSK],2026-08-08 06:56:21,11,2462,-89,-33.427652,151.344135,27.160000,0.800000,,,WIFI
B4:63:6F:AD:F8:B9,"NOKIA-F8B0",[WPA2_PSK],2026-08-08 06:56:21,1,2412,-90,-33.427652,151.344135,27.160000,0.800000,,,WIFI
B4:63:6F:AF:52:29,"NOKIA-5220",[WPA2_PSK],2026-08-08 06:56:21,10,2457,-92,-33.427652,151.344135,27.160000,0.800000,,,WIFI
EC:6C:9A:B8:0E:19,"TelstraB80E17",[WPA2_WPA3_PSK],2026-08-08 06:56:38,12,2467,-73,-33.428818,151.342619,38.610000,0.700000,,,WIFI
BC:D5:ED:5D:0D:92,"OPTUS_5D0D90M",[WPA2_WPA3_PSK],2026-08-08 06:56:38,1,2412,-76,-33.428818,151.342619,38.610000,0.700000,,,WIFI
32:39:F9:01:B8:16,"Telstra01B816",[WPA2_WPA3_PSK],2026-08-08 06:56:38,6,2437,-77,-33.428818,151.342619,38.610000,0.700000,,,WIFI
54:1F:8D:2E:AC:DD,"LetsConnect!!",[WPA2_WPA3_PSK],2026-08-08 06:56:38,11,2462,-78,-33.428818,151.342619,38.610000,0.700000,,,WIFI
30:91:8F:17:C8:6D,"Telstra17C86D",[WPA2_PSK],2026-08-08 06:56:38,11,2462,-78,-33.428818,151.342619,38.610000,0.700000,,,WIFI
52:39:F9:FA:07:36,"TelstraFA0736_Guest",[WPA2_PSK],2026-08-08 06:56:38,1,2412,-79,-33.428818,151.342619,38.610000,0.700000,,,WIFI
32:39:F9:FA:07:36,"TelstraFA0736 2.4G",[WPA2_WPA3_PSK],2026-08-08 06:56:38,1,2412,-80,-33.428818,151.342619,38.610000,0.700000,,,WIFI
20:E1:5D:72:47:C1,"DANI",[WPA2_WPA3_PSK],2026-08-08 06:56:38,2,2417,-80,-33.428818,151.342619,38.610000,0.700000,,,WIFI
FE:D3:62:06:E1:70,"WiFi-06E177",[WPA2_PSK],2026-08-08 06:56:38,3,2422,-80,-33.428818,151.342619,38.610000,0.700000,,,WIFI
70:3E:76:11:13:C3,"OPTUS_1113C0N",[WPA2_WPA3_PSK],2026-08-08 06:56:38,6,2437,-80,-33.428818,151.342619,38.610000,0.700000,,,WIFI
22:6A:D2:3C:77:B2,"WiFi-3C77B1",[WPA2_PSK],2026-08-08 06:56:38,3,2422,-81,-33.428818,151.342619,38.610000,0.700000,,,WIFI
2A:74:F5:1D:2B:F2,"NOKIA-2BE7-2",[WPA2_PSK],2026-08-08 06:56:38,11,2462,-81,-33.428818,151.342619,38.610000,0.700000,,,WIFI
10:2B:AA:D3:21:40,"OPTUS_D3213EM",[WPA2_WPA3_PSK],2026-08-08 06:56:38,11,2462,-82,-33.428818,151.342619,38.610000,0.700000,,,WIFI
62:D8:A4:97:95:C9,"Telstra9795C1",[WPA2_PSK],2026-08-08 06:56:38,1,2412,-83,-33.428818,151.342619,38.610000,0.700000,,,WIFI
D0:DB:B7:CC:DA:A6,"NetComm 8482",[WPA2_WPA3_PSK],2026-08-08 06:56:38,1,2412,-84,-33.428818,151.342619,38.610000,0.700000,,,WIFI
B2:A7:B9:86:24:19,"WiFi-862418",[WPA2_WPA3_PSK],2026-08-08 06:56:38,5,2432,-84,-33.428818,151.342619,38.610000,0.700000,,,WIFI
84:78:48:84:74:E9,"Aotearoau ",[WPA2_PSK],2026-08-08 06:56:38,6,2437,-84,-33.428818,151.342619,38.610000,0.700000,,,WIFI
34:19:4D:05:14:36,"Telstra051432",[WPA2_WPA3_PSK],2026-08-08 06:56:38,9,2452,-84,-33.428818,151.342619,38.610000,0.700000,,,WIFI
28:74:F5:6D:2B:F2,"NOKIA-2BE7",[WPA2_WPA3_PSK],2026-08-08 06:56:38,11,2462,-84,-33.428818,151.342619,38.610000,0.700000,,,WIFI
54:07:7D:21:11:48,"NETGEAR76",[WPA2_PSK],2026-08-08 06:56:38,12,2467,-84,-33.428818,151.342619,38.610000,0.700000,,,WIFI
82:30:D9:A9:46:B4,"Telstra_A946B1_2G_Guest",[WPA2_PSK],2026-08-08 06:56:38,1,2412,-85,-33.428818,151.342619,38.610000,0.700000,,,WIFI
B8:FB:B3:D3:8A:8F,"Zoooooo",[WPA2_PSK],2026-08-08 06:56:38,8,2447,-85,-33.428818,151.342619,38.610000,0.700000,,,WIFI
BC:30:D9:A9:46:B3,"TelstraA946B1",[WPA2_PSK],2026-08-08 06:56:38,1,2412,-86,-33.428818,151.342619,38.610000,0.700000,,,WIFI
30:DE:4B:9C:4B:FD,"TP-Link_4BFD",[WPA2_PSK],2026-08-08 06:56:38,3,2422,-86,-33.428818,151.342619,38.610000,0.700000,,,WIFI
CE:9E:43:89:07:0A,"TP LINK 5G",[WPA2_PSK],2026-08-08 06:56:38,3,2422,-86,-33.428818,151.342619,38.610000,0.700000,,,WIFI
6C:63:F8:6A:6D:6A,"NDIS-Carers",[WPA2_PSK],2026-08-08 06:56:38,6,2437,-86,-33.428818,151.342619,38.610000,0.700000,,,WIFI
50:3D:D1:4F:EE:09,"Origin_4FEE09",[WPA2_PSK],2026-08-08 06:56:38,9,2452,-86,-33.428818,151.342619,38.610000,0.700000,,,WIFI
34:19:4D:00:8E:9C,"Telstra008E98",[WPA2_WPA3_PSK],2026-08-08 06:56:38,1,2412,-87,-33.428818,151.342619,38.610000,0.700000,,,WIFI
CE:9E:43:89:07:1F,"TP LINK 5G",[WPA2_PSK],2026-08-08 06:56:38,3,2422,-87,-33.428818,151.342619,38.610000,0.700000,,,WIFI
4A:A6:E6:7C:45:AC,"Lord Buddha",[WPA2_PSK],2026-08-08 06:56:38,3,2422,-87,-33.428818,151.342619,38.610000,0.700000,,,WIFI
C0:3A:55:A0:22:03,"TP-Link_2204",[WPA2_PSK],2026-08-08 06:56:38,10,2457,-87,-33.428818,151.342619,38.610000,0.700000,,,WIFI
FA:8F:CA:6B:46:3F,"Kitchen display.BA85.w,",[OPEN],2026-08-08 06:56:38,11,2462,-87,-33.428818,151.342619,38.610000,0.700000,,,WIFI
D0:6F:82:2C:2C:B4,"DODO-2CAC",[WPA_WPA2_PSK],2026-08-08 06:56:38,4,2427,-88,-33.428818,151.342619,38.610000,0.700000,,,WIFI
6C:5A:B0:20:31:BB,"NOKIA-1670_EXT",[WPA2_PSK],2026-08-08 06:56:38,4,2427,-88,-33.428818,151.342619,38.610000,0.700000,,,WIFI
98:39:10:3D:00:ED,"SmartVacuum2g",[WPA2_PSK],2026-08-08 06:56:38,6,2437,-88,-33.428818,151.342619,38.610000,0.700000,,,WIFI
6E:63:F8:2A:6D:6A,"NDIS- Common",[WPA2_WPA3_PSK],2026-08-08 06:56:38,6,2437,-88,-33.428818,151.342619,38.610000,0.700000,,,WIFI
C8:99:B2:FD:2F:D4,"TelstraFD2FD0",[WPA2_WPA3_PSK],2026-08-08 06:56:38,8,2447,-88,-33.428818,151.342619,38.610000,0.700000,,,WIFI
B4:63:6F:AF:11:B9,"NOKIA-11B0",[WPA2_PSK],2026-08-08 06:56:38,10,2457,-88,-33.428818,151.342619,38.610000,0.700000,,,WIFI
C0:FD:84:C1:94:5B,"EXETEL C1945B 2.4G",[WPA2_PSK],2026-08-08 06:56:38,1,2412,-89,-33.428818,151.342619,38.610000,0.700000,,,WIFI
B4:63:6F:AE:30:F9,"NOKIA-30F0",[WPA2_PSK],2026-08-08 06:56:38,2,2417,-89,-33.428818,151.342619,38.610000,0.700000,,,WIFI
78:C1:A7:27:CC:76,"ZTE_H268A27CC76",[WPA2_PSK],2026-08-08 06:56:38,3,2422,-89,-33.428818,151.342619,38.610000,0.700000,,,WIFI
6E:63:F8:3A:6D:6A,"MyLife Housing",[WPA2_WPA3_PSK],2026-08-08 06:56:38,6,2437,-89,-33.428818,151.342619,38.610000,0.700000,,,WIFI
0C:EF:15:70:3F:12,"TP-Link_3F14",[WPA2_PSK],2026-08-08 06:56:38,6,2437,-89,-33.428818,151.342619,38.610000,0.700000,,,WIFI
CC:2D:21:C1:48:A1,"Tenda_C148A0",[OPEN],2026-08-08 06:56:38,9,2452,-89,-33.428818,151.342619,38.610000,0.700000,,,WIFI
B4:63:6F:AE:3A:59,"NOKIA-3A50",[WPA2_PSK],2026-08-08 06:56:38,1,2412,-90,-33.428818,151.342619,38.610000,0.700000,,,WIFI
A8:6E:84:E8:A2:CA,"TP-Link_A2CA",[WPA2_PSK],2026-08-08 06:56:38,2,2417,-90,-33.428818,151.342619,38.610000,0.700000,,,WIFI
8C:68:C8:B5:F3:B8,"EXETEL B5F3B8 2.4G",[WPA2_PSK],2026-08-08 06:56:38,7,2442,-90,-33.428818,151.342619,38.610000,0.700000,,,WIFI
C8:99:B2:FA:77:C8,"TelstraFA77C4",[WPA2_WPA3_PSK],2026-08-08 06:56:38,8,2447,-90,-33.428818,151.342619,38.610000,0.700000,,,WIFI
DA:BA:5F:C8:5C:BF,"Bear IOT Network 2G",[WPA2_PSK],2026-08-08 06:56:38,10,2457,-90,-33.428818,151.342619,38.610000,0.700000,,,WIFI
A2:C9:EB:32:49:AF,"ORBI76",[WPA2_PSK],2026-08-08 06:56:38,3,2422,-91,-33.428818,151.342619,38.610000,0.700000,,,WIFI
D8:47:32:B4:EA:87,"WiFi-EA87",[WPA2_PSK],2026-08-08 06:56:38,4,2427,-91,-33.428818,151.342619,38.610000,0.700000,,,WIFI
8A:BA:5F:FD:2E:25,"VX420-2E24",[WPA2_PSK],2026-08-08 06:56:38,6,2437,-91,-33.428818,151.342619,38.610000,0.700000,,,WIFI
B8:FB:B3:65:94:48,"Origin_659448",[WPA2_PSK],2026-08-08 06:56:38,8,2447,-91,-33.428818,151.342619,38.610000,0.700000,,,WIFI
B4:63:6F:AE:AB:29,"Aruanda 2.4GHz",[WPA2_PSK],2026-08-08 06:56:38,9,2452,-91,-33.428818,151.342619,38.610000,0.700000,,,WIFI
D0:DB:B7:63:7B:AB,"NetComm 3244",[WPA2_WPA3_PSK],2026-08-08 06:56:38,1,2412,-92,-33.428818,151.342619,38.610000,0.700000,,,WIFI
2C:30:33:4C:AF:C8,"NTGR_VMB_1406851653",[WPA2_PSK],2026-08-08 06:56:38,11,2462,-92,-33.428818,151.342619,38.610000,0.700000,,,WIFI
00:5F:67:D1:FA:06,"BarbaraM",[WPA2_PSK],2026-08-08 06:56:43,3,2422,-72,-33.429478,151.342613,39.410000,0.700000,,,WIFI
4C:22:F3:C2:D7:43,"OPTUS_C2D740N",[WPA2_WPA3_PSK],2026-08-08 06:56:43,1,2412,-78,-33.429478,151.342613,39.410000,0.700000,,,WIFI
A2:B5:3C:7F:06:F9,"Go Away",[WPA2_PSK],2026-08-08 06:56:43,12,2467,-81,-33.429478,151.342613,39.410000,0.700000,,,WIFI
A4:FC:A1:89:0E:C9,"NOKIA-0EC0",[WPA2_PSK],2026-08-08 06:56:43,2,2417,-85,-33.429478,151.342613,39.410000,0.700000,,,WIFI
00:5F:67:D1:FA:CA,"BarbaraM",[WPA2_PSK],2026-08-08 06:56:43,3,2422,-86,-33.429478,151.342613,39.410000,0.700000,,,WIFI
D4:35:1D:AF:F2:A5,"Stranger Danger",[WPA2_PSK],2026-08-08 06:56:43,9,2452,-87,-33.429478,151.342613,39.410000,0.700000,,,WIFI
0C:EF:15:A6:32:DA,"Kogan_7EEB_2.4G_EXT",[WPA2_PSK],2026-08-08 06:56:43,1,2412,-88,-33.429478,151.342613,39.410000,0.700000,,,WIFI
98:48:27:23:7E:EB,"Kogan_7EEB_2.4G",[WPA2_PSK],2026-08-08 06:56:43,1,2412,-89,-33.429478,151.342613,39.410000,0.700000,,,WIFI
5C:A6:E6:6E:18:E8,"TP-Link_18E8",[WPA2_PSK],2026-08-08 06:56:43,3,2422,-89,-33.429478,151.342613,39.410000,0.700000,,,WIFI
76:AA:C0:22:68:E3,"LS24ORANALINK04",[WPA2_PSK],2026-08-08 06:56:43,1,2412,-90,-33.429478,151.342613,39.410000,0.700000,,,WIFI
B4:63:6F:AE:CD:F9,"Gosford Guest WiFi",[WPA2_PSK],2026-08-08 06:56:43,1,2412,-90,-33.429478,151.342613,39.410000,0.700000,,,WIFI
20:B0:01:E5:7F:6B,"Vodafone2.4G-57F6A",[WPA2_PSK],2026-08-08 06:56:43,1,2412,-91,-33.429478,151.342613,39.410000,0.700000,,,WIFI
46:94:ED:16:2D:DC,"Guinness-Guest",[WPA2_PSK],2026-08-08 06:56:43,8,2447,-91,-33.429478,151.342613,39.410000,0.700000,,,WIFI
46:94:ED:16:13:74,"Guinness-Guest",[WPA2_PSK],2026-08-08 06:56:43,8,2447,-91,-33.429478,151.342613,39.410000,0.700000,,,WIFI
3E:94:ED:16:13:74,"Guinness",[WPA2_PSK],2026-08-08 06:56:43,8,2447,-91,-33.429478,151.342613,39.410000,0.700000,,,WIFI
3E:94:ED:16:2D:DC,"Guinness",[WPA2_PSK],2026-08-08 06:56:43,8,2447,-93,-33.429478,151.342613,39.410000,0.700000,,,WIFI
84:A3:29:A9:C7:9B,"OPTUS_A9C798N",[WPA2_WPA3_PSK],2026-08-08 06:56:52,1,2412,-76,-33.430648,151.342681,43.570000,0.700000,,,WIFI
30:91:8F:29:D0:31,"Telstra29D031",[WPA2_PSK],2026-08-08 06:56:52,1,2412,-83,-33.430648,151.342681,43.570000,0.700000,,,WIFI
A4:6B:1F:2D:18:C5,"ellaghome",[WPA2_PSK],2026-08-08 06:56:52,6,2437,-83,-33.430648,151.342681,43.570000,0.700000,,,WIFI
BC:30:D9:B3:A9:F5,"TelstraB3A9F3",[WPA2_PSK],2026-08-08 06:56:52,13,2472,-83,-33.430648,151.342681,43.570000,0.700000,,,WIFI
6E:15:DB:18:BF:35,"WIFI-H375MPN-2.4G-guest",[WPA2_WPA3_PSK],2026-08-08 06:56:52,10,2457,-84,-33.430648,151.342681,43.570000,0.700000,,,WIFI
EE:48:B8:1A:0B:A2,"WiFi-1A0BA1",[WPA2_PSK],2026-08-08 06:56:52,1,2412,-86,-33.430648,151.342681,43.570000,0.700000,,,WIFI
6C:15:DB:28:BF:35,"WIFI-H375MPN",[WPA2_WPA3_PSK],2026-08-08 06:56:52,10,2457,-86,-33.430648,151.342681,43.570000,0.700000,,,WIFI
80:3F:5D:31:94:4C,"BelongRGACCCDC_EXT",[WPA2_PSK],2026-08-08 06:56:52,12,2467,-87,-33.430648,151.342681,43.570000,0.700000,,,WIFI
3C:31:74:9D:37:04,"SavageNet",[WPA2_PSK],2026-08-08 06:56:52,1,2412,-88,-33.430648,151.342681,43.570000,0.700000,,,WIFI
D0:DB:B7:C0:A5:D5,"NetComm 2879",[WPA2_WPA3_PSK],2026-08-08 06:56:52,1,2412,-91,-33.430648,151.342681,43.570000,0.700000,,,WIFI
DA:D8:E5:B4:2D:38,"TelstraB42D30",[WPA2_PSK],2026-08-08 06:56:52,12,2467,-93,-33.430648,151.342681,43.570000,0.700000,,,WIFI
8C:DD:0B:95:4D:45,"Thousand",[WPA2_PSK],2026-08-08 06:57:01,6,2437,-72,-33.431339,151.343848,39.520000,0.700000,,,WIFI
4E:D5:ED:E9:D3:36,"TelstraE9D336",[WPA2_WPA3_PSK],2026-08-08 06:57:01,2,2417,-76,-33.431339,151.343848,39.520000,0.700000,,,WIFI
BC:30:D9:C6:C0:B7,"TelstraC6C0B5",[WPA2_PSK],2026-08-08 06:57:01,11,2462,-76,-33.431339,151.343848,39.520000,0.700000,,,WIFI
D6:92:5E:A9:2F:B4,"TelstraA92FAC",[WPA2_PSK],2026-08-08 06:57:01,11,2462,-76,-33.431339,151.343848,39.520000,0.700000,,,WIFI
9C:97:26:C7:9A:B9,"TelstraC79AB9",[WPA2_PSK],2026-08-08 06:57:01,1,2412,-79,-33.431339,151.343848,39.520000,0.700000,,,WIFI
98:48:27:A5:09:E2,"TP-LINK_09E3",[WPA2_PSK],2026-08-08 06:57:01,1,2412,-81,-33.431339,151.343848,39.520000,0.700000,,,WIFI
38:06:E6:82:B5:83,"AOIWiFi",[WPA2_WPA3_PSK],2026-08-08 06:57:01,6,2437,-81,-33.431339,151.343848,39.520000,0.700000,,,WIFI
10:82:3D:84:34:65,"Legacy Outdoor AP",[WPA_WPA2_PSK],2026-08-08 06:57:01,11,2462,-81,-33.431339,151.343848,39.520000,0.700000,,,WIFI
38:E1:F4:F0:BD:CD,"OPTUS_F0BDCBM",[WPA2_WPA3_PSK],2026-08-08 06:57:01,11,2462,-82,-33.431339,151.343848,39.520000,0.700000,,,WIFI
8C:DD:0B:95:5D:85,"Thousand",[WPA2_PSK],2026-08-08 06:57:01,6,2437,-83,-33.431339,151.343848,39.520000,0.700000,,,WIFI
82:D7:AA:98:CA:C9,"TelstraB83FF9",[WPA2_PSK],2026-08-08 06:57:01,1,2412,-84,-33.431339,151.343848,39.520000,0.700000,,,WIFI
8C:86:DD:DD:0B:F3,"SID WIFI",[WPA2_PSK],2026-08-08 06:57:01,5,2432,-84,-33.431339,151.343848,39.520000,0.700000,,,WIFI
BC:30:D9:D6:E1:F4,"TelstraD6E1F2",[WPA2_PSK],2026-08-08 06:57:01,7,2442,-84,-33.431339,151.343848,39.520000,0.700000,,,WIFI
3C:58:5D:C1:C2:0D,"OPTUS_C1C20BM",[WPA2_WPA3_PSK],2026-08-08 06:57:01,11,2462,-84,-33.431339,151.343848,39.520000,0.700000,,,WIFI
32:39:F9:02:0F:36,"Telstra020F36",[WPA2_WPA3_PSK],2026-08-08 06:57:01,1,2412,-85,-33.431339,151.343848,39.520000,0.700000,,,WIFI
F2:FA:C4:15:72:94,"VX220-7293",[WPA2_PSK],2026-08-08 06:57:01,6,2437,-85,-33.431339,151.343848,39.520000,0.700000,,,WIFI
26:6A:D2:3C:69:1B,"Donnie",[WPA2_PSK],2026-08-08 06:57:01,1,2412,-86,-33.431339,151.343848,39.520000,0.700000,,,WIFI
38:06:E6:F3:64:42,"TelstraF3643E",[WPA2_WPA3_PSK],2026-08-08 06:57:01,5,2432,-86,-33.431339,151.343848,39.520000,0.700000,,,WIFI
A4:91:B1:CA:26:BB,"TelstraCA26BB",[WPA2_PSK],2026-08-08 06:57:01,7,2442,-86,-33.431339,151.343848,39.520000,0.700000,,,WIFI
FA:8F:CA:80:C4:24,"JBL Bar 5.0_2108.l041",[OPEN],2026-08-08 06:57:01,8,2447,-87,-33.431339,151.343848,39.520000,0.700000,,,WIFI
54:07:7D:17:A6:35,"AnglersHaven",[WPA2_PSK],2026-08-08 06:57:01,10,2457,-87,-33.431339,151.343848,39.520000,0.700000,,,WIFI
78:65:59:29:68:95,"OPTUS_296892",[WPA2_PSK],2026-08-08 06:57:01,1,2412,-88,-33.431339,151.343848,39.520000,0.700000,,,WIFI
6A:FE:CE:9D:60:96,"VX220-6095",[WPA2_PSK],2026-08-08 06:57:01,6,2437,-88,-33.431339,151.343848,39.520000,0.700000,,,WIFI
86:25:4A:6B:E2:9C,"VX220-E29B",[WPA2_PSK],2026-08-08 06:57:01,6,2437,-88,-33.431339,151.343848,39.520000,0.700000,,,WIFI
BA:CF:84:43:B1:B1,"ASUS_B0",[WPA2_WPA3_PSK],2026-08-08 06:57:01,10,2457,-89,-33.431339,151.343848,39.520000,0.700000,,,WIFI
9C:97:26:B6:BB:A3,"TelstraB6BBA3",[WPA2_PSK],2026-08-08 06:57:01,6,2437,-90,-33.431339,151.343848,39.520000,0.700000,,,WIFI
36:98:B5:19:89:B9,"DASnetBilat",[WPA2_PSK],2026-08-08 06:57:01,8,2447,-90,-33.431339,151.343848,39.520000,0.700000,,,WIFI
40:ED:00:17:59:9F,"TP-Link_59A0",[WPA2_PSK],2026-08-08 06:57:01,8,2447,-90,-33.431339,151.343848,39.520000,0.700000,,,WIFI
3C:58:5D:E0:87:F0,"OPTUS_E087EEM",[WPA2_WPA3_PSK],2026-08-08 06:57:01,11,2462,-90,-33.431339,151.343848,39.520000,0.700000,,,WIFI
E4:F4:C6:07:79:68,"NETGEAR21",[WPA2_PSK],2026-08-08 06:57:01,12,2467,-90,-33.431339,151.343848,39.520000,0.700000,,,WIFI
BC:A5:11:AD:2E:70,"NETGEAR54",[WPA2_PSK],2026-08-08 06:57:01,13,2472,-90,-33.431339,151.343848,39.520000,0.700000,,,WIFI
BA:CF:84:43:B1:B2,"ASUS_B0_IoT",[WPA2_WPA3_PSK],2026-08-08 06:57:01,10,2457,-91,-33.431339,151.343848,39.520000,0.700000,,,WIFI
D0:DB:B7:BD:C2:5F,"NetComm 2932",[WPA2_WPA3_PSK],2026-08-08 06:57:01,11,2462,-91,-33.431339,151.343848,39.520000,0.700000,,,WIFI
C8:D3:FF:79:A0:43,"DIRECT-42-HP ENVY 4520 series",[WPA2_PSK],2026-08-08 06:57:01,5,2432,-92,-33.431339,151.343848,39.520000,0.700000,,,WIFI
32:3C:20:3A:A9:16,"Telstra3AA916",[WPA2_WPA3_PSK],2026-08-08 06:57:01,6,2437,-92,-33.431339,151.343848,39.520000,0.700000,,,WIFI
D4:35:1D:B9:16:98,"TelstraB91698",[WPA2_PSK],2026-08-08 06:57:01,11,2462,-92,-33.431339,151.343848,39.520000,0.700000,,,WIFI
B0:95:75:CF:DC:0E,"WiFi-DC0E",[WPA2_PSK],2026-08-08 06:57:01,8,2447,-93,-33.431339,151.343848,39.520000,0.700000,,,WIFI
76:60:B1:50:85:6A,"Galaxy S26+ 0219",[WPA2_PSK],2026-08-08 06:57:09,1,2412,-75,-33.432376,151.343855,35.070000,0.700000,,,WIFI
0C:93:A5:DC:5C:8B,"gossygoodtimes Guest",[WPA2_PSK],2026-08-08 06:57:09,6,2437,-82,-33.432376,151.343855,35.070000,0.700000,,,WIFI
2A:6A:D2:3C:68:94,"VN_TP",[WPA2_PSK],2026-08-08 06:57:09,4,2427,-83,-33.432376,151.343855,35.070000,0.700000,,,WIFI
0C:93:A5:DC:5C:85,"gossygoodtimes",[WPA2_PSK],2026-08-08 06:57:09,6,2437,-84,-33.432376,151.343855,35.070000,0.700000,,,WIFI
34:98:B5:26:25:CA,"TP-Link_5127_2GEXT",[WPA2_PSK],2026-08-08 06:57:09,1,2412,-86,-33.432376,151.343855,35.070000,0.700000,,,WIFI
B0:A7:B9:1E:3E:05,"WiFi-1E3E05",[WPA2_PSK],2026-08-08 06:57:09,5,2432,-86,-33.432376,151.343855,35.070000,0.700000,,,WIFI
B0:E4:D5:14:D9:AA,"Peanuts",[WPA2_PSK],2026-08-08 06:57:09,6,2437,-86,-33.432376,151.343855,35.070000,0.700000,,,WIFI
BC:D5:ED:52:F9:1F,"OPTUS_52F91DM",[WPA2_WPA3_PSK],2026-08-08 06:57:09,6,2437,-86,-33.432376,151.343855,35.070000,0.700000,,,WIFI
D0:DB:B7:B2:59:E0,"Ghar",[WPA2_WPA3_PSK],2026-08-08 06:57:09,11,2462,-86,-33.432376,151.343855,35.070000,0.700000,,,WIFI
4E:D5:ED:8C:51:36,"Telstra8C5136",[WPA2_WPA3_PSK],2026-08-08 06:57:09,2,2417,-87,-33.432376,151.343855,35.070000,0.700000,,,WIFI
38:E1:F4:FF:83:0C,"OPTUS_FF830AM",[WPA2_WPA3_PSK],2026-08-08 06:57:09,6,2437,-87,-33.432376,151.343855,35.070000,0.700000,,,WIFI
DA:D8:E5:40:FB:EB,"Telstra40FBE3",[WPA2_PSK],2026-08-08 06:57:09,13,2472,-87,-33.432376,151.343855,35.070000,0.700000,,,WIFI
34:60:F9:A0:F4:4E,"wifi-8fad8d",[WPA2_PSK],2026-08-08 06:57:09,8,2447,-88,-33.432376,151.343855,35.070000,0.700000,,,WIFI
B0:E4:D5:0D:C5:9A,"Peanuts",[WPA2_PSK],2026-08-08 06:57:09,6,2437,-89,-33.432376,151.343855,35.070000,0.700000,,,WIFI
64:66:24:27:05:3C,"Optus_27053A",[WPA2_PSK],2026-08-08 06:57:09,1,2412,-90,-33.432376,151.343855,35.070000,0.700000,,,WIFI
18:F1:45:E6:3A:ED,"Aussie Broadband 0798",[WPA2_PSK],2026-08-08 06:57:09,1,2412,-91,-33.432376,151.343855,35.070000,0.700000,,,WIFI
08:36:C9:75:AC:4E,"DODOE9C8",[WPA2_PSK],2026-08-08 06:57:09,3,2422,-91,-33.432376,151.343855,35.070000,0.700000,,,WIFI
AE:CC:E0:29:04:C6,"Elon We Trust",[WPA2_PSK],2026-08-08 06:57:09,11,2462,-91,-33.432376,151.343855,35.070000,0.700000,,,WIFI
0A:C7:F5:96:C3:6A,"Belong96C362",[WPA2_PSK],2026-08-08 06:57:09,12,2467,-91,-33.432376,151.343855,35.070000,0.700000,,,WIFI
00:60:64:ED:7C:62,"TPG 2973",[WPA2_PSK],2026-08-08 06:57:09,13,2472,-91,-33.432376,151.343855,35.070000,0.700000,,,WIFI
98:03:8E:BE:F0:92,"TP-Link_F094",[WPA2_PSK],2026-08-08 06:57:09,4,2427,-93,-33.432376,151.343855,35.070000,0.700000,,,WIFI
0A:C7:F5:99:D4:62,"Belong99D45A",[WPA2_PSK],2026-08-08 06:57:09,11,2462,-93,-33.432376,151.343855,35.070000,0.700000,,,WIFI
34:60:F9:A0:BF:CE,"wifi-8fad8d",[WPA2_PSK],2026-08-08 06:57:09,8,2447,-94,-33.432376,151.343855,35.070000,0.700000,,,WIFI
DC:D9:16:05:DB:B8,"DODO-DBAF",[WPA_WPA2_PSK],2026-08-08 06:57:18,1,2412,-86,-33.433387,151.344225,32.370000,0.700000,,,WIFI
B2:29:48:A3:93:0B,"WiFi-A3930A",[WPA2_PSK],2026-08-08 06:57:18,2,2417,-86,-33.433387,151.344225,32.370000,0.700000,,,WIFI
98:03:8E:BF:09:7E,"TP-Link_0980",[WPA2_PSK],2026-08-08 06:57:18,2,2417,-86,-33.433387,151.344225,32.370000,0.700000,,,WIFI
80:20:DA:B3:9F:53,"OPTUS_B39F50",[WPA2_PSK],2026-08-08 06:57:18,1,2412,-88,-33.433387,151.344225,32.370000,0.700000,,,WIFI
A8:6E:84:C5:85:D3,"TP-Link_85D3",[WPA2_PSK],2026-08-08 06:57:18,3,2422,-88,-33.433387,151.344225,32.370000,0.700000,,,WIFI
D6:92:5E:9F:CF:60,"Telstra9FCF58",[WPA2_PSK],2026-08-08 06:57:18,1,2412,-89,-33.433387,151.344225,32.370000,0.700000,,,WIFI
9C:97:26:4C:31:25,"Telstra4C3125",[WPA2_PSK],2026-08-08 06:57:18,1,2412,-91,-33.433387,151.344225,32.370000,0.700000,,,WIFI
20:B0:01:A6:93:8B,"Vodafone2.4G-6938A",[WPA2_PSK],2026-08-08 06:57:18,1,2412,-91,-33.433387,151.344225,32.370000,0.700000,,,WIFI
DC:8D:8A:FB:95:4A,"NOKIA-9541",[WPA2_PSK],2026-08-08 06:57:18,1,2412,-91,-33.433387,151.344225,32.370000,0.700000,,,WIFI
D0:DB:B7:95:BC:92,"NetComm 4928",[WPA2_WPA3_PSK],2026-08-08 06:57:18,1,2412,-92,-33.433387,151.344225,32.370000,0.700000,,,WIFI
6C:CD:D6:50:C9:00,"NETGEAR42",[WPA2_PSK],2026-08-08 06:57:27,13,2472,-71,-33.433563,151.345736,25.560000,0.700000,,,WIFI
C8:91:F9:9D:45:DA,"OPTUS_9D45D9",[WPA_WPA2_PSK],2026-08-08 06:57:27,11,2462,-82,-33.433563,151.345736,25.560000,0.700000,,,WIFI
8C:77:79:2B:CE:AB,"OPTUS_2BCEA8N",[WPA2_WPA3_PSK],2026-08-08 06:57:27,1,2412,-85,-33.433563,151.345736,25.560000,0.700000,,,WIFI
A8:29:48:2E:4D:72,"TP-Link_4D74",[WPA2_PSK],2026-08-08 06:57:27,2,2417,-85,-33.433563,151.345736,25.560000,0.700000,,,WIFI
10:0C:6B:12:CC:89,"NETGEAR15",[WPA2_PSK],2026-08-08 06:57:27,9,2452,-87,-33.433563,151.345736,25.560000,0.700000,,,WIFI
78:65:59:4D:95:FD,"Optus_4D95FB",[WPA2_PSK],2026-08-08 06:57:27,1,2412,-88,-33.433563,151.345736,25.560000,0.700000,,,WIFI
B2:29:48:A3:93:0B,"WiFi-A3930A",[WPA2_PSK],2026-08-08 06:57:27,2,2417,-88,-33.433563,151.345736,25.560000,0.700000,,,WIFI
04:95:E6:B7:2B:B6,"Supa fast Sheng",[WPA2_PSK],2026-08-08 06:57:27,9,2452,-89,-33.433563,151.345736,25.560000,0.700000,,,WIFI
B8:FB:B3:65:B4:0A,"Origin_65B40A",[WPA2_PSK],2026-08-08 06:57:27,10,2457,-89,-33.433563,151.345736,25.560000,0.700000,,,WIFI
EC:FD:F8:CE:7D:D2,"Solar-WiFi236W0919",[WPA2_PSK],2026-08-08 06:57:27,5,2432,-90,-33.433563,151.345736,25.560000,0.700000,,,WIFI
A8:29:48:12:20:65,"Origin_65B40A_EXT",[WPA2_PSK],2026-08-08 06:57:27,10,2457,-91,-33.433563,151.345736,25.560000,0.700000,,,WIFI
DA:D8:E5:6B:6F:BB,"Telstra6B6FB3",[WPA2_PSK],2026-08-08 06:57:27,13,2472,-91,-33.433563,151.345736,25.560000,0.700000,,,WIFI
98:03:8E:BF:09:7E,"TP-Link_0980",[WPA2_PSK],2026-08-08 06:57:27,2,2417,-93,-33.433563,151.345736,25.560000,0.700000,,,WIFI
6C:5A:B0:8C:F2:C7,"TP-Link_F2C7",[WPA2_PSK],2026-08-08 06:57:27,7,2442,-93,-33.433563,151.345736,25.560000,0.700000,,,WIFI
2C:9C:6E:07:1D:24,"Solar-WiFi22BW0652",[WPA2_PSK],2026-08-08 06:57:27,7,2442,-93,-33.433563,151.345736,25.560000,0.700000,,,WIFI
BA:19:21:72:07:F8,"Telstra88C124",[WPA2_PSK],2026-08-08 06:57:27,9,2452,-93,-33.433563,151.345736,25.560000,0.700000,,,WIFI
BC:30:D9:B9:19:A8,"TelstraB919A6",[WPA2_PSK],2026-08-08 06:57:27,12,2467,-93,-33.433563,151.345736,25.560000,0.700000,,,WIFI
F8:CA:59:D5:45:4D,"Vodafone-5454B",[WPA2_PSK],2026-08-08 06:57:35,1,2412,-83,-33.433742,151.347090,20.510000,0.600000,,,WIFI
24:4B:FE:F2:60:60,"kingston",[WPA2_PSK],2026-08-08 06:57:35,1,2412,-86,-33.433742,151.347090,20.510000,0.600000,,,WIFI
10:2B:AA:D1:83:4A,"OPTUS_D18348M",[WPA2_WPA3_PSK],2026-08-08 06:57:35,6,2437,-90,-33.433742,151.347090,20.510000,0.600000,,,WIFI
D8:07:B6:0A:2F:9A,"ODB794",[WPA2_PSK],2026-08-08 06:57:35,7,2442,-92,-33.433742,151.347090,20.510000,0.600000,,,WIFI
28:05:A5:86:29:95,"W-5C3A138",[WPA_WPA2_PSK],2026-08-08 06:57:35,6,2437,-93,-33.433742,151.347090,20.510000,0.600000,,,WIFI
78:8C:B5:F4:C1:0C,"TP-Link_C10C",[WPA2_PSK],2026-08-08 06:57:35,11,2462,-93,-33.433742,151.347090,20.510000,0.600000,,,WIFI
D0:DB:B7:B0:46:A7,"NetComm 5356",[WPA2_PSK],2026-08-08 06:57:44,11,2462,-79,-33.433915,151.348235,36.230000,0.600000,,,WIFI
34:BC:5E:E3:66:A5,"PrettyFlyForAWiFi",[WPA2_PSK],2026-08-08 06:57:44,6,2437,-81,-33.433915,151.348235,36.230000,0.600000,,,WIFI
0A:C7:F5:00:5C:D1,"Telstra005CC9",[WPA2_PSK],2026-08-08 06:57:44,1,2412,-82,-33.433915,151.348235,36.230000,0.600000,,,WIFI
DC:4A:9E:ED:7D:3C,"NetComm 5356-2.4G-ext",[WPA2_PSK],2026-08-08 06:57:44,11,2462,-82,-33.433915,151.348235,36.230000,0.600000,,,WIFI
20:B0:01:8E:10:71,"Telstra8E1071",[WPA2_PSK],2026-08-08 06:57:44,11,2462,-82,-33.433915,151.348235,36.230000,0.600000,,,WIFI
38:17:B1:04:F3:6D,"OPTUS_04F36BM",[WPA2_WPA3_PSK],2026-08-08 06:57:44,1,2412,-84,-33.433915,151.348235,36.230000,0.600000,,,WIFI
02:22:6C:13:F2:82,"SoundBarSetup_F282",[OPEN],2026-08-08 06:57:44,1,2412,-88,-33.433915,151.348235,36.230000,0.600000,,,WIFI
D0:DB:B7:C9:3E:B9,"NetComm 9922",[WPA2_PSK],2026-08-08 06:57:44,6,2437,-88,-33.433915,151.348235,36.230000,0.600000,,,WIFI
DC:A6:33:A6:93:92,"FoxtelBroadband9390",[WPA2_PSK],2026-08-08 06:57:44,11,2462,-88,-33.433915,151.348235,36.230000,0.600000,,,WIFI
18:A6:F7:AD:51:CC,"TP-LINK_51CC",[WPA_WPA2_PSK],2026-08-08 06:57:44,4,2427,-90,-33.433915,151.348235,36.230000,0.600000,,,WIFI
20:B0:01:38:B8:17,"Telstra38B817",[WPA2_PSK],2026-08-08 06:57:44,11,2462,-90,-33.433915,151.348235,36.230000,0.600000,,,WIFI
D6:35:1D:DD:FD:57,"Shitty Rail",[WPA2_PSK],2026-08-08 06:57:44,1,2412,-91,-33.433915,151.348235,36.230000,0.600000,,,WIFI
D0:DB:B7:61:4F:02,"NetComm 2997",[WPA2_WPA3_PSK],2026-08-08 06:57:44,6,2437,-91,-33.433915,151.348235,36.230000,0.600000,,,WIFI
D0:B2:70:2B:04:5B,"Mazda-773d58",[WPA2_PSK],2026-08-08 06:57:44,6,2437,-91,-33.433915,151.348235,36.230000,0.600000,,,WIFI
AC:B6:87:55:6F:A3,"Pretty fly for a Wifi",[WPA2_WPA3_PSK],2026-08-08 06:57:44,6,2437,-92,-33.433915,151.348235,36.230000,0.600000,,,WIFI
52:ED:00:5D:23:15,"VX220-2314",[WPA2_PSK],2026-08-08 06:57:44,6,2437,-94,-33.433915,151.348235,36.230000,0.600000,,,WIFI
42:37:86:32:E9:73,"ORBI66",[WPA2_PSK],2026-08-08 06:57:53,12,2467,-81,-33.434340,151.349152,36.920000,0.600000,,,WIFI
10:06:45:A0:C0:1C,"BelongA0C016",[WPA2_PSK],2026-08-08 06:57:53,1,2412,-85,-33.434340,151.349152,36.920000,0.600000,,,WIFI
D4:6B:A6:E8:89:00,"HG659-88FA",[WPA_WPA2_PSK],2026-08-08 06:57:53,2,2417,-87,-33.434340,151.349152,36.920000,0.600000,,,WIFI
10:0C:6B:24:F7:D9,"dbm2",[WPA2_PSK],2026-08-08 06:57:53,2,2417,-87,-33.434340,151.349152,36.920000,0.600000,,,WIFI
50:D4:F7:DB:3C:C3,"LARed_Ext",[WPA_WPA2_PSK],2026-08-08 06:57:53,10,2457,-87,-33.434340,151.349152,36.920000,0.600000,,,WIFI
4A:37:86:32:E9:73,"ORBI66-Guest",[WPA2_PSK],2026-08-08 06:57:53,12,2467,-87,-33.434340,151.349152,36.920000,0.600000,,,WIFI
44:15:24:9C:3C:C7,"Jack's Wi-Fi",[WPA2_WPA3_PSK],2026-08-08 06:57:53,1,2412,-88,-33.434340,151.349152,36.920000,0.600000,,,WIFI
38:A6:59:DC:42:4D,"Optus_DC424B",[WPA2_PSK],2026-08-08 06:57:53,6,2437,-89,-33.434340,151.349152,36.920000,0.600000,,,WIFI
72:35:B9:05:15:81,"Butter & Crumbs",[WPA2_WPA3_PSK],2026-08-08 06:57:53,11,2462,-90,-33.434340,151.349152,36.920000,0.600000,,,WIFI
A2:B5:3C:08:7C:EE,"Belong089CEE",[WPA2_PSK],2026-08-08 06:57:53,11,2462,-91,-33.434340,151.349152,36.920000,0.600000,,,WIFI
98:D8:63:EA:3C:BF,"AP_727191721",[OPEN],2026-08-08 06:57:53,1,2412,-93,-33.434340,151.349152,36.920000,0.600000,,,WIFI
E4:FA:C4:15:96:54,"Vish",[WPA2_PSK],2026-08-08 06:57:53,6,2437,-93,-33.434340,151.349152,36.920000,0.600000,,,WIFI
AC:B6:87:29:FF:43,"OPTUS_29FF40N",[WPA2_WPA3_PSK],2026-08-08 06:57:53,6,2437,-93,-33.434340,151.349152,36.920000,0.600000,,,WIFI
B0:19:21:80:24:22,"O'Connor WIFI",[WPA2_PSK],2026-08-08 06:57:53,6,2437,-93,-33.434340,151.349152,36.920000,0.600000,,,WIFI
DA:D8:E5:40:46:6F,"Telstra404667",[WPA2_PSK],2026-08-08 06:57:53,6,2437,-93,-33.434340,151.349152,36.920000,0.600000,,,WIFI
78:45:58:44:C7:21,"LARed",[WPA2_PSK],2026-08-08 06:58:01,11,2462,-84,-33.435185,151.349824,23.750000,0.600000,,,WIFI
20:B0:01:AD:95:D3,"TelstraAD95D3",[WPA2_PSK],2026-08-08 06:58:01,13,2472,-84,-33.435185,151.349824,23.750000,0.600000,,,WIFI
44:35:B9:05:15:80,"NetComm 4278",[WPA2_WPA3_PSK],2026-08-08 06:58:01,11,2462,-85,-33.435185,151.349824,23.750000,0.600000,,,WIFI
D0:DB:B7:B5:37:73,"NetComm 5952",[WPA2_WPA3_PSK],2026-08-08 06:58:01,6,2437,-87,-33.435185,151.349824,23.750000,0.600000,,,WIFI
C4:EA:1D:4D:A2:B7,"Cinta Collections",[WPA2_PSK],2026-08-08 06:58:01,6,2437,-90,-33.435185,151.349824,23.750000,0.600000,,,WIFI
68:D7:9A:11:C7:31,"YC-Staff",[WPA2_PSK],2026-08-08 06:58:01,6,2437,-92,-33.435185,151.349824,23.750000,0.600000,,,WIFI
6E:D7:9A:11:C7:31,"YC",[WPA2_PSK],2026-08-08 06:58:01,6,2437,-92,-33.435185,151.349824,23.750000,0.600000,,,WIFI
AC:A7:F1:AE:4C:34,"MPN5",[WPA2_WPA3_PSK],2026-08-08 06:58:01,9,2452,-94,-33.435185,151.349824,23.750000,0.600000,,,WIFI
6E:D7:9A:11:C8:09,"YC",[WPA2_PSK],2026-08-08 06:58:09,1,2412,-87,-33.435675,151.350217,18.470000,0.600000,,,WIFI
72:D7:9A:11:C8:09,"YC-Guest",[WPA2_PSK],2026-08-08 06:58:09,1,2412,-87,-33.435675,151.350217,18.470000,0.600000,,,WIFI
68:D7:9A:11:C8:09,"YC-Staff",[WPA2_PSK],2026-08-08 06:58:09,1,2412,-87,-33.435675,151.350217,18.470000,0.600000,,,WIFI
B2:5C:DA:C3:58:D2,"DIRECT-d2-HP M15 LaserJet",[WPA2_PSK],2026-08-08 06:58:09,12,2467,-92,-33.435675,151.350217,18.470000,0.600000,,,WIFI
84:70:51:C4:0F:62,"CarPlay_0f62",[WPA2_PSK],2026-08-08 06:58:18,1,2412,-87,-33.435675,151.350217,18.470000,0.600000,,,WIFI
2A:0F:EB:50:17:95,"TEG-05N",[WPA2_PSK],2026-08-08 06:58:18,10,2457,-88,-33.435675,151.350217,18.470000,0.600000,,,WIFI
6C:FF:CE:3A:3D:C6,"WiFi-NF3B7",[WPA2_WPA3_PSK],2026-08-08 06:58:18,6,2437,-93,-33.435675,151.350217,18.470000,0.600000,,,WIFI
0C:EF:15:91:79:1A,"Duckfluff",[WPA2_PSK],2026-08-08 06:58:18,9,2452,-93,-33.435675,151.350217,18.470000,0.600000,,,WIFI
4E:55:CC:24:63:6B,"MAZZER-66355337",[WPA2_PSK],2026-08-08 06:58:26,1,2412,-85,-33.435675,151.350217,18.470000,0.600000,,,WIFI
92:86:DD:86:A4:78,"Spanian's Gosdford 2.4Ghz",[WPA2_PSK],2026-08-08 06:58:34,1,2412,-72,-33.435834,151.350367,18.240000,0.600000,,,WIFI
DA:D8:E5:9B:83:26,"Telstra9B831E",[WPA2_PSK],2026-08-08 06:58:34,11,2462,-83,-33.435834,151.350367,18.240000,0.600000,,,WIFI
84:70:51:93:48:45,"Smartphone_connect_934845",[WPA2_PSK],2026-08-08 06:58:34,6,2437,-85,-33.435834,151.350367,18.240000,0.600000,,,WIFI
D0:DB:B7:DE:10:65,"Aussie Broadband 5696",[WPA2_PSK],2026-08-08 06:58:34,11,2462,-86,-33.435834,151.350367,18.240000,0.600000,,,WIFI
10:5A:95:F3:54:9B,"TP-Link_549C",[WPA2_PSK],2026-08-08 06:58:34,8,2447,-87,-33.435834,151.350367,18.240000,0.600000,,,WIFI
3E:87:BA:A6:0C:5E,"WiFi-A60C5D",[WPA2_PSK],2026-08-08 06:58:34,3,2422,-88,-33.435834,151.350367,18.240000,0.600000,,,WIFI
78:8C:B5:6F:13:78,"TP-Link_1378",[WPA2_PSK],2026-08-08 06:58:34,3,2422,-91,-33.435834,151.350367,18.240000,0.600000,,,WIFI
AC:B6:87:A2:B2:93,"OPTUS_A2B290N",[WPA2_WPA3_PSK],2026-08-08 06:58:34,11,2462,-91,-33.435834,151.350367,18.240000,0.600000,,,WIFI
18:E8:29:FE:43:28,"Patrickgos\\\'s Parish",[WPA2_PSK],2026-08-08 06:58:42,6,2437,-79,-33.436538,151.350987,19.650000,0.600000,,,WIFI
1A:8D:DB:D9:16:46,"Free Telstra Wi-Fi",[OPEN],2026-08-08 06:58:42,1,2412,-80,-33.436538,151.350987,19.650000,0.600000,,,WIFI
1E:E8:29:FE:43:28,"Patsguest",[WPA2_PSK],2026-08-08 06:58:42,6,2437,-80,-33.436538,151.350987,19.650000,0.600000,,,WIFI
88:0F:A2:54:C3:CC,"OPTUS_54C3CAM",[WPA2_WPA3_PSK],2026-08-08 06:58:42,1,2412,-85,-33.436538,151.350987,19.650000,0.600000,,,WIFI
A2:AD:9F:54:0E:80,"Zen6",[WPA2_WPA3_PSK],2026-08-08 06:58:42,8,2447,-85,-33.436538,151.350987,19.650000,0.600000,,,WIFI
A2:AD:9F:64:0E:80,"Zen6_IoT",[WPA2_PSK],2026-08-08 06:58:42,8,2447,-87,-33.436538,151.350987,19.650000,0.600000,,,WIFI
A2:AD:9F:64:0E:84,"Zen6_IoT",[WPA2_PSK],2026-08-08 06:58:42,8,2447,-87,-33.436538,151.350987,19.650000,0.600000,,,WIFI
16:02:8E:95:B7:56,"NETGEAR-Guest",[WPA2_PSK],2026-08-08 06:58:42,13,2472,-87,-33.436538,151.350987,19.650000,0.600000,,,WIFI
AC:71:2E:2D:FD:D8,"JC_CORP",[WPA2_PSK],2026-08-08 06:58:42,1,2412,-88,-33.436538,151.350987,19.650000,0.600000,,,WIFI
D0:DB:B7:DA:81:1D,"NetComm 7228 2.4G",[WPA2_WPA3_PSK],2026-08-08 06:58:42,11,2462,-88,-33.436538,151.350987,19.650000,0.600000,,,WIFI
64:F2:FB:32:4F:9B,"ezviz_64F2FB324F9A",[WPA2_PSK],2026-08-08 06:58:42,13,2472,-89,-33.436538,151.350987,19.650000,0.600000,,,WIFI
74:83:C2:C1:6F:96,"TA",[WPA2_PSK],2026-08-08 06:58:42,6,2437,-90,-33.436538,151.350987,19.650000,0.600000,,,WIFI
80:3F:5D:9E:84:43,"STPatsM32",[WPA_PSK],2026-08-08 06:58:42,11,2462,-90,-33.436538,151.350987,19.650000,0.600000,,,WIFI
0E:02:8E:95:B7:56,"ORBI48",[WPA2_PSK],2026-08-08 06:58:42,13,2472,-90,-33.436538,151.350987,19.650000,0.600000,,,WIFI
0E:02:8E:95:AA:95,"ORBI48",[WPA2_PSK],2026-08-08 06:58:42,13,2472,-90,-33.436538,151.350987,19.650000,0.600000,,,WIFI
16:02:8E:95:AA:95,"NETGEAR-Guest",[WPA2_PSK],2026-08-08 06:58:42,13,2472,-90,-33.436538,151.350987,19.650000,0.600000,,,WIFI
D0:21:F9:56:BD:BE,"Patrickgos\\\'s Parish",[WPA2_PSK],2026-08-08 06:58:42,1,2412,-91,-33.436538,151.350987,19.650000,0.600000,,,WIFI
7A:83:C2:C1:6F:96,"TA-Guest",[WPA2_PSK],2026-08-08 06:58:42,6,2437,-91,-33.436538,151.350987,19.650000,0.600000,,,WIFI
70:A7:41:D8:03:A5,"COEG",[WPA2_PSK],2026-08-08 06:58:42,6,2437,-91,-33.436538,151.350987,19.650000,0.600000,,,WIFI
E0:E1:A9:93:A3:77,"IROAD_FX2_A377",[WPA2_PSK],2026-08-08 06:58:42,9,2452,-91,-33.436538,151.350987,19.650000,0.600000,,,WIFI
D2:21:F9:16:BD:BE,"Patsguest",[WPA2_PSK],2026-08-08 06:58:42,1,2412,-92,-33.436538,151.350987,19.650000,0.600000,,,WIFI
30:1F:48:1C:81:04,"Wi-Fi 1C8104 2.4G",[WPA2_PSK],2026-08-08 06:58:42,9,2452,-92,-33.436538,151.350987,19.650000,0.600000,,,WIFI
EC:75:0C:D3:FB:C3,"Origin_D3FBC3",[WPA2_PSK],2026-08-08 06:58:42,10,2457,-94,-33.436538,151.350987,19.650000,0.600000,,,WIFI
20:B0:01:3A:CE:CB,"Telstra3ACECB",[WPA2_PSK],2026-08-08 06:58:42,11,2462,-94,-33.436538,151.350987,19.650000,0.600000,,,WIFI
38:1A:52:0F:05:FD,"EBD017B9-fE8DSyq1Uv1AOn7",[WPA2_PSK],2026-08-08 06:58:42,11,2462,-95,-33.436538,151.350987,19.650000,0.600000,,,WIFI
2C:30:33:13:B9:61,"bamvino cellars",[WPA2_PSK],2026-08-08 06:58:42,11,2462,-97,-33.436538,151.350987,19.650000,0.600000,,,WIFI
00:25:42:E7:BE:8C,"Blackvue750XPlus-E7BE8C",[WPA2_PSK],2026-08-08 06:58:59,6,2437,-60,-33.437395,151.353091,16.780000,0.600000,,,WIFI
2C:30:33:13:A0:6D,"Telstra227A",[WPA2_PSK],2026-08-08 06:58:59,1,2412,-67,-33.437395,151.353091,16.780000,0.600000,,,WIFI
E2:CB:FC:BA:D0:41,"CPV",[WPA2_PSK],2026-08-08 06:58:59,10,2457,-71,-33.437395,151.353091,16.780000,0.600000,,,WIFI
44:D4:53:08:C9:3F,"Optus_08C93D",[WPA2_PSK],2026-08-08 06:58:59,11,2462,-73,-33.437395,151.353091,16.780000,0.600000,,,WIFI
A4:2B:8C:65:26:9E,"Telstra02EA",[WPA2_PSK],2026-08-08 06:58:59,1,2412,-78,-33.437395,151.353091,16.780000,0.600000,,,WIFI
D8:47:32:AE:97:16,"3CPS",[WPA2_PSK],2026-08-08 06:58:59,2,2417,-79,-33.437395,151.353091,16.780000,0.600000,,,WIFI
84:78:48:84:A4:74,"Trend Physio Ext",[WPA2_PSK],2026-08-08 06:58:59,11,2462,-81,-33.437395,151.353091,16.780000,0.600000,,,WIFI
A8:63:7D:28:1F:B0,"Dlink-281FB0",[WPA_WPA2_PSK],2026-08-08 06:58:59,11,2462,-84,-33.437395,151.353091,16.780000,0.600000,,,WIFI
44:15:24:67:F1:3D,"OPTUS_67F13BM",[WPA2_WPA3_PSK],2026-08-08 06:58:59,1,2412,-86,-33.437395,151.353091,16.780000,0.600000,,,WIFI
D6:92:5E:C8:99:B6,"TelstraC899AE",[WPA2_PSK],2026-08-08 06:58:59,1,2412,-87,-33.437395,151.353091,16.780000,0.600000,,,WIFI
6C:CD:D6:CC:FF:85,"Telstra12DD",[WPA2_PSK],2026-08-08 06:58:59,1,2412,-87,-33.437395,151.353091,16.780000,0.600000,,,WIFI
40:AE:30:93:77:C1,"TP-Link_Extender",[OPEN],2026-08-08 06:58:59,2,2417,-87,-33.437395,151.353091,16.780000,0.600000,,,WIFI
9C:05:D6:5F:31:C6,"VCM-WiFi",[WPA2_WPA3_PSK],2026-08-08 06:58:59,1,2412,-89,-33.437395,151.353091,16.780000,0.600000,,,WIFI
28:74:F5:6B:37:19,"NOKIA-370E",[WPA2_WPA3_PSK],2026-08-08 06:58:59,1,2412,-90,-33.437395,151.353091,16.780000,0.600000,,,WIFI
28:70:4E:7F:53:3A,"VCM-WiFi",[WPA2_WPA3_PSK],2026-08-08 06:58:59,1,2412,-92,-33.437395,151.353091,16.780000,0.600000,,,WIFI
32:3C:20:24:5F:36,"Telstra245F36",[WPA2_WPA3_PSK],2026-08-08 06:59:04,6,2437,-65,-33.437823,151.353656,16.170000,0.600000,,,WIFI
34:5D:9E:26:AC:4F,"Optus_26AC4D",[WPA2_PSK],2026-08-08 06:59:04,11,2462,-70,-33.437823,151.353656,16.170000,0.600000,,,WIFI
78:8C:B5:F4:B8:8A,"FedsEastGosford",[WPA2_PSK],2026-08-08 06:59:04,3,2422,-71,-33.437823,151.353656,16.170000,0.600000,,,WIFI
08:36:C9:01:5F:AD,"Telstra82DA",[WPA2_PSK],2026-08-08 06:59:04,1,2412,-75,-33.437823,151.353656,16.170000,0.600000,,,WIFI
7C:D4:A8:20:57:BF,"OPTUS_2057BDM",[WPA2_WPA3_PSK],2026-08-08 06:59:04,6,2437,-75,-33.437823,151.353656,16.170000,0.600000,,,WIFI
60:CF:84:F1:9A:F6,"Occom_9AF6_2.4G",[WPA2_PSK],2026-08-08 06:59:04,7,2442,-77,-33.437823,151.353656,16.170000,0.600000,,,WIFI
D8:47:32:6A:B5:B1,"WiFi-B5B1",[WPA2_PSK],2026-08-08 06:59:04,4,2427,-78,-33.437823,151.353656,16.170000,0.600000,,,WIFI
30:EA:E7:70:10:24,"Solar-WiFi213W0175",[WPA2_PSK],2026-08-08 06:59:04,8,2447,-78,-33.437823,151.353656,16.170000,0.600000,,,WIFI
08:27:A8:49:E2:83,"OPTUS_49E280N",[WPA2_WPA3_PSK],2026-08-08 06:59:04,1,2412,-79,-33.437823,151.353656,16.170000,0.600000,,,WIFI
BA:A7:F1:E1:9F:E0,"EGTM",[WPA2_PSK],2026-08-08 06:59:04,6,2437,-80,-33.437823,151.353656,16.170000,0.600000,,,WIFI
98:DE:D0:67:94:A0,"TP-LINK_94A0",[WPA2_PSK],2026-08-08 06:59:04,11,2462,-81,-33.437823,151.353656,16.170000,0.600000,,,WIFI
B4:FB:E4:4D:8C:35,"ADF-LEGAL",[WPA2_PSK],2026-08-08 06:59:04,6,2437,-82,-33.437823,151.353656,16.170000,0.600000,,,WIFI
BA:A7:F1:E1:58:60,"EGTM",[WPA2_PSK],2026-08-08 06:59:04,6,2437,-83,-33.437823,151.353656,16.170000,0.600000,,,WIFI
44:D4:53:06:A5:F6,"Optus_06A5F4",[WPA2_PSK],2026-08-08 06:59:04,6,2437,-86,-33.437823,151.353656,16.170000,0.600000,,,WIFI
2A:74:F5:1B:37:19,"Norman",[WPA2_PSK],2026-08-08 06:59:04,1,2412,-87,-33.437823,151.353656,16.170000,0.600000,,,WIFI
7E:4D:8F:43:77:08,"DIRECT-08-HP OfficeJet Pro 7740",[WPA2_PSK],2026-08-08 06:59:04,6,2437,-87,-33.437823,151.353656,16.170000,0.600000,,,WIFI
BA:A7:F1:E1:58:70,"EGTM",[WPA2_PSK],2026-08-08 06:59:04,6,2437,-87,-33.437823,151.353656,16.170000,0.600000,,,WIFI
E2:CB:FC:BA:D0:42,"CPV - Guest",[WPA2_PSK],2026-08-08 06:59:04,10,2457,-87,-33.437823,151.353656,16.170000,0.600000,,,WIFI
F0:A7:31:03:35:0C,"VX220-350C",[WPA2_PSK],2026-08-08 06:59:04,3,2422,-88,-33.437823,151.353656,16.170000,0.600000,,,WIFI
F8:CA:59:A9:78:A1,"Trend Physio",[WPA2_PSK],2026-08-08 06:59:04,1,2412,-90,-33.437823,151.353656,16.170000,0.600000,,,WIFI
32:70:4E:7E:B2:F6,"Elanora Hotel",[WPA2_PSK],2026-08-08 06:59:04,1,2412,-91,-33.437823,151.353656,16.170000,0.600000,,,WIFI
B0:5B:99:44:7E:E1,"OPTUS_447EDFM",[WPA2_WPA3_PSK],2026-08-08 06:59:04,1,2412,-91,-33.437823,151.353656,16.170000,0.600000,,,WIFI
6C:5A:B0:8C:D8:24,"Telecom",[WPA2_PSK],2026-08-08 06:59:04,4,2427,-91,-33.437823,151.353656,16.170000,0.600000,,,WIFI
6C:B0:CE:79:18:F6,"Golden Lotus",[WPA2_PSK],2026-08-08 06:59:04,1,2412,-92,-33.437823,151.353656,16.170000,0.600000,,,WIFI
8C:83:94:27:CC:43,"OPTUS_27CC40N",[WPA2_WPA3_PSK],2026-08-08 06:59:04,11,2462,-93,-33.437823,151.353656,16.170000,0.600000,,,WIFI
D6:92:5E:C8:AC:90,"Totzki Tattoo Studio",[WPA2_PSK],2026-08-08 06:59:13,6,2437,-81,-33.438394,151.354139,20.540000,0.600000,,,WIFI
84:D8:1B:2F:79:F9,"OYA",[WPA2_PSK],2026-08-08 06:59:13,11,2462,-84,-33.438394,151.354139,20.540000,0.600000,,,WIFI
A2:AD:9F:54:0E:84,"Zen6",[WPA2_WPA3_PSK],2026-08-08 06:59:13,8,2447,-86,-33.438394,151.354139,20.540000,0.600000,,,WIFI
AA:63:7D:38:1F:B0,"Dlink-2.4G-Guest-281FB0",[WPA_WPA2_PSK],2026-08-08 06:59:13,11,2462,-87,-33.438394,151.354139,20.540000,0.600000,,,WIFI
32:70:4E:7E:A9:12,"Elanora Hotel",[WPA2_PSK],2026-08-08 06:59:13,6,2437,-88,-33.438394,151.354139,20.540000,0.600000,,,WIFI
D0:21:F9:2A:4F:3D,"Impos@FedelesCocktailCafe",[WPA2_PSK],2026-08-08 06:59:13,6,2437,-89,-33.438394,151.354139,20.540000,0.600000,,,WIFI
6C:15:DB:29:18:9D,"WIFI-6NMUYSN",[WPA2_WPA3_PSK],2026-08-08 06:59:22,8,2447,-85,-33.438394,151.354139,20.540000,0.600000,,,WIFI
40:A5:EF:1D:1E:8B,"IROAD_FX2PRO_1d1e8b",[WPA2_PSK],2026-08-08 06:59:31,11,2462,-82,-33.438394,151.354139,20.540000,0.500000,,,WIFI
18:82:8C:D2:01:A7,"TelstraD201A5",[WPA2_PSK],2026-08-08 06:59:31,13,2472,-88,-33.438394,151.354139,20.540000,0.500000,,,WIFI
00:25:42:F3:52:8F,"Blackvue750G-F3528F",[WPA2_PSK],2026-08-08 06:59:31,1,2412,-89,-33.438394,151.354139,20.540000,0.500000,,,WIFI
80:82:FE:25:73:23,"OPTUS_257320N",[WPA2_WPA3_PSK],2026-08-08 06:59:40,6,2437,-80,-33.438418,151.354161,21.080000,0.500000,,,WIFI
44:94:FC:2D:48:76,"Telstra0427",[WPA2_PSK],2026-08-08 06:59:40,1,2412,-84,-33.438418,151.354161,21.080000,0.500000,,,WIFI
4C:22:F3:C6:9F:03,"OPTUS_C69F00N",[WPA2_WPA3_PSK],2026-08-08 06:59:40,1,2412,-88,-33.438418,151.354161,21.080000,0.500000,,,WIFI
32:70:4E:7E:B7:A6,"Elanora Hotel",[WPA2_PSK],2026-08-08 06:59:40,6,2437,-88,-33.438418,151.354161,21.080000,0.500000,,,WIFI
74:DA:DA:E4:B8:20,"Mr Duck",[WPA_WPA2_PSK],2026-08-08 06:59:40,2,2417,-90,-33.438418,151.354161,21.080000,0.500000,,,WIFI
40:AE:30:E0:E0:20,"TP-Link_E020",[WPA2_PSK],2026-08-08 06:59:40,5,2432,-90,-33.438418,151.354161,21.080000,0.500000,,,WIFI
9C:A2:F4:D3:4E:06,"JAAT",[WPA2_PSK],2026-08-08 06:59:40,4,2427,-91,-33.438418,151.354161,21.080000,0.500000,,,WIFI
98:03:8E:4B:D0:96,"Home of the Crazies",[WPA2_PSK],2026-08-08 06:59:40,8,2447,-91,-33.438418,151.354161,21.080000,0.500000,,,WIFI
40:AE:30:96:6E:47,"TP-Link_6E47",[WPA2_PSK],2026-08-08 06:59:40,8,2447,-91,-33.438418,151.354161,21.080000,0.500000,,,WIFI
8C:10:D4:79:C5:D2,"Belong6AXN7PJD",[WPA2_PSK],2026-08-08 06:59:40,1,2412,-92,-33.438418,151.354161,21.080000,0.500000,,,WIFI
D4:35:1D:27:19:65,"Telstra271965",[WPA2_PSK],2026-08-08 06:59:40,11,2462,-92,-33.438418,151.354161,21.080000,0.500000,,,WIFI
2E:CA:1A:2F:C5:12,"Excalibur20",[WPA2_PSK],2026-08-08 06:59:40,11,2462,-92,-33.438418,151.354161,21.080000,0.500000,,,WIFI
BE:1A:07:FE:EB:2D,"AndroidAP1E8E",[WPA2_PSK],2026-08-08 06:59:40,6,2437,-93,-33.438418,151.354161,21.080000,0.500000,,,WIFI
34:60:F9:81:55:FA,"WiFi-8155FA",[WPA2_PSK],2026-08-08 06:59:40,8,2447,-93,-33.438418,151.354161,21.080000,0.500000,,,WIFI
98:25:4A:97:D7:EA,"Nella’s Palace",[WPA2_PSK],2026-08-08 06:59:48,5,2432,-80,-33.439011,151.354647,23.510000,0.500000,,,WIFI
30:29:2B:F9:5E:45,"The Silence of the LAN",[WPA2_PSK],2026-08-08 06:59:48,6,2437,-82,-33.439011,151.354647,23.510000,0.500000,,,WIFI
22:60:F9:81:4F:8C,"WiFi-814F8B",[WPA2_PSK],2026-08-08 06:59:48,3,2422,-88,-33.439011,151.354647,23.510000,0.500000,,,WIFI
A2:4B:CB:06:1E:C2,"Optus_B628_1E06",[WPA2_WPA3_PSK],2026-08-08 06:59:48,9,2452,-88,-33.439011,151.354647,23.510000,0.500000,,,WIFI
98:48:27:35:20:7E,"TP-LINK_207F",[WPA2_PSK],2026-08-08 06:59:48,1,2412,-89,-33.439011,151.354647,23.510000,0.500000,,,WIFI
A2:B5:3C:C5:B8:5B,"TelstraC5B853",[WPA2_PSK],2026-08-08 06:59:48,1,2412,-90,-33.439011,151.354647,23.510000,0.500000,,,WIFI
60:45:E8:90:7D:BF,"Telstra907DBB",[WPA_WPA2_PSK],2026-08-08 06:59:48,9,2452,-92,-33.439011,151.354647,23.510000,0.500000,,,WIFI
7C:D4:A8:10:71:B2,"OPTUS_1071B0M",[WPA2_WPA3_PSK],2026-08-08 06:59:48,1,2412,-93,-33.439011,151.354647,23.510000,0.500000,,,WIFI
60:A4:B7:1D:40:97,"The Millers & Whisky",[WPA2_PSK],2026-08-08 06:59:48,3,2422,-93,-33.439011,151.354647,23.510000,0.500000,,,WIFI
98:BA:5F:49:58:4A,"Home of the Crazies",[WPA2_PSK],2026-08-08 06:59:48,8,2447,-93,-33.439011,151.354647,23.510000,0.500000,,,WIFI
EC:6C:9A:B7:25:71,"TelstraB7256F",[WPA2_WPA3_PSK],2026-08-08 06:59:48,8,2447,-93,-33.439011,151.354647,23.510000,0.500000,,,WIFI
30:EA:E7:72:44:3A,"Solar-WiFi213W0037",[WPA2_PSK],2026-08-08 06:59:48,11,2462,-94,-33.439011,151.354647,23.510000,0.500000,,,WIFI
34:5D:9E:2A:E2:A2,"Optus_2AE2A0",[WPA2_PSK],2026-08-08 06:59:57,11,2462,-75,-33.439867,151.355563,25.010000,0.500000,,,WIFI
10:06:45:5E:E1:61,"Optus_5EE15F",[WPA2_PSK],2026-08-08 06:59:57,6,2437,-80,-33.439867,151.355563,25.010000,0.500000,,,WIFI
E0:D3:62:FA:BD:07,"HOMEAP_2.4",[WPA2_PSK],2026-08-08 06:59:57,11,2462,-81,-33.439867,151.355563,25.010000,0.500000,,,WIFI
48:B4:24:F8:FA:6B,"Lanna Guest",[WPA2_PSK],2026-08-08 06:59:57,6,2437,-83,-33.439867,151.355563,25.010000,0.500000,,,WIFI
44:35:B9:01:82:AB,"Lilly Pilly",[WPA2_PSK],2026-08-08 06:59:57,1,2412,-88,-33.439867,151.355563,25.010000,0.500000,,,WIFI
50:EB:F6:65:5C:B0,"logan",[WPA2_PSK],2026-08-08 06:59:57,6,2437,-91,-33.439867,151.355563,25.010000,0.500000,,,WIFI
A4:11:62:F7:19:0E,"ARLO_VMB_4352175858",[WPA2_PSK],2026-08-08 07:00:06,1,2412,-75,-33.439324,151.356919,24.310000,0.500000,,,WIFI
DA:D8:E5:54:43:B3,"Telstra5443AB",[WPA2_PSK],2026-08-08 07:00:06,1,2412,-76,-33.439324,151.356919,24.310000,0.500000,,,WIFI
08:86:3B:24:38:B0,"belkin.38b9",[WPA_WPA2_PSK],2026-08-08 07:00:06,1,2412,-85,-33.439324,151.356919,24.310000,0.500000,,,WIFI
06:4E:AF:44:D1:1E,"TEG-H2P",[WPA2_PSK],2026-08-08 07:00:06,1,2412,-87,-33.439324,151.356919,24.310000,0.500000,,,WIFI
F0:09:0D:15:39:F6,"iiNet37050B_EXT",[WPA2_PSK],2026-08-08 07:00:06,11,2462,-92,-33.439324,151.356919,24.310000,0.500000,,,WIFI
CC:57:63:93:65:1D,"Mazda_651d6393cc57_SPL",[WPA2_PSK],2026-08-08 07:00:06,11,2462,-92,-33.439324,151.356919,24.310000,0.500000,,,WIFI
48:41:7B:A3:13:A3,"NOKIA-1398",[WPA2_WPA3_PSK],2026-08-08 07:00:14,6,2437,-77,-33.438564,151.358212,17.350000,0.500000,,,WIFI
FC:34:97:D8:B2:A0,"Tullipan Dam Level Monitoring ",[WPA2_PSK],2026-08-08 07:00:14,8,2447,-93,-33.438564,151.358212,17.350000,0.500000,,,WIFI
62:82:FE:85:30:D3,"Telstra5443AB",[WPA2_PSK],2026-08-08 07:00:14,4,2427,-94,-33.438564,151.358212,17.350000,0.500000,,,WIFI
76:FA:B5:22:6E:8A,"Geezer",[WPA2_PSK],2026-08-08 07:00:22,6,2437,-92,-33.438045,151.359720,13.020000,0.500000,,,WIFI
FA:6D:CC:DB:E5:33,"ROD'S TOUAREG R",[WPA2_PSK],2026-08-08 07:01:07,6,2437,-82,-33.436962,151.369438,7.660000,0.500000,,,WIFI
A8:53:7D:2C:70:22,"RetailInternetBusiness",[WPA2_PSK],2026-08-08 07:01:07,1,2412,-87,-33.436962,151.369438,7.660000,0.500000,,,WIFI
A8:53:7D:2C:70:23,"BP_Public_WiFi",[OPEN],2026-08-08 07:01:07,1,2412,-88,-33.436962,151.369438,7.660000,0.500000,,,WIFI
A8:40:0B:BC:55:77,"Mazda-f51af9",[WPA2_PSK],2026-08-08 07:01:07,6,2437,-90,-33.436962,151.369438,7.660000,0.500000,,,WIFI
00:25:42:EB:31:31,"BlackVue770X-EB3131",[WPA2_PSK],2026-08-08 07:01:07,6,2437,-94,-33.436962,151.369438,7.660000,0.500000,,,WIFI
04:F0:21:9F:22:AF,"FRNSW_VaaN",[WPA2_PSK],2026-08-08 07:01:14,11,2462,-76,-33.437166,151.370998,6.110000,0.500000,,,WIFI
AC:23:16:D1:D4:F3,"BP_Public_WiFi",[OPEN],2026-08-08 07:01:14,1,2412,-83,-33.437166,151.370998,6.110000,0.500000,,,WIFI
A8:53:7D:2C:65:42,"RetailInternetBusiness",[WPA2_PSK],2026-08-08 07:01:14,11,2462,-85,-33.437166,151.370998,6.110000,0.500000,,,WIFI
E4:F4:C6:19:2B:AA,"NETGEAR52",[WPA2_PSK],2026-08-08 07:01:14,4,2427,-87,-33.437166,151.370998,6.110000,0.500000,,,WIFI
34:0A:33:7D:81:9A,"dlink-819A",[WPA_WPA2_PSK],2026-08-08 07:01:14,1,2412,-90,-33.437166,151.370998,6.110000,0.500000,,,WIFI
4E:D5:ED:99:1B:36,"Telstra991B36",[WPA2_WPA3_PSK],2026-08-08 07:01:14,1,2412,-90,-33.437166,151.370998,6.110000,0.500000,,,WIFI
AC:23:16:D2:78:D2,"RetailInternetBusiness",[WPA2_PSK],2026-08-08 07:01:14,6,2437,-90,-33.437166,151.370998,6.110000,0.500000,,,WIFI
10:7C:61:36:98:A1,"SSBCGUEST",[WPA2_PSK],2026-08-08 07:01:14,10,2457,-90,-33.437166,151.370998,6.110000,0.500000,,,WIFI
10:7C:61:36:98:99,"SSBCGUEST",[WPA2_PSK],2026-08-08 07:01:14,10,2457,-90,-33.437166,151.370998,6.110000,0.500000,,,WIFI
A0:56:B2:BD:E8:DD,"MB WLAN 88879",[WPA_WPA2_PSK],2026-08-08 07:01:14,6,2437,-91,-33.437166,151.370998,6.110000,0.500000,,,WIFI
E4:5E:1B:A4:4C:62,"PaulNet 2.4",[WPA2_PSK],2026-08-08 07:01:14,6,2437,-91,-33.437166,151.370998,6.110000,0.500000,,,WIFI
D0:DB:B7:8D:07:8B,"Origin Broadband 5326",[WPA2_PSK],2026-08-08 07:01:14,6,2437,-91,-33.437166,151.370998,6.110000,0.500000,,,WIFI
A8:53:7D:2C:65:43,"BP_Public_WiFi",[OPEN],2026-08-08 07:01:14,11,2462,-91,-33.437166,151.370998,6.110000,0.500000,,,WIFI
4E:A5:61:86:FA:24,"AP20004952",[WPA2_PSK],2026-08-08 07:01:14,1,2412,-92,-33.437166,151.370998,6.110000,0.500000,,,WIFI
AC:23:16:D2:78:D3,"BP_Public_WiFi",[OPEN],2026-08-08 07:01:14,6,2437,-92,-33.437166,151.370998,6.110000,0.500000,,,WIFI
90:41:B2:7C:EF:39,"Kingdom Office ",[WPA2_WPA3_PSK],2026-08-08 07:01:14,6,2437,-92,-33.437166,151.370998,6.110000,0.500000,,,WIFI
10:7C:61:36:98:A0,"SSBC",[WPA2_PSK],2026-08-08 07:01:14,10,2457,-92,-33.437166,151.370998,6.110000,0.500000,,,WIFI
C8:93:46:32:2F:5C,"ZEVERSOLAR-4894",[WPA_WPA2_PSK],2026-08-08 07:01:14,6,2437,-93,-33.437166,151.370998,6.110000,0.500000,,,WIFI
AC:23:16:D1:D4:F2,"RetailInternetBusiness",[WPA2_PSK],2026-08-08 07:01:14,1,2412,-94,-33.437166,151.370998,6.110000,0.500000,,,WIFI
F8:5B:3B:22:E0:44,"Proj1576_yKTteZOtDfoddyYvcABDMJ",[WPA2_PSK],2026-08-08 07:01:14,11,2462,-95,-33.437166,151.370998,6.110000,0.500000,,,WIFI
20:B0:01:38:93:77,"Telstra389377",[WPA2_PSK],2026-08-08 07:01:22,11,2462,-69,-33.437427,151.372786,7.220000,0.500000,,,WIFI
6C:CD:D6:CD:4B:85,"Telstra0891",[WPA2_PSK],2026-08-08 07:01:22,1,2412,-86,-33.437427,151.372786,7.220000,0.500000,,,WIFI
DA:F1:47:49:D8:C7,"Guest GFC",[WPA2_PSK],2026-08-08 07:01:22,1,2412,-87,-33.437427,151.372786,7.220000,0.500000,,,WIFI
DA:F1:47:29:D8:C7,"GFSF",[WPA2_PSK],2026-08-08 07:01:22,1,2412,-88,-33.437427,151.372786,7.220000,0.500000,,,WIFI
94:18:65:C6:3B:58,"Telstra3E56",[WPA2_PSK],2026-08-08 07:01:22,1,2412,-88,-33.437427,151.372786,7.220000,0.500000,,,WIFI
CE:57:63:EF:07:A8,"Car-07a8",[WPA2_PSK],2026-08-08 07:01:22,11,2462,-90,-33.437427,151.372786,7.220000,0.500000,,,WIFI
88:0F:A2:42:99:D2,"OPTUS_4299D0M",[WPA2_WPA3_PSK],2026-08-08 07:01:31,6,2437,-82,-33.437818,151.374632,8.980000,0.500000,,,WIFI
DA:D8:E5:6F:B1:83,"Telstra849808",[WPA2_PSK],2026-08-08 07:01:31,1,2412,-84,-33.437818,151.374632,8.980000,0.500000,,,WIFI
D0:DB:B7:D4:29:8F,"Aussie Broadband 5348",[WPA2_PSK],2026-08-08 07:01:31,1,2412,-86,-33.437818,151.374632,8.980000,0.500000,,,WIFI
32:39:F9:01:06:C6,"Telstra0106C6",[WPA2_WPA3_PSK],2026-08-08 07:01:31,6,2437,-87,-33.437818,151.374632,8.980000,0.500000,,,WIFI
D0:DB:B7:64:67:20,"NetComm 3683",[WPA2_PSK],2026-08-08 07:01:31,6,2437,-88,-33.437818,151.374632,8.980000,0.500000,,,WIFI
CC:6C:52:0D:21:AE,"Aussie Broadband 6244",[WPA2_PSK],2026-08-08 07:01:31,6,2437,-89,-33.437818,151.374632,8.980000,0.500000,,,WIFI
16:8D:DB:D9:30:95,"Woodport",[WPA2_WPA3_PSK],2026-08-08 07:01:31,6,2437,-90,-33.437818,151.374632,8.980000,0.500000,,,WIFI
D6:92:5E:D8:5B:31,"TelstraD85B29",[WPA2_PSK],2026-08-08 07:01:31,1,2412,-92,-33.437818,151.374632,8.980000,0.500000,,,WIFI
B0:39:56:3D:F0:C1,"Telstra2260",[WPA2_PSK],2026-08-08 07:01:47,6,2437,-68,-33.438451,151.377817,16.130000,0.500000,,,WIFI
7C:88:99:00:64:F6,"360DashCam-G300-109C",[WPA_WPA2_PSK],2026-08-08 07:01:47,3,2422,-69,-33.438451,151.377817,16.130000,0.500000,,,WIFI
04:BD:88:ED:C9:40,"KSS-Hotspot",[OPEN],2026-08-08 07:01:47,11,2462,-71,-33.438451,151.377817,16.130000,0.500000,,,WIFI
04:BD:88:ED:C9:41,"THQ-WiFi",[WPA2_ENTERPRISE],2026-08-08 07:01:47,11,2462,-75,-33.438451,151.377817,16.130000,0.500000,,,WIFI
04:BD:88:ED:C9:42,"THQ-Mobile",[WPA2_ENTERPRISE],2026-08-08 07:01:47,11,2462,-75,-33.438451,151.377817,16.130000,0.500000,,,WIFI
D0:DB:B7:8F:7B:D9,"NetComm 2227",[WPA2_WPA3_PSK],2026-08-08 07:01:47,11,2462,-76,-33.438451,151.377817,16.130000,0.500000,,,WIFI
04:BD:88:ED:C9:44,"kss-signage",[OPEN],2026-08-08 07:01:47,11,2462,-76,-33.438451,151.377817,16.130000,0.500000,,,WIFI
EA:0B:E3:63:C0:5A,"AP10049611",[WPA2_PSK],2026-08-08 07:01:47,1,2412,-80,-33.438451,151.377817,16.130000,0.500000,,,WIFI
94:18:65:C7:34:A8,"Telstra0BA1",[WPA2_PSK],2026-08-08 07:01:47,1,2412,-82,-33.438451,151.377817,16.130000,0.500000,,,WIFI
18:F1:45:8F:40:13,"FUSION",[WPA2_PSK],2026-08-08 07:01:47,1,2412,-84,-33.438451,151.377817,16.130000,0.500000,,,WIFI
F8:55:CD:C1:BC:02,"Mazda-a4d9d6",[WPA2_PSK],2026-08-08 07:01:47,6,2437,-84,-33.438451,151.377817,16.130000,0.500000,,,WIFI
CC:40:D0:8E:E2:A9,"Telstra1FF2",[WPA2_PSK],2026-08-08 07:01:47,1,2412,-86,-33.438451,151.377817,16.130000,0.500000,,,WIFI
E4:55:A8:AD:D5:C1,"Red Rooster",[WPA2_PSK],2026-08-08 07:01:47,11,2462,-86,-33.438451,151.377817,16.130000,0.500000,,,WIFI
A8:40:0B:55:DF:76,"Mazda-45ca3a",[WPA2_PSK],2026-08-08 07:01:47,6,2437,-87,-33.438451,151.377817,16.130000,0.500000,,,WIFI
D0:21:F9:54:36:C0,"Erina WAP1",[WPA2_PSK],2026-08-08 07:01:47,6,2437,-88,-33.438451,151.377817,16.130000,0.500000,,,WIFI
B4:E8:42:DC:2F:94,"LEDnet001ADC2F94",[OPEN],2026-08-08 07:01:47,10,2457,-89,-33.438451,151.377817,16.130000,0.500000,,,WIFI
74:08:DE:0A:4C:38,"ING2.4G_231VKD040807",[WPA2_PSK],2026-08-08 07:01:47,11,2462,-90,-33.438451,151.377817,16.130000,0.500000,,,WIFI
44:94:FC:FD:97:0A,"Telstra1BDC",[WPA2_PSK],2026-08-08 07:01:47,1,2412,-91,-33.438451,151.377817,16.130000,0.500000,,,WIFI
CC:32:E5:65:10:12,"BNH",[WPA_WPA2_PSK],2026-08-08 07:01:47,3,2422,-92,-33.438451,151.377817,16.130000,0.500000,,,WIFI
00:25:42:EA:25:F6,"BlackVue770X-EA25F6",[WPA2_PSK],2026-08-08 07:01:47,6,2437,-92,-33.438451,151.377817,16.130000,0.500000,,,WIFI
F6:53:B0:78:30:3E,"OPPO A5x e6fb",[WPA2_WPA3_PSK],2026-08-08 07:01:47,11,2462,-94,-33.438451,151.377817,16.130000,0.500000,,,WIFI
7C:88:99:00:64:F6,"360DashCam-G300-109C",[WPA_WPA2_PSK],2026-08-08 07:01:54,3,2422,-62,-33.438519,151.379004,17.920000,0.500000,,,WIFI
B0:39:56:3D:F0:C1,"Telstra2260",[WPA2_PSK],2026-08-08 07:01:54,6,2437,-69,-33.438519,151.379004,17.920000,0.500000,,,WIFI
D0:DB:B7:8F:7B:D9,"NetComm 2227",[WPA2_WPA3_PSK],2026-08-08 07:01:54,11,2462,-77,-33.438519,151.379004,17.920000,0.500000,,,WIFI
E4:55:A8:AD:D5:9A,"Red Rooster",[WPA2_PSK],2026-08-08 07:01:54,1,2412,-83,-33.438519,151.379004,17.920000,0.500000,,,WIFI
D8:B3:70:A7:CE:1A,"OptimumNBN",[WPA2_PSK],2026-08-08 07:01:54,6,2437,-83,-33.438519,151.379004,17.920000,0.500000,,,WIFI
EA:0B:E3:63:C0:5A,"AP10049611",[WPA2_PSK],2026-08-08 07:01:54,1,2412,-84,-33.438519,151.379004,17.920000,0.500000,,,WIFI
E2:55:A8:AD:D5:9A,"Red Rooster FREE Wifi",[OPEN],2026-08-08 07:01:54,1,2412,-84,-33.438519,151.379004,17.920000,0.500000,,,WIFI
2E:94:01:37:F7:4C,"NTGRBH_2894013AE088",[WPA3_PSK],2026-08-08 07:01:54,3,2422,-85,-33.438519,151.379004,17.920000,0.500000,,,WIFI
04:BD:88:ED:C9:40,"KSS-Hotspot",[OPEN],2026-08-08 07:01:54,11,2462,-85,-33.438519,151.379004,17.920000,0.500000,,,WIFI
04:BD:88:ED:C9:41,"THQ-WiFi",[WPA2_ENTERPRISE],2026-08-08 07:01:54,11,2462,-85,-33.438519,151.379004,17.920000,0.500000,,,WIFI
04:BD:88:ED:C9:42,"THQ-Mobile",[WPA2_ENTERPRISE],2026-08-08 07:01:54,11,2462,-85,-33.438519,151.379004,17.920000,0.500000,,,WIFI
04:BD:88:ED:C9:44,"kss-signage",[OPEN],2026-08-08 07:01:54,11,2462,-86,-33.438519,151.379004,17.920000,0.500000,,,WIFI
EE:55:A8:AD:D5:9A,"Red Rooster Erina",[WPA2_PSK],2026-08-08 07:01:54,1,2412,-87,-33.438519,151.379004,17.920000,0.500000,,,WIFI
28:94:01:37:F7:4C,"ORBI53",[WPA2_WPA3_PSK],2026-08-08 07:01:54,3,2422,-87,-33.438519,151.379004,17.920000,0.500000,,,WIFI
D0:B2:70:2B:04:5B,"Mazda-773d58",[WPA2_PSK],2026-08-08 07:01:54,6,2437,-87,-33.438519,151.379004,17.920000,0.500000,,,WIFI
A2:C9:EB:1B:33:80,"DoE_Home_st29",[WPA2_PSK],2026-08-08 07:01:54,4,2427,-88,-33.438519,151.379004,17.920000,0.500000,,,WIFI
A2:C9:EB:1B:1E:1C,"DoE_Home_st32",[WPA2_PSK],2026-08-08 07:01:54,8,2447,-88,-33.438519,151.379004,17.920000,0.500000,,,WIFI
AC:8B:A9:81:A5:0E,"OptimumNBN",[WPA2_PSK],2026-08-08 07:01:54,6,2437,-91,-33.438519,151.379004,17.920000,0.500000,,,WIFI
A2:C9:EB:1B:1E:00,"DoE_Home_st27",[WPA2_PSK],2026-08-08 07:01:54,13,2472,-93,-33.438519,151.379004,17.920000,0.500000,,,WIFI
0C:8D:DB:D9:28:45,"PENGUIN",[WPA_WPA2_PSK],2026-08-08 07:02:02,1,2412,-87,-33.438549,151.379548,14.780000,0.500000,,,WIFI
06:8D:DB:D9:28:45,"Ampol Free Wifi",[OPEN],2026-08-08 07:02:02,1,2412,-87,-33.438549,151.379548,14.780000,0.500000,,,WIFI
0A:8D:DB:D9:28:45,"TIPT",[WPA2_PSK],2026-08-08 07:02:02,1,2412,-88,-33.438549,151.379548,14.780000,0.500000,,,WIFI
02:8D:DB:D9:28:45,"Amplify",[WPA2_PSK],2026-08-08 07:02:02,1,2412,-88,-33.438549,151.379548,14.780000,0.500000,,,WIFI
84:70:51:93:48:45,"Smartphone_connect_934845",[WPA2_PSK],2026-08-08 07:02:11,6,2437,-73,-33.438552,151.379572,14.300000,0.500000,,,WIFI
44:E4:EE:38:9A:A6,"Audi_MMI_3456",[WPA2_PSK],2026-08-08 07:02:11,11,2462,-89,-33.438552,151.379572,14.300000,0.500000,,,WIFI
96:18:88:BC:EE:12,"TMFRDEV",[WPA2_PSK],2026-08-08 07:02:19,1,2412,-81,-33.438552,151.379572,14.300000,0.500000,,,WIFI
8E:18:88:BC:EE:12,"TMTAB",[WPA2_PSK],2026-08-08 07:02:19,1,2412,-81,-33.438552,151.379572,14.300000,0.500000,,,WIFI
98:18:88:BC:EE:12,"TM",[WPA2_PSK],2026-08-08 07:02:19,1,2412,-82,-33.438552,151.379572,14.300000,0.500000,,,WIFI
92:18:88:BC:EE:12,"TMTV",[WPA2_PSK],2026-08-08 07:02:19,1,2412,-84,-33.438552,151.379572,14.300000,0.500000,,,WIFI
8A:18:88:BC:EE:12,"TMWS",[WPA2_PSK],2026-08-08 07:02:19,1,2412,-85,-33.438552,151.379572,14.300000,0.500000,,,WIFI
74:08:DE:0A:4D:E8,"ING2.4G_231VKD041239",[WPA2_PSK],2026-08-08 07:02:19,6,2437,-89,-33.438552,151.379572,14.300000,0.500000,,,WIFI
84:78:48:FF:96:D5,"Erina_Staff",[WPA2_WPA3_PSK],2026-08-08 07:02:19,1,2412,-90,-33.438552,151.379572,14.300000,0.500000,,,WIFI
94:18:65:C5:E6:00,"Telstra2900",[WPA2_PSK],2026-08-08 07:02:19,6,2437,-90,-33.438552,151.379572,14.300000,0.500000,,,WIFI
CC:32:E5:65:10:16,"BNH",[WPA_WPA2_PSK],2026-08-08 07:02:19,3,2422,-92,-33.438552,151.379572,14.300000,0.500000,,,WIFI
0E:EA:14:A0:3E:BE,"Guest",[WPA2_PSK],2026-08-08 07:02:19,6,2437,-92,-33.438552,151.379572,14.300000,0.500000,,,WIFI
0E:EA:14:90:3E:BE,"Corporate",[WPA2_WPA3_PSK],2026-08-08 07:02:19,6,2437,-93,-33.438552,151.379572,14.300000,0.500000,,,WIFI
02:18:4A:5C:CA:55,"Free Telstra Wi-Fi",[OPEN],2026-08-08 07:02:36,1,2412,-84,-33.438524,151.380553,11.150000,0.500000,,,WIFI
D0:21:F9:8D:17:FC,"Beaumont Tiles",[WPA2_PSK],2026-08-08 07:02:36,6,2437,-84,-33.438524,151.380553,11.150000,0.500000,,,WIFI
6C:CD:D6:CC:BC:BD,"Telstra022B",[WPA2_PSK],2026-08-08 07:02:36,6,2437,-84,-33.438524,151.380553,11.150000,0.500000,,,WIFI
78:45:58:37:52:99,"Beaumont Tiles",[WPA2_PSK],2026-08-08 07:02:36,11,2462,-84,-33.438524,151.380553,11.150000,0.500000,,,WIFI
28:70:4E:E6:C0:41,"Aircon",[WPA2_PSK],2026-08-08 07:02:36,11,2462,-86,-33.438524,151.380553,11.150000,0.500000,,,WIFI
B0:39:56:C2:EB:4A,"Telstra38AB",[WPA2_PSK],2026-08-08 07:02:36,1,2412,-87,-33.438524,151.380553,11.150000,0.500000,,,WIFI
32:70:4E:E6:C0:41,"Petbarn-3rdParty",[WPA2_PSK],2026-08-08 07:02:36,11,2462,-87,-33.438524,151.380553,11.150000,0.500000,,,WIFI
10:D7:B0:84:B1:78,"Optus_84B176",[WPA2_PSK],2026-08-08 07:02:36,11,2462,-89,-33.438524,151.380553,11.150000,0.500000,,,WIFI
24:E1:24:F9:D2:54,"Claude_2.4",[WPA2_PSK],2026-08-08 07:02:41,11,2462,-80,-33.438333,151.381352,9.570000,0.500000,,,WIFI
B8:2D:28:50:95:8C,"L920PRO_2230417502",[WPA2_PSK],2026-08-08 07:02:41,6,2437,-81,-33.438333,151.381352,9.570000,0.500000,,,WIFI
16:49:BC:4F:5E:28,"HWE-2.4G",[WPA2_PSK],2026-08-08 07:02:41,6,2437,-89,-33.438333,151.381352,9.570000,0.500000,,,WIFI
36:94:54:92:E4:0F,"empowered",[WPA2_PSK],2026-08-08 07:02:41,6,2437,-89,-33.438333,151.381352,9.570000,0.500000,,,WIFI
D0:DB:B7:64:9E:57,"BristolErina",[WPA2_PSK],2026-08-08 07:02:41,13,2472,-90,-33.438333,151.381352,9.570000,0.500000,,,WIFI
2E:94:01:3A:E0:87,"ORBI53",[WPA2_WPA3_PSK],2026-08-08 07:02:49,3,2422,-80,-33.437933,151.382672,8.850000,0.500000,,,WIFI
60:A4:B7:E6:B8:44,"WiFi-B844",[WPA2_PSK],2026-08-08 07:02:49,9,2452,-80,-33.437933,151.382672,8.850000,0.500000,,,WIFI
CC:6C:52:0A:70:6B,"NetComm 4622",[WPA2_WPA3_PSK],2026-08-08 07:02:49,11,2462,-80,-33.437933,151.382672,8.850000,0.500000,,,WIFI
32:94:01:3A:E0:87,"NTGRBH_2894013AE088",[WPA2_WPA3_PSK],2026-08-08 07:02:49,3,2422,-81,-33.437933,151.382672,8.850000,0.500000,,,WIFI
70:A7:41:81:43:A4,"InvestBlue Guest",[WPA2_PSK],2026-08-08 07:02:49,11,2462,-81,-33.437933,151.382672,8.850000,0.500000,,,WIFI
76:A7:41:81:43:A4,"InvestBlue",[WPA2_PSK],2026-08-08 07:02:49,11,2462,-83,-33.437933,151.382672,8.850000,0.500000,,,WIFI
7E:A7:41:81:43:A4,"Ironbark Guest",[WPA2_PSK],2026-08-08 07:02:49,11,2462,-83,-33.437933,151.382672,8.850000,0.500000,,,WIFI
B8:D4:BC:B6:C6:B5,"Crepes By Heart",[WPA2_WPA3_PSK],2026-08-08 07:02:49,13,2472,-83,-33.437933,151.382672,8.850000,0.500000,,,WIFI
CC:6C:52:0A:8C:4E,"NetComm 4972",[WPA2_WPA3_PSK],2026-08-08 07:02:49,1,2412,-84,-33.437933,151.382672,8.850000,0.500000,,,WIFI
80:2A:A8:1A:59:B0,"InvestBlue Guest",[WPA2_PSK],2026-08-08 07:02:49,6,2437,-84,-33.437933,151.382672,8.850000,0.500000,,,WIFI
92:2A:A8:1A:59:B0,"Ironbark Guest",[WPA2_PSK],2026-08-08 07:02:49,6,2437,-84,-33.437933,151.382672,8.850000,0.500000,,,WIFI
DA:D8:E5:71:80:B9,"Telstra7180B1",[WPA2_PSK],2026-08-08 07:02:49,6,2437,-84,-33.437933,151.382672,8.850000,0.500000,,,WIFI
B8:08:D7:29:15:B8,"DODO-15B0",[WPA_WPA2_PSK],2026-08-08 07:02:49,8,2447,-84,-33.437933,151.382672,8.850000,0.500000,,,WIFI
86:2A:A8:1A:59:B0,"InvestBlue",[WPA2_PSK],2026-08-08 07:02:49,6,2437,-85,-33.437933,151.382672,8.850000,0.500000,,,WIFI
CC:2D:21:B4:9B:C1,"scsianz",[WPA_WPA2_PSK],2026-08-08 07:02:49,1,2412,-86,-33.437933,151.382672,8.850000,0.500000,,,WIFI
0A:C7:F5:E4:92:91,"TelstraE49289",[WPA2_PSK],2026-08-08 07:02:49,8,2447,-86,-33.437933,151.382672,8.850000,0.500000,,,WIFI
8A:2A:A8:1A:59:B0,"LifeWealth Guest",[WPA2_PSK],2026-08-08 07:02:49,6,2437,-87,-33.437933,151.382672,8.850000,0.500000,,,WIFI
C0:25:E9:9D:A5:7B,"QPC_24",[WPA2_PSK],2026-08-08 07:02:49,10,2457,-87,-33.437933,151.382672,8.850000,0.500000,,,WIFI
78:C5:7D:37:DB:11,"OPTUS_37DB10L",[WPA2_WPA3_PSK],2026-08-08 07:02:49,11,2462,-87,-33.437933,151.382672,8.850000,0.500000,,,WIFI
DC:2C:6E:A9:1D:60,"Northern",[WPA2_PSK],2026-08-08 07:02:49,1,2412,-88,-33.437933,151.382672,8.850000,0.500000,,,WIFI
D8:3A:DD:E8:8E:DF,"nst",[OPEN],2026-08-08 07:02:49,1,2412,-88,-33.437933,151.382672,8.850000,0.500000,,,WIFI
C4:9A:31:0B:24:51,"ErinaWIFI",[WPA2_WPA3_PSK],2026-08-08 07:02:49,4,2427,-88,-33.437933,151.382672,8.850000,0.500000,,,WIFI
98:03:8E:DE:6B:D6,"TP-Link_6BD6",[WPA2_PSK],2026-08-08 07:02:49,4,2427,-88,-33.437933,151.382672,8.850000,0.500000,,,WIFI
B0:BE:76:0F:93:90,"TP-Link_9390",[WPA2_PSK],2026-08-08 07:02:49,1,2412,-89,-33.437933,151.382672,8.850000,0.500000,,,WIFI
54:07:7D:7D:D5:7A,"Telstra0CE0_2GEXT",[WPA2_PSK],2026-08-08 07:02:49,1,2412,-89,-33.437933,151.382672,8.850000,0.500000,,,WIFI
92:30:66:CA:D9:09,"HopeMC",[WPA2_PSK],2026-08-08 07:02:49,6,2437,-89,-33.437933,151.382672,8.850000,0.500000,,,WIFI
D8:3A:DD:E8:93:37,"b",[OPEN],2026-08-08 07:02:49,11,2462,-89,-33.437933,151.382672,8.850000,0.500000,,,WIFI
C0:06:C3:F7:01:F4,"LKH",[WPA2_PSK],2026-08-08 07:02:49,1,2412,-90,-33.437933,151.382672,8.850000,0.500000,,,WIFI
A8:29:48:2E:5A:92,"Community Carers",[WPA2_PSK],2026-08-08 07:02:49,8,2447,-90,-33.437933,151.382672,8.850000,0.500000,,,WIFI
6C:CD:D6:CA:29:45,"Telstra390F",[WPA2_PSK],2026-08-08 07:02:49,11,2462,-90,-33.437933,151.382672,8.850000,0.500000,,,WIFI
DA:D8:E5:C5:FF:AE,"TelstraC5FFA6",[WPA2_PSK],2026-08-08 07:02:49,13,2472,-90,-33.437933,151.382672,8.850000,0.500000,,,WIFI
14:49:BC:4C:7E:6C,"ClarkRubberStore",[WPA2_PSK],2026-08-08 07:02:49,6,2437,-91,-33.437933,151.382672,8.850000,0.500000,,,WIFI
7E:B8:DA:62:86:9F,"My VW 7572",[WPA2_WPA3_PSK],2026-08-08 07:02:49,6,2437,-91,-33.437933,151.382672,8.850000,0.500000,,,WIFI
C4:AD:34:70:F0:9E,"MikroTik-70F09E",[WPA_WPA2_PSK],2026-08-08 07:02:49,8,2447,-91,-33.437933,151.382672,8.850000,0.500000,,,WIFI
08:02:8E:F0:54:A1,"Telstra0D74",[WPA2_PSK],2026-08-08 07:02:49,11,2462,-91,-33.437933,151.382672,8.850000,0.500000,,,WIFI
D0:DB:B7:5B:A1:9F,"NetComm 2319",[WPA2_PSK],2026-08-08 07:02:49,11,2462,-91,-33.437933,151.382672,8.850000,0.500000,,,WIFI
48:A9:8A:E8:DB:C8,"Northern",[WPA2_PSK],2026-08-08 07:02:49,8,2447,-92,-33.437933,151.382672,8.850000,0.500000,,,WIFI
94:A6:7E:4C:34:AE,"Telstra390F_2GEXT",[WPA2_PSK],2026-08-08 07:02:49,11,2462,-92,-33.437933,151.382672,8.850000,0.500000,,,WIFI
44:35:B9:01:BD:0B,"OPTUS_BE6EBD_2.4",[WPA2_PSK],2026-08-08 07:02:49,11,2462,-92,-33.437933,151.382672,8.850000,0.500000,,,WIFI
18:E8:29:67:AD:17,"Brazel Moore WiFi",[WPA2_PSK],2026-08-08 07:02:57,11,2462,-75,-33.437674,151.383489,9.460000,0.500000,,,WIFI
DC:B7:AC:2F:1B:22,"Life Medical Imaging - Admin",[WPA2_PSK],2026-08-08 07:02:57,1,2412,-76,-33.437674,151.383489,9.460000,0.500000,,,WIFI
DC:B7:AC:2F:1B:23,"Life Medical Imaging - Staff",[WPA2_PSK],2026-08-08 07:02:57,1,2412,-76,-33.437674,151.383489,9.460000,0.500000,,,WIFI
DC:B7:AC:2F:1B:24,"Life Medical Imaging - GuestWifi",[OPEN],2026-08-08 07:02:57,1,2412,-76,-33.437674,151.383489,9.460000,0.500000,,,WIFI
14:49:BC:35:77:80,"Telstra240B",[WPA2_WPA3_PSK],2026-08-08 07:02:57,6,2437,-78,-33.437674,151.383489,9.460000,0.500000,,,WIFI
08:02:8E:EC:A3:D9,"Telstra4C6B",[WPA2_PSK],2026-08-08 07:02:57,1,2412,-79,-33.437674,151.383489,9.460000,0.500000,,,WIFI
B4:8A:0A:6D:CD:85,"MAZZER-33386593",[WPA2_PSK],2026-08-08 07:02:57,1,2412,-81,-33.437674,151.383489,9.460000,0.500000,,,WIFI
84:F1:47:1B:DC:20,"PH_Express-EO",[OPEN],2026-08-08 07:02:57,1,2412,-82,-33.437674,151.383489,9.460000,0.500000,,,WIFI
84:F1:47:1B:DC:21,"PH_ManagedService-EO",[WPA2_ENTERPRISE],2026-08-08 07:02:57,1,2412,-82,-33.437674,151.383489,9.460000,0.500000,,,WIFI
B8:27:C5:B3:DA:B7,"HUAWEI_DAB7",[WPA2_PSK],2026-08-08 07:02:57,9,2452,-82,-33.437674,151.383489,9.460000,0.500000,,,WIFI
2E:70:4E:7E:0F:8E,"RAH_Gos",[WPA2_WPA3_PSK],2026-08-08 07:02:57,11,2462,-83,-33.437674,151.383489,9.460000,0.500000,,,WIFI
F6:92:BF:9D:12:6B,"RAH_Gos",[WPA2_WPA3_PSK],2026-08-08 07:02:57,1,2412,-84,-33.437674,151.383489,9.460000,0.500000,,,WIFI
84:F1:47:1B:F7:E0,"PH_Express-EO",[OPEN],2026-08-08 07:02:57,6,2437,-84,-33.437674,151.383489,9.460000,0.500000,,,WIFI
F8:CA:59:59:A1:C7,"EXPRESSLUBE ",[WPA2_PSK],2026-08-08 07:02:57,1,2412,-86,-33.437674,151.383489,9.460000,0.500000,,,WIFI
84:78:48:CE:9A:F1,"RAH_Gos Boardroom",[WPA2_WPA3_PSK],2026-08-08 07:02:57,11,2462,-86,-33.437674,151.383489,9.460000,0.500000,,,WIFI
C6:06:C3:DC:B6:FE,"PC Guest",[OPEN],2026-08-08 07:02:57,11,2462,-86,-33.437674,151.383489,9.460000,0.500000,,,WIFI
68:FF:7B:D3:E3:89,"WiFi-E389",[WPA2_PSK],2026-08-08 07:02:57,8,2447,-87,-33.437674,151.383489,9.460000,0.500000,,,WIFI
88:0F:A2:BB:4C:86,"WiFi-M4FMR",[WPA2_WPA3_PSK],2026-08-08 07:02:57,1,2412,-88,-33.437674,151.383489,9.460000,0.500000,,,WIFI
84:F1:47:1B:F7:E1,"PH_ManagedService-EO",[WPA2_ENTERPRISE],2026-08-08 07:02:57,6,2437,-89,-33.437674,151.383489,9.460000,0.500000,,,WIFI
D4:35:1D:7E:0F:94,"Telstra7E0F94",[WPA2_PSK],2026-08-08 07:02:57,12,2467,-89,-33.437674,151.383489,9.460000,0.500000,,,WIFI
A8:42:A1:64:76:B4,"ErinaWIFI_EXT",[WPA2_WPA3_PSK],2026-08-08 07:02:57,4,2427,-90,-33.437674,151.383489,9.460000,0.500000,,,WIFI
D0:21:F9:31:B7:BD,"FiveStar DaySpa",[WPA2_PSK],2026-08-08 07:02:57,6,2437,-90,-33.437674,151.383489,9.460000,0.500000,,,WIFI
E8:6F:38:41:DF:38,"NOKIA-E86F3841DF33",[WPA_WPA2_PSK],2026-08-08 07:02:57,13,2472,-90,-33.437674,151.383489,9.460000,0.500000,,,WIFI
32:39:F9:02:2B:E6,"Telstra022BE6",[WPA2_WPA3_PSK],2026-08-08 07:02:57,1,2412,-91,-33.437674,151.383489,9.460000,0.500000,,,WIFI
74:DA:88:76:7B:5A,"TP-Link_7B5A",[WPA2_PSK],2026-08-08 07:02:57,3,2422,-91,-33.437674,151.383489,9.460000,0.500000,,,WIFI
DA:D8:E5:5D:FE:C7,"Telstra5DFEBF",[OPEN],2026-08-08 07:02:57,6,2437,-92,-33.437674,151.383489,9.460000,0.500000,,,WIFI
C0:06:C3:DC:B6:FE,"PC",[WPA2_PSK],2026-08-08 07:02:57,11,2462,-92,-33.437674,151.383489,9.460000,0.500000,,,WIFI
14:49:BC:9D:E3:B8,"MDA",[WPA2_WPA3_PSK],2026-08-08 07:02:57,6,2437,-93,-33.437674,151.383489,9.460000,0.500000,,,WIFI
32:3C:20:27:D9:F6,"Telstra27D9F6",[WPA2_WPA3_PSK],2026-08-08 07:03:06,7,2442,-65,-33.438183,151.384073,11.280000,0.500000,,,WIFI
14:49:BC:9D:E3:BA,"MDA_Data",[WPA2_WPA3_PSK],2026-08-08 07:03:06,6,2437,-68,-33.438183,151.384073,11.280000,0.500000,,,WIFI
F8:CA:59:4F:9E:C1,"Aussie Broadband 7886",[WPA2_PSK],2026-08-08 07:03:06,11,2462,-74,-33.438183,151.384073,11.280000,0.500000,,,WIFI
9A:2A:6F:38:3D:F9,"One Agency Guest WiFi",[WPA2_PSK],2026-08-08 07:03:06,1,2412,-76,-33.438183,151.384073,11.280000,0.500000,,,WIFI
CC:6C:52:0A:84:7C,"Trilogy WiFi",[WPA2_WPA3_PSK],2026-08-08 07:03:06,1,2412,-76,-33.438183,151.384073,11.280000,0.500000,,,WIFI
E0:B6:68:9C:F8:08,"Wi-Fi 9CF808 2.4G",[WPA2_PSK],2026-08-08 07:03:06,7,2442,-77,-33.438183,151.384073,11.280000,0.500000,,,WIFI
94:2A:6F:38:3D:F9,"One Agency Admin Wifi",[WPA2_PSK],2026-08-08 07:03:06,1,2412,-78,-33.438183,151.384073,11.280000,0.500000,,,WIFI
10:DA:43:F0:C1:E2,"Telstra2D0F",[WPA2_PSK],2026-08-08 07:03:06,11,2462,-79,-33.438183,151.384073,11.280000,0.500000,,,WIFI
74:AC:B9:6A:26:2A,"Eclipse Advisory",[WPA2_PSK],2026-08-08 07:03:06,6,2437,-85,-33.438183,151.384073,11.280000,0.500000,,,WIFI
34:98:B5:19:6F:49,"FLF+C@E_BO",[WPA2_PSK],2026-08-08 07:03:06,13,2472,-85,-33.438183,151.384073,11.280000,0.500000,,,WIFI
74:83:C2:BA:16:2D,"KC_WiFi",[WPA2_PSK],2026-08-08 07:03:06,6,2437,-88,-33.438183,151.384073,11.280000,0.500000,,,WIFI
00:F8:CC:DE:23:BC,"OPTUS_DE23BAM",[WPA2_WPA3_PSK],2026-08-08 07:03:06,1,2412,-90,-33.438183,151.384073,11.280000,0.500000,,,WIFI
F0:FE:6B:7A:75:EC,"AP_635270179",[OPEN],2026-08-08 07:03:06,1,2412,-91,-33.438183,151.384073,11.280000,0.500000,,,WIFI
CE:9E:43:89:00:8C,"ORBI24",[WPA2_PSK],2026-08-08 07:03:15,3,2422,-53,-33.438794,151.384818,9.550000,0.500000,,,WIFI
CE:9E:43:89:02:B1,"ORBI24",[WPA2_PSK],2026-08-08 07:03:15,3,2422,-56,-33.438794,151.384818,9.550000,0.500000,,,WIFI
CC:40:D0:8E:DF:E5,"Telstra1F41",[WPA2_PSK],2026-08-08 07:03:15,1,2412,-58,-33.438794,151.384818,9.550000,0.500000,,,WIFI
86:69:93:27:AE:33,"DIRECT-33-HP ENVY 6400 series",[WPA2_PSK],2026-08-08 07:03:15,1,2412,-73,-33.438794,151.384818,9.550000,0.500000,,,WIFI
D8:B3:70:F5:44:19,"Convenient WiFi",[WPA2_PSK],2026-08-08 07:03:15,6,2437,-76,-33.438794,151.384818,9.550000,0.500000,,,WIFI
78:45:58:31:61:9F,"ER_TOYS",[WPA2_PSK],2026-08-08 07:03:15,6,2437,-80,-33.438794,151.384818,9.550000,0.500000,,,WIFI
B0:92:4A:C7:9A:14,"OPTUS_C79A12M",[WPA2_WPA3_PSK],2026-08-08 07:03:15,11,2462,-84,-33.438794,151.384818,9.550000,0.500000,,,WIFI
7E:45:58:03:11:93,"ITP-GUEST",[WPA2_PSK],2026-08-08 07:03:15,6,2437,-85,-33.438794,151.384818,9.550000,0.500000,,,WIFI
74:08:DE:0B:A7:31,"ING2.4G_23CFKD0E2017",[WPA2_PSK],2026-08-08 07:03:15,6,2437,-85,-33.438794,151.384818,9.550000,0.500000,,,WIFI
3C:37:86:5B:FE:17,"ARLO_VMB_6299519683",[WPA2_PSK],2026-08-08 07:03:15,9,2452,-85,-33.438794,151.384818,9.550000,0.500000,,,WIFI
80:80:2C:74:00:FA,"CPA_Smart",[WPA2_PSK],2026-08-08 07:03:15,11,2462,-85,-33.438794,151.384818,9.550000,0.500000,,,WIFI
D6:21:F9:27:CA:87,"Swirl",[WPA2_ENTERPRISE],2026-08-08 07:03:15,1,2412,-86,-33.438794,151.384818,9.550000,0.500000,,,WIFI
DA:21:F9:27:CA:87,"Swirl-IEA",[WPA2_PSK],2026-08-08 07:03:15,1,2412,-86,-33.438794,151.384818,9.550000,0.500000,,,WIFI
78:45:58:03:11:93,"ITP-OFFICE",[WPA2_PSK],2026-08-08 07:03:15,6,2437,-86,-33.438794,151.384818,9.550000,0.500000,,,WIFI
80:80:2C:74:00:FB,"CPA_WIFI",[WPA2_PSK],2026-08-08 07:03:15,11,2462,-86,-33.438794,151.384818,9.550000,0.500000,,,WIFI
28:70:4E:53:12:22,"Convenient WiFi",[WPA2_PSK],2026-08-08 07:03:15,6,2437,-87,-33.438794,151.384818,9.550000,0.500000,,,WIFI
08:02:8E:EC:A9:15,"FLF+C@E",[WPA2_PSK],2026-08-08 07:03:15,6,2437,-87,-33.438794,151.384818,9.550000,0.500000,,,WIFI
16:27:F5:9C:A6:10,"PC Guest",[OPEN],2026-08-08 07:03:15,11,2462,-87,-33.438794,151.384818,9.550000,0.500000,,,WIFI
86:2A:FD:A4:A5:AE,"DIRECT-ae-HP M15 LaserJet",[WPA2_PSK],2026-08-08 07:03:15,5,2432,-88,-33.438794,151.384818,9.550000,0.500000,,,WIFI
F8:CA:59:4A:9B:81,"NetComm 0191",[WPA2_PSK],2026-08-08 07:03:15,9,2452,-88,-33.438794,151.384818,9.550000,0.500000,,,WIFI
74:08:DE:0C:F2:B6,"ING2.4G_248PKD0V1017",[WPA2_PSK],2026-08-08 07:03:15,11,2462,-88,-33.438794,151.384818,9.550000,0.500000,,,WIFI
D0:DB:B7:94:47:93,"Telstra2B98",[WPA2_PSK],2026-08-08 07:03:15,7,2442,-89,-33.438794,151.384818,9.550000,0.500000,,,WIFI
94:F3:92:B3:DA:8A,"Digital_Signage",[WPA2_PSK],2026-08-08 07:03:15,11,2462,-89,-33.438794,151.384818,9.550000,0.500000,,,WIFI
94:F3:92:B3:DA:8D,"PDA",[WPA2_PSK],2026-08-08 07:03:15,11,2462,-89,-33.438794,151.384818,9.550000,0.500000,,,WIFI
E0:C2:50:4B:92:72,"NETGEAR28",[WPA2_PSK],2026-08-08 07:03:15,13,2472,-89,-33.438794,151.384818,9.550000,0.500000,,,WIFI
94:F3:92:B3:DA:89,"CCTV_WIFI",[WPA2_PSK],2026-08-08 07:03:15,11,2462,-90,-33.438794,151.384818,9.550000,0.500000,,,WIFI
B2:0C:D1:23:B7:8F,"DIRECT-8f-HP M15 LaserJet",[WPA2_PSK],2026-08-08 07:03:15,5,2432,-91,-33.438794,151.384818,9.550000,0.500000,,,WIFI
8C:90:2D:A8:4F:5C,"TP-Link_4F5C",[WPA2_PSK],2026-08-08 07:03:15,8,2447,-92,-33.438794,151.384818,9.550000,0.500000,,,WIFI
94:F3:92:B3:DA:8C,"IPADS",[WPA2_PSK],2026-08-08 07:03:15,11,2462,-92,-33.438794,151.384818,9.550000,0.500000,,,WIFI
44:AD:B1:FC:20:50,"Optus_FC204E",[WPA2_PSK],2026-08-08 07:03:23,1,2412,-63,-33.438883,151.385564,11.620000,0.500000,,,WIFI
D0:21:F9:27:CA:87,"ORS Group Training",[WPA2_PSK],2026-08-08 07:03:23,1,2412,-78,-33.438883,151.385564,11.620000,0.500000,,,WIFI
E0:B9:E5:AB:DD:2D,"iiNetABDD2D",[WPA2_PSK],2026-08-08 07:03:23,11,2462,-79,-33.438883,151.385564,11.620000,0.500000,,,WIFI
16:49:BC:42:21:08,"OFFICE2.4",[WPA2_PSK],2026-08-08 07:03:23,6,2437,-81,-33.438883,151.385564,11.620000,0.500000,,,WIFI
64:66:24:26:F8:F2,"Vixen Hair Design Wifi",[WPA2_PSK],2026-08-08 07:03:23,1,2412,-82,-33.438883,151.385564,11.620000,0.500000,,,WIFI
18:E8:29:6D:B4:42,"Valletta",[WPA2_PSK],2026-08-08 07:03:23,6,2437,-82,-33.438883,151.385564,11.620000,0.500000,,,WIFI
1E:E8:29:6D:B4:42,"Valletta_Cameras",[WPA2_PSK],2026-08-08 07:03:23,6,2437,-82,-33.438883,151.385564,11.620000,0.500000,,,WIFI
E6:46:EE:1C:96:47,"RembraeDruyfs",[WPA2_PSK],2026-08-08 07:03:23,7,2442,-82,-33.438883,151.385564,11.620000,0.500000,,,WIFI
94:18:65:C9:88:B0,"Telstra19DF",[WPA2_PSK],2026-08-08 07:03:23,1,2412,-83,-33.438883,151.385564,11.620000,0.500000,,,WIFI
2E:52:A1:37:D7:5D,"VX220-D75C",[WPA2_PSK],2026-08-08 07:03:23,6,2437,-83,-33.438883,151.385564,11.620000,0.500000,,,WIFI
78:8A:20:B7:81:62,"SAIGE",[WPA2_WPA3_PSK],2026-08-08 07:03:23,1,2412,-84,-33.438883,151.385564,11.620000,0.500000,,,WIFI
D0:6F:82:40:00:18,"DODO-0012",[WPA_WPA2_PSK],2026-08-08 07:03:23,1,2412,-85,-33.438883,151.385564,11.620000,0.500000,,,WIFI
BC:30:D9:CE:AA:9D,"TelstraCEAA9B",[WPA2_PSK],2026-08-08 07:03:23,6,2437,-85,-33.438883,151.385564,11.620000,0.500000,,,WIFI
B0:92:4A:AF:2D:48,"Joeys Wifi",[WPA2_WPA3_PSK],2026-08-08 07:03:23,1,2412,-87,-33.438883,151.385564,11.620000,0.500000,,,WIFI
38:06:E6:7C:DD:C3,"OPTUS_7CDDC0N",[WPA2_WPA3_PSK],2026-08-08 07:03:23,11,2462,-88,-33.438883,151.385564,11.620000,0.500000,,,WIFI
44:15:24:7E:B0:1D,"OPTUS_7EB01BM",[WPA2_WPA3_PSK],2026-08-08 07:03:23,11,2462,-89,-33.438883,151.385564,11.620000,0.500000,,,WIFI
C0:74:AD:64:7B:B9,"DVS",[WPA2_PSK],2026-08-08 07:03:23,1,2412,-90,-33.438883,151.385564,11.620000,0.500000,,,WIFI
00:2A:10:09:7F:F1,"Sonic-Healthcare",[WPA2_ENTERPRISE],2026-08-08 07:03:23,11,2462,-90,-33.438883,151.385564,11.620000,0.500000,,,WIFI
00:2A:10:09:7F:F3,"Sonic-Guest",[OPEN],2026-08-08 07:03:23,11,2462,-90,-33.438883,151.385564,11.620000,0.500000,,,WIFI
00:2A:10:09:7F:F0,"Sonic-SOE",[WPA2_ENTERPRISE],2026-08-08 07:03:23,11,2462,-90,-33.438883,151.385564,11.620000,0.500000,,,WIFI
06:18:D6:AD:A3:C0,"PNV",[WPA2_PSK],2026-08-08 07:03:23,1,2412,-91,-33.438883,151.385564,11.620000,0.500000,,,WIFI
00:2A:10:09:7F:F2,"SCS – ExtDev",[WPA2_PSK],2026-08-08 07:03:23,11,2462,-92,-33.438883,151.385564,11.620000,0.500000,,,WIFI
3C:58:5D:A3:DF:DA,"OPTUS_A3DFD8M",[WPA2_WPA3_PSK],2026-08-08 07:03:32,1,2412,-68,-33.439047,151.386610,11.390000,0.500000,,,WIFI
EC:BE:DD:3C:2F:F1,"Optus_3C2FEF",[WPA2_PSK],2026-08-08 07:03:32,1,2412,-77,-33.439047,151.386610,11.390000,0.500000,,,WIFI
D0:DB:B7:9E:EA:FA,"NetComm 2494",[WPA2_PSK],2026-08-08 07:03:32,1,2412,-78,-33.439047,151.386610,11.390000,0.500000,,,WIFI
A4:91:B1:6F:95:82,"Telstra6F9582",[WPA2_PSK],2026-08-08 07:03:32,13,2472,-79,-33.439047,151.386610,11.390000,0.500000,,,WIFI
D0:DB:B7:D1:AE:0D,"NetComm 9286",[WPA2_WPA3_PSK],2026-08-08 07:03:32,1,2412,-83,-33.439047,151.386610,11.390000,0.500000,,,WIFI
38:0E:4D:20:86:81,"Sonic-Healthcare",[WPA2_ENTERPRISE],2026-08-08 07:03:32,1,2412,-84,-33.439047,151.386610,11.390000,0.500000,,,WIFI
D0:DB:B7:93:C3:6E,"Aussie Broadband 8256",[WPA2_PSK],2026-08-08 07:03:32,1,2412,-86,-33.439047,151.386610,11.390000,0.500000,,,WIFI
9E:03:8E:D1:96:72,"WiFi-D19671",[WPA2_PSK],2026-08-08 07:03:32,5,2432,-86,-33.439047,151.386610,11.390000,0.500000,,,WIFI
04:18:D6:AD:A3:C0,"PNLE",[WPA2_PSK],2026-08-08 07:03:32,1,2412,-87,-33.439047,151.386610,11.390000,0.500000,,,WIFI
2E:C8:1B:DF:CB:17,"MXO",[WPA2_PSK],2026-08-08 07:03:32,3,2422,-89,-33.439047,151.386610,11.390000,0.500000,,,WIFI
AE:B0:24:21:E2:0F,"WiFi-21E20E",[WPA2_PSK],2026-08-08 07:03:32,3,2422,-89,-33.439047,151.386610,11.390000,0.500000,,,WIFI
D8:D7:75:32:A9:7D,"Telstra32A977",[WPA2_PSK],2026-08-08 07:03:32,11,2462,-89,-33.439047,151.386610,11.390000,0.500000,,,WIFI
44:35:B9:04:38:62,"Aussie Broadband 9899",[WPA2_PSK],2026-08-08 07:03:32,11,2462,-89,-33.439047,151.386610,11.390000,0.500000,,,WIFI
38:0E:4D:20:86:82,"Sonic-Guest",[OPEN],2026-08-08 07:03:32,1,2412,-90,-33.439047,151.386610,11.390000,0.500000,,,WIFI
98:25:4A:B9:DA:31,"Bongmun",[WPA2_PSK],2026-08-08 07:03:32,3,2422,-90,-33.439047,151.386610,11.390000,0.500000,,,WIFI
58:04:4F:02:98:E3,"Origin_0298E3",[WPA2_PSK],2026-08-08 07:03:32,8,2447,-91,-33.439047,151.386610,11.390000,0.500000,,,WIFI
6C:CD:D6:CB:2C:45,"Telstra2308",[WPA2_PSK],2026-08-08 07:03:32,11,2462,-91,-33.439047,151.386610,11.390000,0.500000,,,WIFI
C0:74:AD:B3:A6:9D,"KazianWireless",[WPA2_PSK],2026-08-08 07:03:32,1,2412,-92,-33.439047,151.386610,11.390000,0.500000,,,WIFI
7A:20:51:2C:FC:E9,"VX420-FCE8",[WPA2_PSK],2026-08-08 07:03:32,5,2432,-92,-33.439047,151.386610,11.390000,0.500000,,,WIFI
64:6D:6C:9A:C6:40,"DODO-C63A",[WPA_WPA2_PSK],2026-08-08 07:03:32,8,2447,-92,-33.439047,151.386610,11.390000,0.500000,,,WIFI
D4:35:1D:16:87:85,"Telstra168785",[WPA2_PSK],2026-08-08 07:03:32,11,2462,-92,-33.439047,151.386610,11.390000,0.500000,,,WIFI
A8:FB:40:C8:FA:1B,"NOKIA-FA10",[WPA2_WPA3_PSK],2026-08-08 07:03:32,11,2462,-92,-33.439047,151.386610,11.390000,0.500000,,,WIFI
16:61:B4:42:1F:B7,"VX220-1FB6",[WPA2_PSK],2026-08-08 07:03:32,6,2437,-93,-33.439047,151.386610,11.390000,0.500000,,,WIFI
CC:6C:52:0B:00:AA,"New Light Psychology Clinic ",[WPA2_WPA3_PSK],2026-08-08 07:03:32,11,2462,-93,-33.439047,151.386610,11.390000,0.500000,,,WIFI
06:18:D6:AD:A3:C2,"PNV",[WPA2_PSK],2026-08-08 07:03:41,1,2412,-75,-33.439221,151.387850,10.840000,0.500000,,,WIFI
44:15:24:7E:9E:06,"OPTUS_7E9E04M",[WPA2_WPA3_PSK],2026-08-08 07:03:41,11,2462,-79,-33.439221,151.387850,10.840000,0.500000,,,WIFI
24:81:3B:63:7D:09,"CiscoAirProvision",[WPA2_PSK],2026-08-08 07:03:41,8,2447,-82,-33.439221,151.387850,10.840000,0.500000,,,WIFI
04:18:D6:AD:A3:C2,"PNLE",[WPA2_PSK],2026-08-08 07:03:41,1,2412,-87,-33.439221,151.387850,10.840000,0.500000,,,WIFI
B0:BE:76:5D:3D:85,"TP-Link_3D85",[WPA2_PSK],2026-08-08 07:03:41,10,2457,-89,-33.439221,151.387850,10.840000,0.500000,,,WIFI
0A:C7:F5:8F:C8:7E,"Telstra8FC876",[WPA2_PSK],2026-08-08 07:03:41,6,2437,-90,-33.439221,151.387850,10.840000,0.500000,,,WIFI
D0:21:F9:8D:19:67,"Telstra4B6DB7",[WPA2_PSK],2026-08-08 07:03:41,11,2462,-93,-33.439221,151.387850,10.840000,0.500000,,,WIFI
70:66:55:F8:F7:34,"DaikinAP37833",[WPA2_PSK],2026-08-08 07:03:41,10,2457,-95,-33.439221,151.387850,10.840000,0.500000,,,WIFI
24:18:C6:6B:6F:86,"Thinkware_LSCIVIC",[WPA2_PSK],2026-08-08 07:03:49,3,2422,-73,-33.439378,151.389006,14.870000,0.500000,,,WIFI
38:E1:F4:FF:6F:AB,"OPTUS_FF6FA9M",[WPA2_WPA3_PSK],2026-08-08 07:03:49,6,2437,-73,-33.439378,151.389006,14.870000,0.500000,,,WIFI
72:CD:D6:A4:34:7F,"ORBI39",[WPA2_PSK],2026-08-08 07:03:49,3,2422,-76,-33.439378,151.389006,14.870000,0.500000,,,WIFI
D6:35:1D:E9:DC:AA,"TelstraE9DCA2",[WPA2_WPA3_PSK],2026-08-08 07:03:49,1,2412,-78,-33.439378,151.389006,14.870000,0.500000,,,WIFI
E0:B9:E5:99:0E:71,"iiNet990E71",[WPA2_PSK],2026-08-08 07:03:49,11,2462,-82,-33.439378,151.389006,14.870000,0.500000,,,WIFI
00:0F:00:76:1E:4E,"IROAD_X9_761E4E",[WPA2_PSK],2026-08-08 07:03:49,6,2437,-84,-33.439378,151.389006,14.870000,0.500000,,,WIFI
98:39:10:6D:DB:85,"HomeSwtHome 2.4GH",[WPA2_PSK],2026-08-08 07:03:49,6,2437,-86,-33.439378,151.389006,14.870000,0.500000,,,WIFI
DA:D8:E5:55:D8:F1,"Telstra55D8E9",[WPA2_PSK],2026-08-08 07:03:49,1,2412,-87,-33.439378,151.389006,14.870000,0.500000,,,WIFI
6C:15:DB:4F:F8:A2,"WIFI-QRUW5EF",[WPA2_WPA3_PSK],2026-08-08 07:03:49,13,2472,-88,-33.439378,151.389006,14.870000,0.500000,,,WIFI
94:18:65:C7:10:C8,"Telstra02A9",[WPA2_PSK],2026-08-08 07:03:49,6,2437,-89,-33.439378,151.389006,14.870000,0.500000,,,WIFI
54:B7:BD:6A:4C:E3,"OPTUS_6A4CE0N",[WPA2_WPA3_PSK],2026-08-08 07:03:49,1,2412,-90,-33.439378,151.389006,14.870000,0.500000,,,WIFI
0C:EA:14:BF:38:05,"CC-Psych",[WPA2_PSK],2026-08-08 07:03:49,11,2462,-90,-33.439378,151.389006,14.870000,0.500000,,,WIFI
10:2B:AA:D0:42:03,"OPTUS_D04201M",[WPA2_WPA3_PSK],2026-08-08 07:03:49,11,2462,-92,-33.439378,151.389006,14.870000,0.500000,,,WIFI
7A:20:51:2D:30:41,"WiFi-2D3040",[WPA2_PSK],2026-08-08 07:03:58,1,2412,-73,-33.439560,151.390220,24.020000,0.500000,,,WIFI
C6:44:89:9B:1B:9C,"WiFi-9B1B9B",[WPA2_PSK],2026-08-08 07:03:58,2,2417,-82,-33.439560,151.390220,24.020000,0.500000,,,WIFI
14:5F:94:D8:71:D0,"DODO-71C7",[WPA_WPA2_PSK],2026-08-08 07:03:58,11,2462,-83,-33.439560,151.390220,24.020000,0.500000,,,WIFI
B0:92:4A:AE:BE:77,"Tattooine",[WPA2_PSK],2026-08-08 07:03:58,1,2412,-84,-33.439560,151.390220,24.020000,0.500000,,,WIFI
0C:EA:14:BE:12:F1,"CC-Psych",[WPA2_PSK],2026-08-08 07:03:58,11,2462,-84,-33.439560,151.390220,24.020000,0.500000,,,WIFI
FA:8F:CA:90:52:61,"JBL Bar 5.1_7945.l025,",[OPEN],2026-08-08 07:03:58,2,2417,-86,-33.439560,151.390220,24.020000,0.500000,,,WIFI
10:D7:B0:9D:AD:35,"Optus_9DAD33",[WPA2_PSK],2026-08-08 07:03:58,6,2437,-87,-33.439560,151.390220,24.020000,0.500000,,,WIFI
B2:92:4A:AE:BF:70,"kelpies2.4",[WPA_WPA2_PSK],2026-08-08 07:03:58,1,2412,-88,-33.439560,151.390220,24.020000,0.500000,,,WIFI
0E:A8:46:2F:05:F6,"Cridlands",[WPA2_PSK],2026-08-08 07:03:58,6,2437,-89,-33.439560,151.390220,24.020000,0.500000,,,WIFI
D4:35:1D:D3:3E:0E,"TelstraD33E0E",[WPA2_PSK],2026-08-08 07:03:58,11,2462,-91,-33.439560,151.390220,24.020000,0.500000,,,WIFI
5C:62:8B:8D:D5:06,"Belong2B233D_EXT",[WPA2_PSK],2026-08-08 07:03:58,11,2462,-91,-33.439560,151.390220,24.020000,0.500000,,,WIFI
04:F0:21:4C:D6:68,"FRNSW_VaaN",[WPA2_PSK],2026-08-08 07:03:58,11,2462,-92,-33.439560,151.390220,24.020000,0.500000,,,WIFI
9C:A2:F4:E8:34:88,"TP-Link_3488",[WPA2_PSK],2026-08-08 07:03:58,11,2462,-96,-33.439560,151.390220,24.020000,0.500000,,,WIFI
54:B7:BD:6A:4C:E3,"OPTUS_6A4CE0N",[WPA2_WPA3_PSK],2026-08-08 07:04:06,1,2412,-81,-33.439666,151.390993,24.860000,0.500000,,,WIFI
A2:B5:3C:65:16:99,"Telstra651691",[WPA2_WPA3_PSK],2026-08-08 07:04:06,1,2412,-84,-33.439666,151.390993,24.860000,0.500000,,,WIFI
F8:CA:59:A0:E8:10,"Aussie Broadband 1276",[WPA2_PSK],2026-08-08 07:04:06,6,2437,-84,-33.439666,151.390993,24.860000,0.500000,,,WIFI
0C:EA:14:BE:12:F1,"CC-Psych",[WPA2_PSK],2026-08-08 07:04:06,11,2462,-84,-33.439666,151.390993,24.860000,0.500000,,,WIFI
10:2B:AA:D0:42:03,"OPTUS_D04201M",[WPA2_WPA3_PSK],2026-08-08 07:04:06,11,2462,-85,-33.439666,151.390993,24.860000,0.500000,,,WIFI
72:CD:D6:A4:34:7F,"ORBI39",[WPA2_PSK],2026-08-08 07:04:06,3,2422,-86,-33.439666,151.390993,24.860000,0.500000,,,WIFI
D4:35:1D:D3:3E:0E,"TelstraD33E0E",[WPA2_PSK],2026-08-08 07:04:06,11,2462,-86,-33.439666,151.390993,24.860000,0.500000,,,WIFI
14:5F:94:D8:71:D0,"DODO-71C7",[WPA_WPA2_PSK],2026-08-08 07:04:06,11,2462,-86,-33.439666,151.390993,24.860000,0.500000,,,WIFI
D6:92:5E:D8:8D:9F,"TelstraD88D97",[WPA2_PSK],2026-08-08 07:04:06,1,2412,-89,-33.439666,151.390993,24.860000,0.500000,,,WIFI
00:25:42:ED:42:3C,"BlackVue770X-ED423C",[WPA2_PSK],2026-08-08 07:04:06,6,2437,-89,-33.439666,151.390993,24.860000,0.500000,,,WIFI
44:35:B9:00:A1:4D,"NetComm 3333",[WPA2_PSK],2026-08-08 07:04:06,6,2437,-89,-33.439666,151.390993,24.860000,0.500000,,,WIFI
D4:35:1D:89:3F:9E,"Telstra893F9E",[WPA2_PSK],2026-08-08 07:04:06,13,2472,-89,-33.439666,151.390993,24.860000,0.500000,,,WIFI
00:25:42:EE:FB:31,"BlackVue800GOLD-EEFB31",[WPA2_PSK],2026-08-08 07:04:06,6,2437,-90,-33.439666,151.390993,24.860000,0.500000,,,WIFI
D6:35:1D:E9:DC:AA,"TelstraE9DCA2",[WPA2_WPA3_PSK],2026-08-08 07:04:06,1,2412,-91,-33.439666,151.390993,24.860000,0.500000,,,WIFI
D8:33:B7:E2:39:46,"WiFi-HT52T",[WPA2_WPA3_PSK],2026-08-08 07:04:06,1,2412,-91,-33.439666,151.390993,24.860000,0.500000,,,WIFI
38:E1:F4:FF:6F:AB,"OPTUS_FF6FA9M",[WPA2_WPA3_PSK],2026-08-08 07:04:06,6,2437,-92,-33.439666,151.390993,24.860000,0.500000,,,WIFI
20:97:27:63:DF:12,"RUT241_DF12",[WPA2_PSK],2026-08-08 07:04:15,1,2412,-88,-33.439614,151.391609,23.770000,0.500000,,,WIFI
9C:C9:EB:85:55:B1,"Telstra044C",[WPA2_PSK],2026-08-08 07:04:15,11,2462,-89,-33.439614,151.391609,23.770000,0.500000,,,WIFI
E0:2D:F0:09:A6:04,"CarPlay_a604",[WPA2_PSK],2026-08-08 07:04:15,1,2412,-91,-33.439614,151.391609,23.770000,0.500000,,,WIFI
9A:18:65:7B:B6:44,"RembraeDruyfs",[WPA2_PSK],2026-08-08 07:04:23,7,2442,-78,-33.439230,151.391746,28.170000,0.500000,,,WIFI
A8:40:0B:3C:10:EE,"Mazda-c58a93",[WPA2_PSK],2026-08-08 07:04:23,6,2437,-82,-33.439230,151.391746,28.170000,0.500000,,,WIFI
24:5A:4C:82:C9:B0,"THE BASE",[WPA2_PSK],2026-08-08 07:04:23,6,2437,-83,-33.439230,151.391746,28.170000,0.500000,,,WIFI
20:97:27:69:F0:28,"RUT241_F028",[WPA2_PSK],2026-08-08 07:04:23,1,2412,-84,-33.439230,151.391746,28.170000,0.500000,,,WIFI
74:FE:CE:3D:9E:58,"TP-Link_9E58",[WPA2_PSK],2026-08-08 07:04:23,9,2452,-85,-33.439230,151.391746,28.170000,0.500000,,,WIFI
D0:21:F9:D2:43:CA,"THE BASE",[WPA2_PSK],2026-08-08 07:04:23,6,2437,-86,-33.439230,151.391746,28.170000,0.500000,,,WIFI
C0:06:C3:99:19:CE,"WiFi-9919CE",[WPA2_PSK],2026-08-08 07:04:23,7,2442,-86,-33.439230,151.391746,28.170000,0.500000,,,WIFI
E6:46:EE:1C:96:47,"RembraeDruyfs",[WPA2_PSK],2026-08-08 07:04:23,7,2442,-86,-33.439230,151.391746,28.170000,0.500000,,,WIFI
0A:C7:F5:8F:C8:7E,"Telstra8FC876",[WPA2_PSK],2026-08-08 07:04:23,6,2437,-87,-33.439230,151.391746,28.170000,0.500000,,,WIFI
7E:8A:20:84:2E:04,"Dr Levis Sleep Clinic",[OPEN],2026-08-08 07:04:23,6,2437,-88,-33.439230,151.391746,28.170000,0.500000,,,WIFI
06:18:0A:22:CF:19,"JAX WiFi",[WPA_WPA2_PSK],2026-08-08 07:04:23,1,2412,-89,-33.439230,151.391746,28.170000,0.500000,,,WIFI
DA:D8:E5:43:80:73,"Telstra43806B",[WPA2_PSK],2026-08-08 07:04:23,1,2412,-91,-33.439230,151.391746,28.170000,0.500000,,,WIFI
78:8A:20:84:2E:04,"Lul_prv",[WPA2_PSK],2026-08-08 07:04:23,6,2437,-91,-33.439230,151.391746,28.170000,0.500000,,,WIFI
80:64:7C:24:60:A7,"SmartLife-60A7",[OPEN],2026-08-08 07:04:23,6,2437,-92,-33.439230,151.391746,28.170000,0.500000,,,WIFI
E6:46:EE:1D:8A:B1,"RembraeDruyfs",[WPA2_PSK],2026-08-08 07:04:23,7,2442,-92,-33.439230,151.391746,28.170000,0.500000,,,WIFI
0C:EA:14:BF:38:05,"CC-Psych",[WPA2_PSK],2026-08-08 07:04:23,11,2462,-95,-33.439230,151.391746,28.170000,0.500000,,,WIFI
94:09:C9:1C:46:04,"CarPlay_4604",[WPA2_PSK],2026-08-08 07:04:31,1,2412,-75,-33.438988,151.391907,30.950000,0.500000,,,WIFI
90:DE:80:6F:07:A5,"ROADVUE_RV7_07A5",[WPA2_PSK],2026-08-08 07:04:31,1,2412,-86,-33.438988,151.391907,30.950000,0.500000,,,WIFI
04:F0:21:BF:DB:3B,"FRNSW_HB_VaaN",[WPA2_PSK],2026-08-08 07:04:31,11,2462,-94,-33.438988,151.391907,30.950000,0.500000,,,WIFI
90:DE:80:E4:B3:D2,"GNET_BB_GON4_M_E4B3D2",[WPA2_PSK],2026-08-08 07:04:53,10,2457,-80,-33.438702,151.392889,38.760000,0.500000,,,WIFI
BA:2F:07:BF:B5:15,"Galaxy Note10+ 5Ge232",[WPA2_PSK],2026-08-08 07:04:53,11,2462,-83,-33.438702,151.392889,38.760000,0.500000,,,WIFI
00:25:42:EB:32:2A,"BlackVue770X-EB322A",[WPA2_PSK],2026-08-08 07:04:53,6,2437,-87,-33.438702,151.392889,38.760000,0.500000,,,WIFI
B0:39:56:C3:AA:76,"Telstra241A",[WPA2_PSK],2026-08-08 07:04:53,1,2412,-89,-33.438702,151.392889,38.760000,0.500000,,,WIFI
DA:D8:E5:9A:C9:D2,"Telstra9AC9CA",[WPA2_PSK],2026-08-08 07:04:53,6,2437,-92,-33.438702,151.392889,38.760000,0.500000,,,WIFI
B0:39:56:C4:FB:62,"Telstra02C1",[WPA2_PSK],2026-08-08 07:04:53,11,2462,-94,-33.438702,151.392889,38.760000,0.500000,,,WIFI
84:70:51:1D:B9:CE,"CarPlay_b9ce",[WPA2_PSK],2026-08-08 07:05:06,1,2412,-91,-33.438912,151.392594,41.130000,0.500000,,,WIFI
6C:63:F8:81:D5:F0,"CMO_WiFi",[WPA2_PSK],2026-08-08 07:05:06,11,2462,-92,-33.438912,151.392594,41.130000,0.500000,,,WIFI
E0:E1:A9:98:14:C1,"IROAD_QX2_14C1",[WPA2_PSK],2026-08-08 07:05:06,2,2417,-94,-33.438912,151.392594,41.130000,0.500000,,,WIFI
70:A7:41:69:9E:1E,"THE BASE",[WPA2_PSK],2026-08-08 07:05:14,11,2462,-91,-33.439098,151.392380,31.510000,0.500000,,,WIFI
72:63:F8:81:D5:F0,"CMO_Guest",[WPA2_PSK],2026-08-08 07:05:14,11,2462,-93,-33.439098,151.392380,31.510000,0.500000,,,WIFI
C4:9A:31:0B:7A:61,"Telstra0B7A60",[WPA2_WPA3_PSK],2026-08-08 07:05:31,2,2417,-88,-33.438471,151.392143,41.030000,0.500000,,,WIFI
14:59:C0:64:F5:55,"Telstra1E20",[WPA2_PSK],2026-08-08 07:05:31,1,2412,-90,-33.438471,151.392143,41.030000,0.500000,,,WIFI
18:F1:45:35:12:58,"NetComm 9182",[WPA2_PSK],2026-08-08 07:05:31,11,2462,-93,-33.438471,151.392143,41.030000,0.500000,,,WIFI
52:06:10:54:4D:21,"WesHealth - Guest",[WPA2_WPA3_PSK],2026-08-08 07:05:36,6,2437,-86,-33.438283,151.392199,42.340000,0.500000,,,WIFI
CE:F9:57:25:F6:7D,"Audi_MMI_2920",[WPA2_PSK],2026-08-08 07:05:36,6,2437,-90,-33.438283,151.392199,42.340000,0.500000,,,WIFI
DA:D8:E5:C5:18:D8,"Auscrew Barbers Free Wifi",[WPA2_PSK],2026-08-08 07:05:36,6,2437,-91,-33.438283,151.392199,42.340000,0.500000,,,WIFI
80:F0:CF:47:BB:08,"CCLS_Devices",[WPA_WPA2_PSK],2026-08-08 07:05:36,1,2412,-93,-33.438283,151.392199,42.340000,0.500000,,,WIFI
1C:3A:60:21:90:E8,"Test CeX",[WPA_WPA2_PSK],2026-08-08 07:06:16,11,2462,-81,-33.438119,151.392313,41.960000,0.800000,,,WIFI
1C:3A:60:A1:90:E8,"Unprotected CeX",[OPEN],2026-08-08 07:06:16,11,2462,-85,-33.438119,151.392313,41.960000,0.800000,,,WIFI
1C:3A:60:21:90:E9,"Safe CeX",[WPA2_PSK],2026-08-08 07:06:16,11,2462,-85,-33.438119,151.392313,41.960000,0.800000,,,WIFI
1C:3A:60:E1:90:E8,"BLOMM",[WPA2_PSK],2026-08-08 07:06:16,11,2462,-86,-33.438119,151.392313,41.960000,0.800000,,,WIFI
D0:21:F9:31:B6:A3,"Sage Express",[WPA2_PSK],2026-08-08 07:06:16,6,2437,-90,-33.438119,151.392313,41.960000,0.800000,,,WIFI
B0:1F:8C:B0:95:E0,"Erina Fair New Free WiFi",[OPEN],2026-08-08 07:06:16,1,2412,-92,-33.438119,151.392313,41.960000,0.800000,,,WIFI
E6:8B:5A:33:A8:A4,"JZ VP",[WPA2_WPA3_PSK],2026-08-08 07:06:16,1,2412,-93,-33.438119,151.392313,41.960000,0.800000,,,WIFI
22:96:0D:BF:9B:B7,"Optus_B628_9BBF",[WPA2_WPA3_PSK],2026-08-08 07:06:16,8,2447,-93,-33.438119,151.392313,41.960000,0.800000,,,WIFI
6A:C3:B2:4E:15:B0,"KMD Device",[WPA2_PSK],2026-08-08 07:06:24,1,2412,-72,-33.438119,151.392313,41.960000,0.600000,,,WIFI
5C:06:10:54:4D:21,"API_30",[WPA2_PSK],2026-08-08 07:06:24,6,2437,-79,-33.438119,151.392313,41.960000,0.600000,,,WIFI
56:06:10:54:4D:21,"WesHealth - IOT",[WPA2_PSK],2026-08-08 07:06:24,6,2437,-79,-33.438119,151.392313,41.960000,0.600000,,,WIFI
4E:06:10:54:4D:21,"WesHealth - Corporate",[WPA2_ENTERPRISE],2026-08-08 07:06:24,6,2437,-80,-33.438119,151.392313,41.960000,0.600000,,,WIFI
AE:23:3F:C1:53:6A,"QAMS-AC233FC1536A",[WPA_WPA2_PSK],2026-08-08 07:06:24,9,2452,-87,-33.438119,151.392313,41.960000,0.600000,,,WIFI
B0:1F:8C:AF:6E:C0,"Erina Fair New Free WiFi",[OPEN],2026-08-08 07:06:24,1,2412,-88,-33.438119,151.392313,41.960000,0.600000,,,WIFI
C8:03:F5:0D:01:C8,"Library Wi-Fi",[WPA2_PSK],2026-08-08 07:06:24,6,2437,-89,-33.438119,151.392313,41.960000,0.600000,,,WIFI
80:F0:CF:07:BB:08,"Library Wi-Fi",[WPA2_PSK],2026-08-08 07:06:24,1,2412,-91,-33.438119,151.392313,41.960000,0.600000,,,WIFI
78:8A:20:84:2F:9E,"Lul_prv",[WPA2_PSK],2026-08-08 07:06:24,11,2462,-91,-33.438119,151.392313,41.960000,0.600000,,,WIFI
7E:8A:20:84:2F:9E,"Dr Levis Sleep Clinic",[OPEN],2026-08-08 07:06:24,11,2462,-91,-33.438119,151.392313,41.960000,0.600000,,,WIFI
28:48:E7:6F:30:FD,"QAMS-KMART",[WPA2_PSK],2026-08-08 07:06:24,9,2452,-92,-33.438119,151.392313,41.960000,0.600000,,,WIFI
56:06:10:54:9C:A5,"WesHealth - IOT",[WPA2_PSK],2026-08-08 07:06:32,11,2462,-84,-33.438125,151.392311,40.940000,0.600000,,,WIFI
24:5A:4C:82:B6:A5,"THE BASE",[WPA2_PSK],2026-08-08 07:06:32,6,2437,-87,-33.438125,151.392311,40.940000,0.600000,,,WIFI
6C:CD:D6:CA:73:49,"Telstra0090",[WPA2_PSK],2026-08-08 07:06:32,1,2412,-89,-33.438125,151.392311,40.940000,0.600000,,,WIFI
06:73:D7:4E:82:FC,"Pragya's S25+",[WPA2_PSK],2026-08-08 07:06:32,1,2412,-91,-33.438125,151.392311,40.940000,0.600000,,,WIFI
F0:A7:31:5A:F6:30,"TP-Link",[WPA2_PSK],2026-08-08 07:06:32,3,2422,-91,-33.438125,151.392311,40.940000,0.600000,,,WIFI
52:06:10:54:9C:A5,"WesHealth - Guest",[WPA2_WPA3_PSK],2026-08-08 07:06:40,11,2462,-86,-33.438125,151.392293,37.860000,0.500000,,,WIFI
4E:06:10:54:9C:A5,"WesHealth - Corporate",[WPA2_ENTERPRISE],2026-08-08 07:06:40,11,2462,-86,-33.438125,151.392293,37.860000,0.500000,,,WIFI
5C:06:10:54:9C:A5,"API_30",[WPA2_PSK],2026-08-08 07:06:40,11,2462,-87,-33.438125,151.392293,37.860000,0.500000,,,WIFI
62:C7:BF:5D:EC:3D,"Sage Express Guest",[WPA2_PSK],2026-08-08 07:06:49,1,2412,-86,-33.438136,151.392348,34.660000,0.500000,,,WIFI
D0:DB:B7:E3:65:5D,"Aussie Broadband 2775",[WPA2_PSK],2026-08-08 07:06:49,11,2462,-86,-33.438136,151.392348,34.660000,0.500000,,,WIFI
50:C7:BF:5D:EC:3C,"Sage Express",[WPA2_PSK],2026-08-08 07:06:49,1,2412,-87,-33.438136,151.392348,34.660000,0.500000,,,WIFI
6E:02:E0:C2:C7:BB,"DIRECT-BB-HP M479fnw Color LJ",[WPA2_PSK],2026-08-08 07:06:58,6,2437,-76,-33.438133,151.392315,32.520000,0.500000,,,WIFI
0C:11:7F:06:1B:D4,"ar300-1BD4",[WPA2_PSK],2026-08-08 07:06:58,13,2472,-86,-33.438133,151.392315,32.520000,0.500000,,,WIFI
CC:40:D0:2B:D8:A9,"Telstra15CF",[WPA2_PSK],2026-08-08 07:06:58,11,2462,-92,-33.438133,151.392315,32.520000,0.500000,,,WIFI
04:CD:C0:58:74:E4,"PL8KXWPR98VWVZFSJJHM",[WPA2_ENTERPRISE],2026-08-08 07:07:15,1,2412,-79,-33.438172,151.392305,37.650000,0.600000,,,WIFI
04:CD:C0:58:74:E2,"KTMWiFi",[WPA2_ENTERPRISE],2026-08-08 07:07:20,1,2412,-73,-33.438170,151.392256,38.750000,0.600000,,,WIFI
04:CD:C0:59:77:A2,"KTMWiFi",[WPA2_ENTERPRISE],2026-08-08 07:07:20,6,2437,-77,-33.438170,151.392256,38.750000,0.600000,,,WIFI
04:CD:C0:59:77:A4,"PL8KXWPR98VWVZFSJJHM",[WPA2_ENTERPRISE],2026-08-08 07:07:20,6,2437,-77,-33.438170,151.392256,38.750000,0.600000,,,WIFI
14:59:C0:65:22:C1,"Telstra297B",[WPA2_PSK],2026-08-08 07:07:20,6,2437,-83,-33.438170,151.392256,38.750000,0.600000,,,WIFI
B0:1F:8C:AF:BB:40,"Erina Fair New Free WiFi",[OPEN],2026-08-08 07:07:20,11,2462,-91,-33.438170,151.392256,38.750000,0.600000,,,WIFI
B0:39:56:C2:DC:6E,"Telstra34F4",[WPA2_PSK],2026-08-08 07:07:20,11,2462,-92,-33.438170,151.392256,38.750000,0.600000,,,WIFI
04:CD:C0:59:36:E2,"KTMWiFi",[WPA2_ENTERPRISE],2026-08-08 07:07:29,6,2437,-76,-33.438111,151.392103,56.690000,0.700000,,,WIFI
04:CD:C0:58:E8:62,"KTMWiFi",[WPA2_ENTERPRISE],2026-08-08 07:07:29,1,2412,-77,-33.438111,151.392103,56.690000,0.700000,,,WIFI
04:CD:C0:58:E8:64,"PL8KXWPR98VWVZFSJJHM",[WPA2_ENTERPRISE],2026-08-08 07:07:29,1,2412,-77,-33.438111,151.392103,56.690000,0.700000,,,WIFI
0C:EA:14:BF:BF:75,"HeliosNet",[WPA2_PSK],2026-08-08 07:07:29,1,2412,-80,-33.438111,151.392103,56.690000,0.700000,,,WIFI
04:CD:C0:59:36:E4,"PL8KXWPR98VWVZFSJJHM",[WPA2_ENTERPRISE],2026-08-08 07:07:29,6,2437,-80,-33.438111,151.392103,56.690000,0.700000,,,WIFI
04:CD:C0:59:2B:62,"KTMWiFi",[WPA2_ENTERPRISE],2026-08-08 07:07:29,11,2462,-83,-33.438111,151.392103,56.690000,0.700000,,,WIFI
04:CD:C0:59:6A:22,"KTMWiFi",[WPA2_ENTERPRISE],2026-08-08 07:07:29,11,2462,-84,-33.438111,151.392103,56.690000,0.700000,,,WIFI
04:CD:C0:59:6A:24,"PL8KXWPR98VWVZFSJJHM",[WPA2_ENTERPRISE],2026-08-08 07:07:29,11,2462,-84,-33.438111,151.392103,56.690000,0.700000,,,WIFI
B0:1F:8C:AE:8F:60,"Erina Fair New Free WiFi",[OPEN],2026-08-08 07:07:29,1,2412,-93,-33.438111,151.392103,56.690000,0.700000,,,WIFI
00:25:42:E7:12:B2,"Blackvue750XPlus-E712B2",[WPA2_PSK],2026-08-08 07:07:29,6,2437,-93,-33.438111,151.392103,56.690000,0.700000,,,WIFI
04:CD:C0:59:2B:64,"PL8KXWPR98VWVZFSJJHM",[WPA2_ENTERPRISE],2026-08-08 07:07:37,11,2462,-75,-33.438111,151.392103,56.690000,0.600000,,,WIFI
04:CD:C0:59:4A:64,"PL8KXWPR98VWVZFSJJHM",[WPA2_ENTERPRISE],2026-08-08 07:07:37,6,2437,-82,-33.438111,151.392103,56.690000,0.600000,,,WIFI
04:CD:C0:59:4A:62,"KTMWiFi",[WPA2_ENTERPRISE],2026-08-08 07:07:37,6,2437,-83,-33.438111,151.392103,56.690000,0.600000,,,WIFI
0C:EA:14:BF:AB:61,"HeliosNet",[WPA2_PSK],2026-08-08 07:07:37,1,2412,-92,-33.438111,151.392103,56.690000,0.600000,,,WIFI
04:CD:C0:59:34:62,"KTMWiFi",[WPA2_ENTERPRISE],2026-08-08 07:07:46,1,2412,-80,-33.438110,151.392067,55.020000,0.600000,,,WIFI
04:CD:C0:59:8E:62,"KTMWiFi",[WPA2_ENTERPRISE],2026-08-08 07:07:46,11,2462,-83,-33.438110,151.392067,55.020000,0.600000,,,WIFI
00:25:42:E5:C8:2E,"Blackvue750GPRO-E5C82E",[WPA2_PSK],2026-08-08 07:07:46,6,2437,-90,-33.438110,151.392067,55.020000,0.600000,,,WIFI
04:CD:C0:59:8A:E2,"KTMWiFi",[WPA2_ENTERPRISE],2026-08-08 07:07:54,6,2437,-77,-33.438085,151.392009,56.380000,0.600000,,,WIFI
04:CD:C0:59:8A:E4,"PL8KXWPR98VWVZFSJJHM",[WPA2_ENTERPRISE],2026-08-08 07:07:54,6,2437,-78,-33.438085,151.392009,56.380000,0.600000,,,WIFI
04:CD:C0:59:34:64,"PL8KXWPR98VWVZFSJJHM",[WPA2_ENTERPRISE],2026-08-08 07:07:54,1,2412,-84,-33.438085,151.392009,56.380000,0.600000,,,WIFI
04:CD:C0:59:56:A4,"PL8KXWPR98VWVZFSJJHM",[WPA2_ENTERPRISE],2026-08-08 07:08:03,11,2462,-81,-33.438083,151.391971,60.160000,0.700000,,,WIFI
04:CD:C0:59:56:A2,"KTMWiFi",[WPA2_ENTERPRISE],2026-08-08 07:08:03,11,2462,-82,-33.438083,151.391971,60.160000,0.700000,,,WIFI
04:CD:C0:59:26:A2,"KTMWiFi",[WPA2_ENTERPRISE],2026-08-08 07:08:12,11,2462,-80,-33.438034,151.391972,64.810000,0.900000,,,WIFI
04:CD:C0:59:26:A4,"PL8KXWPR98VWVZFSJJHM",[WPA2_ENTERPRISE],2026-08-08 07:08:12,11,2462,-80,-33.438034,151.391972,64.810000,0.900000,,,WIFI
04:CD:C0:59:47:62,"KTMWiFi",[WPA2_ENTERPRISE],2026-08-08 07:08:12,6,2437,-83,-33.438034,151.391972,64.810000,0.900000,,,WIFI
04:CD:C0:59:47:64,"PL8KXWPR98VWVZFSJJHM",[WPA2_ENTERPRISE],2026-08-08 07:08:12,6,2437,-83,-33.438034,151.391972,64.810000,0.900000,,,WIFI
04:CD:C0:59:8E:64,"PL8KXWPR98VWVZFSJJHM",[WPA2_ENTERPRISE],2026-08-08 07:08:12,11,2462,-83,-33.438034,151.391972,64.810000,0.900000,,,WIFI
CC:57:63:62:36:63,"Mazda_36636362cc57_SPL",[WPA2_PSK],2026-08-08 07:08:12,11,2462,-95,-33.438034,151.391972,64.810000,0.900000,,,WIFI
04:CD:C0:59:3C:64,"PL8KXWPR98VWVZFSJJHM",[WPA2_ENTERPRISE],2026-08-08 07:08:42,1,2412,-81,-33.438010,151.392258,49.040000,2.300000,,,WIFI
04:CD:C0:59:3C:62,"KTMWiFi",[WPA2_ENTERPRISE],2026-08-08 07:08:42,1,2412,-82,-33.438010,151.392258,49.040000,2.300000,,,WIFI
6A:C3:B2:4E:0F:3C,"OZM Device",[WPA2_PSK],2026-08-08 07:43:46,1,2412,-85,-33.437938,151.391661,19.500000,1.900000,,,WIFI
5C:5A:C7:0E:7D:62,"CCC_Mobiles",[WPA2_ENTERPRISE],2026-08-08 07:43:46,1,2412,-87,-33.437938,151.391661,19.500000,1.900000,,,WIFI
CC:40:D0:2A:42:A1,"Telstra3ED7",[WPA2_PSK],2026-08-08 07:43:46,6,2437,-91,-33.437938,151.391661,19.500000,1.900000,,,WIFI
6E:63:F8:17:0C:A2,"YOCHI ERINA FAIR",[WPA2_PSK],2026-08-08 07:43:51,1,2412,-89,-33.438158,151.391513,18.500000,1.000000,,,WIFI
1C:6A:1B:90:44:49,"ERIInternal",[WPA_WPA2_PSK],2026-08-08 07:43:51,1,2412,-92,-33.438158,151.391513,18.500000,1.000000,,,WIFI
32:3C:20:26:37:46,"Herosushi_EF",[WPA2_WPA3_PSK],2026-08-08 07:44:00,6,2437,-83,-33.438052,151.391554,25.520000,0.900000,,,WIFI
5C:5A:C7:0E:7D:60,"CCC_Corporate",[WPA2_ENTERPRISE],2026-08-08 07:44:00,1,2412,-86,-33.438052,151.391554,25.520000,0.900000,,,WIFI
6E:63:F8:27:0C:A2,"YOCHI FREE WIFI",[WPA2_PSK],2026-08-08 07:44:00,1,2412,-88,-33.438052,151.391554,25.520000,0.900000,,,WIFI
84:78:48:3A:3A:21,"TEEG_AU_Vendor",[WPA2_WPA3_PSK],2026-08-08 07:44:00,6,2437,-90,-33.438052,151.391554,25.520000,0.900000,,,WIFI
C8:03:F5:0C:FF:18,"Library Wi-Fi",[WPA2_PSK],2026-08-08 07:44:00,11,2462,-92,-33.438052,151.391554,25.520000,0.900000,,,WIFI
B0:39:56:C3:D0:1A,"Telstra2D83",[WPA2_PSK],2026-08-08 07:44:00,11,2462,-92,-33.438052,151.391554,25.520000,0.900000,,,WIFI
44:35:B9:02:A6:EB,"Soul-Ap",[WPA2_PSK],2026-08-08 07:44:00,11,2462,-95,-33.438052,151.391554,25.520000,0.900000,,,WIFI
00:25:42:EA:C0:24,"BlackVue770X-EAC024",[WPA2_PSK],2026-08-08 07:44:17,6,2437,-90,-33.438061,151.391606,33.100000,0.700000,,,WIFI
C8:03:F5:4D:01:C8,"CCLS_Devices",[WPA_WPA2_PSK],2026-08-08 07:44:25,6,2437,-93,-33.438070,151.391598,33.480000,0.700000,,,WIFI
44:EB:2E:9C:59:74,"CarPlay_5974",[WPA2_PSK],2026-08-08 07:44:43,1,2412,-92,-33.438039,151.391618,31.540000,0.700000,,,WIFI
2C:DC:AD:ED:71:3E,"Audi_MMI_5539",[WPA2_PSK],2026-08-08 07:44:43,11,2462,-94,-33.438039,151.391618,31.540000,0.700000,,,WIFI
44:35:B9:04:DA:8C,"NetComm 9298",[WPA2_WPA3_PSK],2026-08-08 07:44:43,11,2462,-95,-33.438039,151.391618,31.540000,0.700000,,,WIFI
00:25:42:EC:E9:05,"BlackVue770X-ECE905",[WPA2_PSK],2026-08-08 07:45:00,6,2437,-91,-33.438053,151.391675,31.110000,0.500000,,,WIFI
0C:B8:15:B4:B3:01,"LotusPro-905754",[WPA2_PSK],2026-08-08 07:45:08,1,2412,-91,-33.438062,151.391692,31.920000,0.500000,,,WIFI
34:3A:20:27:A1:C0,"SBSTORES",[WPA2_PSK],2026-08-08 07:45:25,6,2437,-88,-33.438076,151.391828,37.780000,0.500000,,,WIFI
34:3A:20:27:A1:C1,"StrandR",[WPA2_PSK],2026-08-08 07:45:25,6,2437,-88,-33.438076,151.391828,37.780000,0.500000,,,WIFI
CC:2D:21:73:9F:35,"Telstra9AC9CA",[WPA_WPA2_PSK],2026-08-08 07:45:25,6,2437,-90,-33.438076,151.391828,37.780000,0.500000,,,WIFI
BC:30:D9:DA:61:E9,"TelstraDA61E7",[WPA2_PSK],2026-08-08 07:45:25,13,2472,-91,-33.438076,151.391828,37.780000,0.500000,,,WIFI
70:68:71:A9:C9:03,"UNIDEN-iGOCAM445_2eae26",[WPA2_PSK],2026-08-08 07:45:25,3,2422,-92,-33.438076,151.391828,37.780000,0.500000,,,WIFI
0A:6A:D2:30:3B:64,"BestRatesAtErina",[WPA2_PSK],2026-08-08 07:45:25,3,2422,-93,-33.438076,151.391828,37.780000,0.500000,,,WIFI
B0:1F:8C:B3:18:E0,"Erina Fair New Free WiFi",[OPEN],2026-08-08 07:45:25,11,2462,-96,-33.438076,151.391828,37.780000,0.500000,,,WIFI
56:5B:86:88:57:4B,"Car-574b",[WPA2_WPA3_PSK],2026-08-08 07:49:18,11,2462,-93,-33.438307,151.392127,42.170000,1.100000,,,WIFI
2E:70:4E:E6:BE:89,"CMO_Guest",[WPA2_PSK],2026-08-08 07:50:36,6,2437,-90,-33.438122,151.392339,37.770000,1.400000,,,WIFI
00:1E:7A:AB:DF:53,"YrQbJe0IobxvRrgMaOgubB6auQ",[WPA_PSK],2026-08-08 07:51:08,6,2437,-86,-33.438165,151.392795,31.830000,0.800000,,,WIFI
00:1E:7A:AB:DF:51,"Myer-BWC",[WPA_PSK],2026-08-08 07:51:08,6,2437,-88,-33.438165,151.392795,31.830000,0.800000,,,WIFI
90:22:06:86:22:0D,"Comset_86220d",[WPA2_PSK],2026-08-08 07:51:16,11,2462,-94,-33.438503,151.392688,31.450000,0.700000,,,WIFI
44:15:24:7E:AB:C6,"OPTUS_7EABC4M",[WPA2_WPA3_PSK],2026-08-08 07:51:24,11,2462,-94,-33.438643,151.392942,28.120000,0.500000,,,WIFI
34:A6:EF:33:26:DD,"OK309Cam-17EI4302",[WPA2_PSK],2026-08-08 07:51:39,6,2437,-88,-33.439347,151.392714,30.130000,0.500000,,,WIFI
7A:20:51:2D:30:41,"WiFi-2D3040",[WPA2_PSK],2026-08-08 07:51:39,1,2412,-90,-33.439347,151.392714,30.130000,0.500000,,,WIFI
B2:92:4A:AE:BF:70,"kelpies2.4",[WPA_WPA2_PSK],2026-08-08 07:51:39,1,2412,-90,-33.439347,151.392714,30.130000,0.500000,,,WIFI
B0:92:4A:AE:BE:77,"Tattooine",[WPA2_PSK],2026-08-08 07:51:39,1,2412,-90,-33.439347,151.392714,30.130000,0.500000,,,WIFI
10:D7:B0:9D:AD:35,"Optus_9DAD33",[WPA2_PSK],2026-08-08 07:51:39,6,2437,-91,-33.439347,151.392714,30.130000,0.500000,,,WIFI
C6:44:89:9B:1B:9C,"WiFi-9B1B9B",[WPA2_PSK],2026-08-08 07:51:39,2,2417,-92,-33.439347,151.392714,30.130000,0.500000,,,WIFI
E0:D3:62:3E:68:14,"TP-Link_6814",[WPA2_PSK],2026-08-08 07:51:39,6,2437,-93,-33.439347,151.392714,30.130000,0.500000,,,WIFI
00:AD:24:D9:79:AC,"dlink-79AC",[WPA_WPA2_PSK],2026-08-08 07:51:55,1,2412,-86,-33.439571,151.391776,20.320000,0.500000,,,WIFI
AC:35:EE:61:2D:F5,"881AC35EE612DF5",[WPA2_PSK],2026-08-08 07:51:55,8,2447,-91,-33.439571,151.391776,20.320000,0.500000,,,WIFI
B8:FB:B3:65:6A:BA,"Origin_656ABA",[WPA2_PSK],2026-08-08 07:51:55,9,2452,-91,-33.439571,151.391776,20.320000,0.500000,,,WIFI
96:55:66:1B:5A:E3,"HGgalaxy",[WPA2_PSK],2026-08-08 07:51:55,6,2437,-96,-33.439571,151.391776,20.320000,0.500000,,,WIFI
8C:15:C7:AF:97:E8,"DODO-97E0",[WPA_WPA2_PSK],2026-08-08 07:51:55,10,2457,-96,-33.439571,151.391776,20.320000,0.500000,,,WIFI
84:90:0A:29:87:53,"OPTUS_298750N",[WPA2_WPA3_PSK],2026-08-08 07:51:55,11,2462,-96,-33.439571,151.391776,20.320000,0.500000,,,WIFI
D4:35:1D:74:9C:44,"Telstra749C44-2.4ghz",[WPA2_PSK],2026-08-08 07:51:55,11,2462,-97,-33.439571,151.391776,20.320000,0.500000,,,WIFI
58:04:4F:02:98:E3,"Origin_0298E3",[WPA2_PSK],2026-08-08 07:52:09,8,2447,-83,-33.439712,151.391746,20.330000,0.500000,,,WIFI
5C:62:8B:8D:D5:06,"Belong2B233D_EXT",[WPA2_PSK],2026-08-08 07:52:09,11,2462,-84,-33.439712,151.391746,20.330000,0.500000,,,WIFI
94:18:65:C7:10:C8,"Telstra02A9",[WPA2_PSK],2026-08-08 07:52:09,11,2462,-86,-33.439712,151.391746,20.330000,0.500000,,,WIFI
3C:6A:D2:9D:D0:15,"TP-Link_D015",[WPA2_PSK],2026-08-08 07:52:09,9,2452,-87,-33.439712,151.391746,20.330000,0.500000,,,WIFI
C2:93:1D:5A:E5:B5,"Optus_B628_E55A",[WPA2_WPA3_PSK],2026-08-08 07:52:09,9,2452,-88,-33.439712,151.391746,20.330000,0.500000,,,WIFI
48:D2:4F:2B:23:43,"Belong2B233D",[WPA2_PSK],2026-08-08 07:52:09,11,2462,-89,-33.439712,151.391746,20.330000,0.500000,,,WIFI
40:3F:8C:D0:19:62,"KIM",[WPA2_PSK],2026-08-08 07:52:09,6,2437,-93,-33.439712,151.391746,20.330000,0.500000,,,WIFI
82:F0:83:22:88:0C,"OPTUS_298750N",[WPA2_WPA3_PSK],2026-08-08 07:52:09,11,2462,-94,-33.439712,151.391746,20.330000,0.500000,,,WIFI
9C:C9:EB:85:62:B9,"Telstra078E",[WPA2_PSK],2026-08-08 07:52:09,1,2412,-95,-33.439712,151.391746,20.330000,0.500000,,,WIFI
E0:B9:E5:99:0E:71,"iiNet990E71",[WPA2_PSK],2026-08-08 07:52:09,11,2462,-95,-33.439712,151.391746,20.330000,0.500000,,,WIFI
44:15:24:7E:9E:06,"OPTUS_7E9E04M",[WPA2_WPA3_PSK],2026-08-08 07:52:17,11,2462,-73,-33.439838,151.391425,25.010000,0.500000,,,WIFI
D0:21:F9:8D:19:67,"Telstra4B6DB7",[WPA2_PSK],2026-08-08 07:52:17,11,2462,-86,-33.439838,151.391425,25.010000,0.500000,,,WIFI
24:7F:20:86:7D:A5,"Telstra867D9F",[WPA2_PSK],2026-08-08 07:52:17,1,2412,-87,-33.439838,151.391425,25.010000,0.500000,,,WIFI
98:39:10:6D:DB:85,"HomeSwtHome 2.4GH",[WPA2_PSK],2026-08-08 07:52:17,6,2437,-87,-33.439838,151.391425,25.010000,0.500000,,,WIFI
24:81:3B:63:7D:09,"CiscoAirProvision",[WPA2_PSK],2026-08-08 07:52:17,8,2447,-88,-33.439838,151.391425,25.010000,0.500000,,,WIFI
4E:BC:E9:AB:35:B7,"AT_201_F_V__F___W.B__QEUK_35b7",[WPA2_PSK],2026-08-08 07:52:17,11,2462,-89,-33.439838,151.391425,25.010000,0.500000,,,WIFI
BC:30:D9:CE:AA:9D,"TelstraCEAA9B",[WPA2_PSK],2026-08-08 07:52:17,6,2437,-90,-33.439838,151.391425,25.010000,0.500000,,,WIFI
98:25:4A:B9:DA:31,"Bongmun",[WPA2_PSK],2026-08-08 07:52:17,3,2422,-92,-33.439838,151.391425,25.010000,0.500000,,,WIFI
D8:D7:75:32:A9:7D,"Telstra32A977",[WPA2_PSK],2026-08-08 07:52:17,11,2462,-92,-33.439838,151.391425,25.010000,0.500000,,,WIFI
44:35:B9:04:38:62,"Aussie Broadband 9899",[WPA2_PSK],2026-08-08 07:52:17,11,2462,-94,-33.439838,151.391425,25.010000,0.500000,,,WIFI
04:18:D6:AD:A3:C2,"PNLE",[WPA2_PSK],2026-08-08 07:52:26,1,2412,-70,-33.439652,151.390266,27.230000,0.500000,,,WIFI
06:18:D6:AD:A3:C2,"PNV",[WPA2_PSK],2026-08-08 07:52:26,1,2412,-70,-33.439652,151.390266,27.230000,0.500000,,,WIFI
06:18:D6:AD:A3:C0,"PNV",[WPA2_PSK],2026-08-08 07:52:26,1,2412,-74,-33.439652,151.390266,27.230000,0.500000,,,WIFI
04:18:D6:AD:A3:C0,"PNLE",[WPA2_PSK],2026-08-08 07:52:26,1,2412,-75,-33.439652,151.390266,27.230000,0.500000,,,WIFI
54:7E:1A:25:31:46,"DG2144-3144",[WPA2_PSK],2026-08-08 07:52:26,6,2437,-85,-33.439652,151.390266,27.230000,0.500000,,,WIFI
D0:DB:B7:D1:AE:0D,"NetComm 9286",[WPA2_WPA3_PSK],2026-08-08 07:52:26,1,2412,-89,-33.439652,151.390266,27.230000,0.500000,,,WIFI
80:82:FE:1A:69:38,"WIFI-C94TYGF",[WPA2_WPA3_PSK],2026-08-08 07:52:26,12,2467,-89,-33.439652,151.390266,27.230000,0.500000,,,WIFI
3C:58:5D:A3:DF:DA,"OPTUS_A3DFD8M",[WPA2_WPA3_PSK],2026-08-08 07:52:26,1,2412,-90,-33.439652,151.390266,27.230000,0.500000,,,WIFI
9E:03:8E:D1:96:72,"WiFi-D19671",[WPA2_PSK],2026-08-08 07:52:26,5,2432,-90,-33.439652,151.390266,27.230000,0.500000,,,WIFI
CE:9E:43:89:00:8C,"ORBI24",[WPA2_PSK],2026-08-08 07:52:26,3,2422,-91,-33.439652,151.390266,27.230000,0.500000,,,WIFI
64:6D:6C:9A:C6:40,"DODO-C63A",[WPA_WPA2_PSK],2026-08-08 07:52:26,8,2447,-91,-33.439652,151.390266,27.230000,0.500000,,,WIFI
18:E8:29:6D:B4:42,"Valletta",[WPA2_PSK],2026-08-08 07:52:26,6,2437,-92,-33.439652,151.390266,27.230000,0.500000,,,WIFI
1E:E8:29:6D:B4:42,"Valletta_Cameras",[WPA2_PSK],2026-08-08 07:52:26,6,2437,-92,-33.439652,151.390266,27.230000,0.500000,,,WIFI
14:EB:B6:5F:98:21,"Bongmun",[WPA2_PSK],2026-08-08 07:52:26,3,2422,-93,-33.439652,151.390266,27.230000,0.500000,,,WIFI
EC:BE:DD:3C:2F:F1,"Optus_3C2FEF",[WPA2_PSK],2026-08-08 07:52:35,1,2412,-71,-33.439465,151.388926,18.600000,0.500000,,,WIFI
6C:CD:D6:CB:2C:45,"Telstra2308",[WPA2_PSK],2026-08-08 07:52:35,1,2412,-77,-33.439465,151.388926,18.600000,0.500000,,,WIFI
2E:C8:1B:DF:CB:17,"MXO",[WPA2_PSK],2026-08-08 07:52:35,3,2422,-77,-33.439465,151.388926,18.600000,0.500000,,,WIFI
38:0E:4D:20:86:82,"Sonic-Guest",[OPEN],2026-08-08 07:52:35,1,2412,-78,-33.439465,151.388926,18.600000,0.500000,,,WIFI
D0:DB:B7:93:C3:6E,"Aussie Broadband 8256",[WPA2_PSK],2026-08-08 07:52:35,1,2412,-81,-33.439465,151.388926,18.600000,0.500000,,,WIFI
A6:FC:77:5F:36:94,"DIRECT-94-HP M181 LaserJet",[WPA2_PSK],2026-08-08 07:52:35,6,2437,-81,-33.439465,151.388926,18.600000,0.500000,,,WIFI
CC:6C:52:0B:00:AA,"New Light Psychology Clinic ",[WPA2_WPA3_PSK],2026-08-08 07:52:35,11,2462,-81,-33.439465,151.388926,18.600000,0.500000,,,WIFI
38:0E:4D:20:86:81,"Sonic-Healthcare",[WPA2_ENTERPRISE],2026-08-08 07:52:35,1,2412,-82,-33.439465,151.388926,18.600000,0.500000,,,WIFI
38:0E:4D:20:86:80,"Sonic-SOE",[WPA2_ENTERPRISE],2026-08-08 07:52:35,1,2412,-83,-33.439465,151.388926,18.600000,0.500000,,,WIFI
D0:DB:B7:CF:92:03,"Aussie Broadband 8256",[WPA2_PSK],2026-08-08 07:52:35,6,2437,-83,-33.439465,151.388926,18.600000,0.500000,,,WIFI
00:2A:10:09:7F:F1,"Sonic-Healthcare",[WPA2_ENTERPRISE],2026-08-08 07:52:35,11,2462,-84,-33.439465,151.388926,18.600000,0.500000,,,WIFI
D0:DB:B7:9E:EA:FA,"NetComm 2494",[WPA2_PSK],2026-08-08 07:52:35,1,2412,-86,-33.439465,151.388926,18.600000,0.500000,,,WIFI
D0:DB:B7:54:88:26,"NetComm 0684",[WPA2_PSK],2026-08-08 07:52:35,9,2452,-87,-33.439465,151.388926,18.600000,0.500000,,,WIFI
00:2A:10:09:7F:F2,"SCS – ExtDev",[WPA2_PSK],2026-08-08 07:52:35,11,2462,-87,-33.439465,151.388926,18.600000,0.500000,,,WIFI
00:2A:10:09:7F:F3,"Sonic-Guest",[OPEN],2026-08-08 07:52:35,11,2462,-87,-33.439465,151.388926,18.600000,0.500000,,,WIFI
D0:DB:B7:94:52:5C,"NetComm 2275",[WPA2_PSK],2026-08-08 07:52:35,4,2427,-88,-33.439465,151.388926,18.600000,0.500000,,,WIFI
16:49:BC:49:50:98,"Erina Skin Care",[WPA2_PSK],2026-08-08 07:52:35,6,2437,-88,-33.439465,151.388926,18.600000,0.500000,,,WIFI
00:2A:10:09:7F:F0,"Sonic-SOE",[WPA2_ENTERPRISE],2026-08-08 07:52:35,11,2462,-89,-33.439465,151.388926,18.600000,0.500000,,,WIFI
C2:74:AD:B3:A6:9D,"Kazian_Guest",[WPA2_PSK],2026-08-08 07:52:35,1,2412,-90,-33.439465,151.388926,18.600000,0.500000,,,WIFI
FC:EC:DA:A1:83:7B,"Astute",[WPA2_PSK],2026-08-08 07:52:35,1,2412,-92,-33.439465,151.388926,18.600000,0.500000,,,WIFI
B2:8B:A9:66:8A:2E,"Erina Skin Care_5G",[WPA2_PSK],2026-08-08 07:52:35,6,2437,-92,-33.439465,151.388926,18.600000,0.500000,,,WIFI
FA:8F:CA:63:7E:19,"Tivoli Audio M1D_2856A8.d093",[OPEN],2026-08-08 07:52:35,11,2462,-93,-33.439465,151.388926,18.600000,0.500000,,,WIFI
64:66:24:26:F8:F2,"Vixen Hair Design Wifi",[WPA2_PSK],2026-08-08 07:52:43,1,2412,-72,-33.439283,151.387685,12.880000,0.500000,,,WIFI
44:AD:B1:FC:20:50,"Optus_FC204E",[WPA2_PSK],2026-08-08 07:52:43,1,2412,-75,-33.439283,151.387685,12.880000,0.500000,,,WIFI
DA:21:F9:27:CA:87,"Swirl-IEA",[WPA2_PSK],2026-08-08 07:52:43,1,2412,-77,-33.439283,151.387685,12.880000,0.500000,,,WIFI
D6:21:F9:27:CA:87,"Swirl",[WPA2_ENTERPRISE],2026-08-08 07:52:43,1,2412,-77,-33.439283,151.387685,12.880000,0.500000,,,WIFI
94:18:65:C9:88:B0,"Telstra19DF",[WPA2_PSK],2026-08-08 07:52:43,6,2437,-77,-33.439283,151.387685,12.880000,0.500000,,,WIFI
CC:40:D0:8E:DF:E5,"Telstra1F41",[WPA2_PSK],2026-08-08 07:52:43,1,2412,-78,-33.439283,151.387685,12.880000,0.500000,,,WIFI
D0:21:F9:27:CA:87,"ORS Group Training",[WPA2_PSK],2026-08-08 07:52:43,1,2412,-78,-33.439283,151.387685,12.880000,0.500000,,,WIFI
D8:B3:70:F5:44:19,"Convenient WiFi",[WPA2_PSK],2026-08-08 07:52:43,6,2437,-81,-33.439283,151.387685,12.880000,0.500000,,,WIFI
32:3C:20:27:D9:F6,"Telstra27D9F6",[WPA2_WPA3_PSK],2026-08-08 07:52:43,7,2442,-81,-33.439283,151.387685,12.880000,0.500000,,,WIFI
CE:9E:43:89:3F:87,"ORBI24",[WPA2_PSK],2026-08-08 07:52:43,3,2422,-82,-33.439283,151.387685,12.880000,0.500000,,,WIFI
26:6A:0E:88:C8:67,"DIRECT-67-HP Smart Tank 7000",[WPA2_PSK],2026-08-08 07:52:43,1,2412,-83,-33.439283,151.387685,12.880000,0.500000,,,WIFI
3C:37:86:5B:FE:17,"ARLO_VMB_6299519683",[WPA2_PSK],2026-08-08 07:52:43,10,2457,-83,-33.439283,151.387685,12.880000,0.500000,,,WIFI
F8:CA:59:4A:9B:81,"NetComm 0191",[WPA2_PSK],2026-08-08 07:52:43,9,2452,-84,-33.439283,151.387685,12.880000,0.500000,,,WIFI
20:97:27:64:D5:F7,"RUT241_D5F7",[WPA2_PSK],2026-08-08 07:52:43,9,2452,-84,-33.439283,151.387685,12.880000,0.500000,,,WIFI
30:68:93:BB:B4:AF,"Spinwash ",[WPA2_PSK],2026-08-08 07:52:43,2,2417,-85,-33.439283,151.387685,12.880000,0.500000,,,WIFI
CE:9E:43:89:02:B1,"ORBI24",[WPA2_PSK],2026-08-08 07:52:43,3,2422,-85,-33.439283,151.387685,12.880000,0.500000,,,WIFI
B0:92:4A:C7:9A:14,"OPTUS_C79A12M",[WPA2_WPA3_PSK],2026-08-08 07:52:43,11,2462,-85,-33.439283,151.387685,12.880000,0.500000,,,WIFI
C8:99:B2:FF:75:8C,"TelstraFF7588",[WPA2_WPA3_PSK],2026-08-08 07:52:43,4,2427,-86,-33.439283,151.387685,12.880000,0.500000,,,WIFI
18:E8:29:67:37:5F,"Coastal Immunology",[WPA2_PSK],2026-08-08 07:52:43,5,2432,-87,-33.439283,151.387685,12.880000,0.500000,,,WIFI
D0:DB:B7:E3:12:9B,"NetComm 5662",[WPA2_PSK],2026-08-08 07:52:43,6,2437,-87,-33.439283,151.387685,12.880000,0.500000,,,WIFI
14:49:BC:9D:E3:BA,"MDA_Data",[WPA2_WPA3_PSK],2026-08-08 07:52:43,6,2437,-87,-33.439283,151.387685,12.880000,0.500000,,,WIFI
28:70:4E:53:12:22,"Convenient WiFi",[WPA2_PSK],2026-08-08 07:52:43,6,2437,-87,-33.439283,151.387685,12.880000,0.500000,,,WIFI
F8:9B:6E:B4:E2:D4,"NOKIA-E2CB",[WPA2_WPA3_PSK],2026-08-08 07:52:43,10,2457,-87,-33.439283,151.387685,12.880000,0.500000,,,WIFI
C0:06:C3:DC:B6:FE,"PC",[WPA2_PSK],2026-08-08 07:52:43,11,2462,-87,-33.439283,151.387685,12.880000,0.500000,,,WIFI
16:27:F5:9C:A6:10,"PC Guest",[OPEN],2026-08-08 07:52:43,11,2462,-87,-33.439283,151.387685,12.880000,0.500000,,,WIFI
80:80:2C:74:00:FB,"CPA_WIFI",[WPA2_PSK],2026-08-08 07:52:43,11,2462,-87,-33.439283,151.387685,12.880000,0.500000,,,WIFI
DA:9C:67:87:A8:55,"DIRECT-55-HP M402 LaserJet",[WPA2_PSK],2026-08-08 07:52:43,1,2412,-88,-33.439283,151.387685,12.880000,0.500000,,,WIFI
22:E8:29:67:37:5F,"CI_IoT",[WPA2_PSK],2026-08-08 07:52:43,5,2432,-88,-33.439283,151.387685,12.880000,0.500000,,,WIFI
78:45:58:03:11:93,"ITP-OFFICE",[WPA2_PSK],2026-08-08 07:52:43,6,2437,-88,-33.439283,151.387685,12.880000,0.500000,,,WIFI
F8:CA:59:4F:9E:C1,"Aussie Broadband 7886",[WPA2_PSK],2026-08-08 07:52:43,11,2462,-88,-33.439283,151.387685,12.880000,0.500000,,,WIFI
14:49:BC:9D:E3:B8,"MDA",[WPA2_WPA3_PSK],2026-08-08 07:52:43,6,2437,-89,-33.439283,151.387685,12.880000,0.500000,,,WIFI
80:2D:1A:53:1C:4E,"LJH Commercial",[WPA2_PSK],2026-08-08 07:52:43,10,2457,-89,-33.439283,151.387685,12.880000,0.500000,,,WIFI
C6:06:C3:DC:B6:FE,"PC Guest",[OPEN],2026-08-08 07:52:43,11,2462,-89,-33.439283,151.387685,12.880000,0.500000,,,WIFI
74:08:DE:0C:F2:B6,"ING2.4G_248PKD0V1017",[WPA2_PSK],2026-08-08 07:52:43,11,2462,-89,-33.439283,151.387685,12.880000,0.500000,,,WIFI
C0:74:AD:64:7B:B9,"DVS",[WPA2_PSK],2026-08-08 07:52:43,1,2412,-90,-33.439283,151.387685,12.880000,0.500000,,,WIFI
86:2A:FD:A4:A5:AE,"DIRECT-ae-HP M15 LaserJet",[WPA2_PSK],2026-08-08 07:52:43,5,2432,-90,-33.439283,151.387685,12.880000,0.500000,,,WIFI
CC:40:D0:E4:EF:FD,"Telstra2A0D",[WPA2_PSK],2026-08-08 07:52:43,6,2437,-90,-33.439283,151.387685,12.880000,0.500000,,,WIFI
BC:30:D9:CE:AA:9D,"TelstraCEAA9B",[WPA2_PSK],2026-08-08 07:52:43,6,2437,-90,-33.439283,151.387685,12.880000,0.500000,,,WIFI
6C:CD:D6:23:15:70,"Varigence166A",[WPA2_PSK],2026-08-08 07:52:43,7,2442,-90,-33.439283,151.387685,12.880000,0.500000,,,WIFI
DA:9C:67:87:A8:80,"DIRECT-80-HP M402 LaserJet",[WPA2_PSK],2026-08-08 07:52:43,1,2412,-91,-33.439283,151.387685,12.880000,0.500000,,,WIFI
F6:92:BF:9D:12:6B,"RAH_Gos",[WPA2_WPA3_PSK],2026-08-08 07:52:43,1,2412,-91,-33.439283,151.387685,12.880000,0.500000,,,WIFI
10:27:F5:9C:A6:10,"PC",[WPA2_PSK],2026-08-08 07:52:43,11,2462,-91,-33.439283,151.387685,12.880000,0.500000,,,WIFI
80:80:2C:74:00:FA,"CPA_Smart",[WPA2_PSK],2026-08-08 07:52:43,11,2462,-91,-33.439283,151.387685,12.880000,0.500000,,,WIFI
94:F3:92:B3:DA:8A,"Digital_Signage",[WPA2_PSK],2026-08-08 07:52:43,11,2462,-91,-33.439283,151.387685,12.880000,0.500000,,,WIFI
F8:CA:59:AB:DD:7E,"Aussie Broadband 8749",[WPA2_PSK],2026-08-08 07:52:43,1,2412,-92,-33.439283,151.387685,12.880000,0.500000,,,WIFI
2C:30:33:12:97:BD,"Telstra2D92",[WPA2_PSK],2026-08-08 07:52:43,1,2412,-92,-33.439283,151.387685,12.880000,0.500000,,,WIFI
78:45:58:31:61:9F,"ER_TOYS",[WPA2_PSK],2026-08-08 07:52:43,6,2437,-92,-33.439283,151.387685,12.880000,0.500000,,,WIFI
E0:C2:50:4B:92:72,"NETGEAR28",[WPA2_PSK],2026-08-08 07:52:43,13,2472,-92,-33.439283,151.387685,12.880000,0.500000,,,WIFI
10:DA:43:F0:C1:E2,"Telstra2D0F",[WPA2_PSK],2026-08-08 07:52:43,11,2462,-93,-33.439283,151.387685,12.880000,0.500000,,,WIFI
18:E8:29:67:AD:17,"Brazel Moore WiFi",[WPA2_PSK],2026-08-08 07:52:43,11,2462,-93,-33.439283,151.387685,12.880000,0.500000,,,WIFI
24:5A:4C:9A:B1:19,"CCCUT",[WPA2_PSK],2026-08-08 07:52:43,11,2462,-94,-33.439283,151.387685,12.880000,0.500000,,,WIFI
D0:DB:B7:54:7B:4C,"NetComm 4492",[WPA2_PSK],2026-08-08 07:52:43,12,2467,-95,-33.439283,151.387685,12.880000,0.500000,,,WIFI
80:80:2C:74:00:F9,"CPA_People",[WPA2_ENTERPRISE],2026-08-08 07:52:43,11,2462,-96,-33.439283,151.387685,12.880000,0.500000,,,WIFI
32:3C:20:27:D9:F6,"Telstra27D9F6",[WPA2_WPA3_PSK],2026-08-08 07:52:52,7,2442,-66,-33.439099,151.386317,10.830000,0.500000,,,WIFI
44:15:24:7D:C7:70,"OPTUS_7DC76EM",[WPA2_WPA3_PSK],2026-08-08 07:52:52,11,2462,-71,-33.439099,151.386317,10.830000,0.500000,,,WIFI
14:49:BC:9D:E3:BA,"MDA_Data",[WPA2_WPA3_PSK],2026-08-08 07:52:52,6,2437,-72,-33.439099,151.386317,10.830000,0.500000,,,WIFI
7A:AC:B9:6A:26:2A,"Edge Legal",[WPA2_PSK],2026-08-08 07:52:52,6,2437,-76,-33.439099,151.386317,10.830000,0.500000,,,WIFI
CC:40:D0:8E:DF:E5,"Telstra1F41",[WPA2_PSK],2026-08-08 07:52:52,1,2412,-77,-33.439099,151.386317,10.830000,0.500000,,,WIFI
CE:9E:43:89:00:8C,"ORBI24",[WPA2_PSK],2026-08-08 07:52:52,3,2422,-77,-33.439099,151.386317,10.830000,0.500000,,,WIFI
74:AC:B9:6A:26:2A,"Eclipse Advisory",[WPA2_PSK],2026-08-08 07:52:52,6,2437,-77,-33.439099,151.386317,10.830000,0.500000,,,WIFI
D6:35:1D:DB:6D:D2,"TelstraDB6DCA",[WPA2_PSK],2026-08-08 07:52:52,1,2412,-79,-33.439099,151.386317,10.830000,0.500000,,,WIFI
CC:6C:52:0A:84:7C,"Trilogy WiFi",[WPA2_WPA3_PSK],2026-08-08 07:52:52,1,2412,-79,-33.439099,151.386317,10.830000,0.500000,,,WIFI
E0:B6:68:9C:F8:08,"Wi-Fi 9CF808 2.4G",[WPA2_PSK],2026-08-08 07:52:52,7,2442,-79,-33.439099,151.386317,10.830000,0.500000,,,WIFI
CE:9E:43:89:02:B1,"ORBI24",[WPA2_PSK],2026-08-08 07:52:52,3,2422,-80,-33.439099,151.386317,10.830000,0.500000,,,WIFI
84:78:48:CE:9A:F1,"RAH_Gos Boardroom",[WPA2_WPA3_PSK],2026-08-08 07:52:52,11,2462,-80,-33.439099,151.386317,10.830000,0.500000,,,WIFI
08:02:8E:EC:A9:15,"FLF+C@E",[WPA2_PSK],2026-08-08 07:52:52,6,2437,-81,-33.439099,151.386317,10.830000,0.500000,,,WIFI
B8:D4:BC:B6:C6:B5,"Crepes By Heart",[WPA2_WPA3_PSK],2026-08-08 07:52:52,13,2472,-81,-33.439099,151.386317,10.830000,0.500000,,,WIFI
74:83:C2:BA:16:2D,"KC_WiFi",[WPA2_PSK],2026-08-08 07:52:52,6,2437,-84,-33.439099,151.386317,10.830000,0.500000,,,WIFI
30:68:93:BB:B4:AF,"Spinwash ",[WPA2_PSK],2026-08-08 07:52:52,2,2417,-85,-33.439099,151.386317,10.830000,0.500000,,,WIFI
2E:70:4E:7E:0F:8E,"RAH_Gos",[WPA2_WPA3_PSK],2026-08-08 07:52:52,11,2462,-85,-33.439099,151.386317,10.830000,0.500000,,,WIFI
86:69:93:27:AE:33,"DIRECT-33-HP ENVY 6400 series",[WPA2_PSK],2026-08-08 07:52:52,1,2412,-86,-33.439099,151.386317,10.830000,0.500000,,,WIFI
68:FF:7B:D3:E3:89,"WiFi-E389",[WPA2_PSK],2026-08-08 07:52:52,5,2432,-86,-33.439099,151.386317,10.830000,0.500000,,,WIFI
44:AD:B1:FC:20:50,"Optus_FC204E",[WPA2_PSK],2026-08-08 07:52:52,1,2412,-87,-33.439099,151.386317,10.830000,0.500000,,,WIFI
2E:94:01:37:F7:4C,"NTGRBH_2894013AE088",[WPA3_PSK],2026-08-08 07:52:52,3,2422,-87,-33.439099,151.386317,10.830000,0.500000,,,WIFI
28:94:01:37:F7:4C,"ORBI53",[WPA2_WPA3_PSK],2026-08-08 07:52:52,3,2422,-88,-33.439099,151.386317,10.830000,0.500000,,,WIFI
74:4D:28:F9:29:1E,"Sterland24",[WPA_WPA2_PSK],2026-08-08 07:52:52,3,2422,-88,-33.439099,151.386317,10.830000,0.500000,,,WIFI
D2:4F:86:8A:5D:DA,"Viridian Guest",[OPEN],2026-08-08 07:52:52,6,2437,-88,-33.439099,151.386317,10.830000,0.500000,,,WIFI
FC:EC:DA:A1:88:81,"Stella Foods",[WPA2_PSK],2026-08-08 07:52:52,6,2437,-88,-33.439099,151.386317,10.830000,0.500000,,,WIFI
32:39:F9:02:2B:E6,"Telstra022BE6",[WPA2_WPA3_PSK],2026-08-08 07:52:52,1,2412,-89,-33.439099,151.386317,10.830000,0.500000,,,WIFI
74:DA:88:76:7B:5A,"TP-Link_7B5A",[WPA2_PSK],2026-08-08 07:52:52,3,2422,-89,-33.439099,151.386317,10.830000,0.500000,,,WIFI
68:57:2D:EA:D6:79,"SL-BREVILLE-D678",[OPEN],2026-08-08 07:52:52,6,2437,-89,-33.439099,151.386317,10.830000,0.500000,,,WIFI
80:2A:A8:1A:59:B0,"InvestBlue Guest",[WPA2_PSK],2026-08-08 07:52:52,6,2437,-90,-33.439099,151.386317,10.830000,0.500000,,,WIFI
86:2A:A8:1A:59:B0,"InvestBlue",[WPA2_PSK],2026-08-08 07:52:52,6,2437,-90,-33.439099,151.386317,10.830000,0.500000,,,WIFI
34:98:B5:19:6F:49,"FLF+C@E_BO",[WPA2_PSK],2026-08-08 07:52:52,13,2472,-90,-33.439099,151.386317,10.830000,0.500000,,,WIFI
94:18:65:C9:88:B0,"Telstra19DF",[WPA2_PSK],2026-08-08 07:52:52,6,2437,-91,-33.439099,151.386317,10.830000,0.500000,,,WIFI
92:2A:A8:1A:59:B0,"Ironbark Guest",[WPA2_PSK],2026-08-08 07:52:52,6,2437,-91,-33.439099,151.386317,10.830000,0.500000,,,WIFI
60:22:32:1B:2C:32,"NFPG",[WPA2_WPA3_PSK],2026-08-08 07:52:52,11,2462,-91,-33.439099,151.386317,10.830000,0.500000,,,WIFI
CC:6C:52:0A:70:6B,"NetComm 4622",[WPA2_WPA3_PSK],2026-08-08 07:52:52,11,2462,-91,-33.439099,151.386317,10.830000,0.500000,,,WIFI
E0:D3:62:9B:D4:0E,"GEEKS_TECH",[WPA2_PSK],2026-08-08 07:52:52,3,2422,-92,-33.439099,151.386317,10.830000,0.500000,,,WIFI
D0:DB:B7:E3:12:9B,"NetComm 5662",[WPA2_PSK],2026-08-08 07:52:52,6,2437,-92,-33.439099,151.386317,10.830000,0.500000,,,WIFI
9C:DA:B7:01:96:02,"EPICO-WiFi",[WPA2_WPA3_PSK],2026-08-08 07:52:52,6,2437,-93,-33.439099,151.386317,10.830000,0.500000,,,WIFI
14:49:BC:35:77:80,"Telstra240B",[WPA2_WPA3_PSK],2026-08-08 07:53:11,6,2437,-68,-33.438675,151.384314,7.200000,0.500000,,,WIFI
78:C5:7D:37:DB:11,"OPTUS_37DB10L",[WPA2_WPA3_PSK],2026-08-08 07:53:11,11,2462,-72,-33.438675,151.384314,7.200000,0.500000,,,WIFI
DC:B7:AC:2F:1B:24,"Life Medical Imaging - GuestWifi",[OPEN],2026-08-08 07:53:11,1,2412,-75,-33.438675,151.384314,7.200000,0.500000,,,WIFI
C4:9A:31:0B:24:51,"ErinaWIFI",[WPA2_WPA3_PSK],2026-08-08 07:53:11,4,2427,-76,-33.438675,151.384314,7.200000,0.500000,,,WIFI
DC:B7:AC:2F:1B:22,"Life Medical Imaging - Admin",[WPA2_PSK],2026-08-08 07:53:11,1,2412,-77,-33.438675,151.384314,7.200000,0.500000,,,WIFI
DC:B7:AC:2F:1B:23,"Life Medical Imaging - Staff",[WPA2_PSK],2026-08-08 07:53:11,1,2412,-78,-33.438675,151.384314,7.200000,0.500000,,,WIFI
A6:D7:3C:94:64:F6,"DIRECT-3C-EPSON-94E4F6",[WPA2_PSK],2026-08-08 07:53:11,1,2412,-79,-33.438675,151.384314,7.200000,0.500000,,,WIFI
94:A6:7E:4C:34:AE,"Telstra390F_2GEXT",[WPA2_PSK],2026-08-08 07:53:11,11,2462,-79,-33.438675,151.384314,7.200000,0.500000,,,WIFI
00:25:42:EB:F8:6E,"BlackVue800GOLD-EBF86E",[WPA2_PSK],2026-08-08 07:53:11,6,2437,-80,-33.438675,151.384314,7.200000,0.500000,,,WIFI
08:02:8E:EC:A3:D9,"Telstra4C6B",[WPA2_PSK],2026-08-08 07:53:11,1,2412,-81,-33.438675,151.384314,7.200000,0.500000,,,WIFI
E0:2D:F0:09:A6:04,"CarPlay_a604",[WPA2_PSK],2026-08-08 07:53:11,1,2412,-81,-33.438675,151.384314,7.200000,0.500000,,,WIFI
A6:D7:3C:94:65:00,"DIRECT-3C-EPSON-94E500",[WPA2_PSK],2026-08-08 07:53:11,1,2412,-83,-33.438675,151.384314,7.200000,0.500000,,,WIFI
84:F1:47:1B:F7:E0,"PH_Express-EO",[OPEN],2026-08-08 07:53:11,6,2437,-83,-33.438675,151.384314,7.200000,0.500000,,,WIFI
38:A6:59:FE:44:A9,"Optus_FE44A7",[WPA2_PSK],2026-08-08 07:53:11,1,2412,-84,-33.438675,151.384314,7.200000,0.500000,,,WIFI
82:C9:E3:49:DA:C8,"Frogmouth3.0",[WPA2_PSK],2026-08-08 07:53:11,3,2422,-84,-33.438675,151.384314,7.200000,0.500000,,,WIFI
44:A5:6E:88:EC:F9,"Telstra0CE0",[WPA2_PSK],2026-08-08 07:53:11,1,2412,-86,-33.438675,151.384314,7.200000,0.500000,,,WIFI
D4:35:1D:7E:0F:94,"Telstra7E0F94",[WPA2_PSK],2026-08-08 07:53:11,12,2467,-87,-33.438675,151.384314,7.200000,0.500000,,,WIFI
8A:2A:A8:1A:59:B0,"LifeWealth Guest",[WPA2_PSK],2026-08-08 07:53:11,6,2437,-90,-33.438675,151.384314,7.200000,0.500000,,,WIFI
E8:6F:38:41:DF:38,"NOKIA-E86F3841DF33",[WPA_WPA2_PSK],2026-08-08 07:53:11,13,2472,-90,-33.438675,151.384314,7.200000,0.500000,,,WIFI
84:F1:47:1B:F7:E1,"PH_ManagedService-EO",[WPA2_ENTERPRISE],2026-08-08 07:53:16,6,2437,-68,-33.438658,151.384128,4.310000,0.500000,,,WIFI
B4:8A:0A:6D:CD:85,"MAZZER-33386593",[WPA2_PSK],2026-08-08 07:53:16,1,2412,-70,-33.438658,151.384128,4.310000,0.500000,,,WIFI
84:F1:47:1B:DC:21,"PH_ManagedService-EO",[WPA2_ENTERPRISE],2026-08-08 07:53:16,1,2412,-72,-33.438658,151.384128,4.310000,0.500000,,,WIFI
62:3A:1E:32:0A:E2,"B_Data_MM",[WPA2_ENTERPRISE],2026-08-08 07:53:16,1,2412,-73,-33.438658,151.384128,4.310000,0.500000,,,WIFI
84:F1:47:1B:DC:20,"PH_Express-EO",[OPEN],2026-08-08 07:53:16,1,2412,-74,-33.438658,151.384128,4.310000,0.500000,,,WIFI
84:F1:47:1A:83:01,"PH_ManagedService-EO",[WPA2_ENTERPRISE],2026-08-08 07:53:16,1,2412,-75,-33.438658,151.384128,4.310000,0.500000,,,WIFI
68:3A:1E:32:0A:E2,"B_Data",[WPA2_ENTERPRISE],2026-08-08 07:53:16,1,2412,-76,-33.438658,151.384128,4.310000,0.500000,,,WIFI
A8:6E:84:00:77:9E,"sushidojo-qonus",[WPA2_PSK],2026-08-08 07:53:16,2,2417,-77,-33.438658,151.384128,4.310000,0.500000,,,WIFI
92:30:66:CC:02:1D,"HopeMC",[WPA2_PSK],2026-08-08 07:53:16,6,2437,-78,-33.438658,151.384128,4.310000,0.500000,,,WIFI
5A:E4:03:8D:C3:9D,"DIRECT-BMW 20650",[WPA2_PSK],2026-08-08 07:53:16,11,2462,-79,-33.438658,151.384128,4.310000,0.500000,,,WIFI
84:F1:47:1A:83:00,"PH_Express-EO",[OPEN],2026-08-08 07:53:16,1,2412,-80,-33.438658,151.384128,4.310000,0.500000,,,WIFI
54:07:7D:7D:D5:7A,"Telstra0CE0_2GEXT",[WPA2_PSK],2026-08-08 07:53:16,1,2412,-81,-33.438658,151.384128,4.310000,0.500000,,,WIFI
DA:D8:E5:5D:FE:C7,"Telstra5DFEBF",[OPEN],2026-08-08 07:53:16,11,2462,-81,-33.438658,151.384128,4.310000,0.500000,,,WIFI
A8:42:A1:64:76:B4,"ErinaWIFI_EXT",[WPA2_WPA3_PSK],2026-08-08 07:53:16,4,2427,-83,-33.438658,151.384128,4.310000,0.500000,,,WIFI
46:F1:ED:C4:31:C7,"Audi_MMI_1171",[WPA2_PSK],2026-08-08 07:53:16,6,2437,-84,-33.438658,151.384128,4.310000,0.500000,,,WIFI
CC:2D:21:B4:9B:C1,"scsianz",[WPA_WPA2_PSK],2026-08-08 07:53:16,1,2412,-86,-33.438658,151.384128,4.310000,0.500000,,,WIFI
E4:FA:C4:38:EC:8A,"TP-Link_EC8A",[WPA2_PSK],2026-08-08 07:53:16,2,2417,-86,-33.438658,151.384128,4.310000,0.500000,,,WIFI
3A:22:E2:A0:AC:51,"DIRECT-51-HP OfficeJet Pro 9020",[WPA2_PSK],2026-08-08 07:53:16,4,2427,-86,-33.438658,151.384128,4.310000,0.500000,,,WIFI
28:70:4E:53:3E:0E,"HDABC",[WPA2_WPA3_PSK],2026-08-08 07:53:16,1,2412,-88,-33.438658,151.384128,4.310000,0.500000,,,WIFI
92:30:66:C6:BB:87,"HopeMC",[WPA2_PSK],2026-08-08 07:53:16,1,2412,-89,-33.438658,151.384128,4.310000,0.500000,,,WIFI
D0:DB:B7:E2:65:5B,"Cheekys",[WPA2_PSK],2026-08-08 07:53:16,11,2462,-90,-33.438658,151.384128,4.310000,0.500000,,,WIFI
E0:E2:E6:36:90:FD,"RECLAIMV2_3690FC",[OPEN],2026-08-08 07:53:16,1,2412,-91,-33.438658,151.384128,4.310000,0.500000,,,WIFI
F6:CC:F4:4F:87:DA,"AndroidAP936A",[WPA2_PSK],2026-08-08 07:53:16,11,2462,-91,-33.438658,151.384128,4.310000,0.500000,,,WIFI
68:7D:B4:E2:9E:41,"EDGOPS3",[WPA2_PSK],2026-08-08 07:53:16,11,2462,-91,-33.438658,151.384128,4.310000,0.500000,,,WIFI
02:18:4A:5C:CA:55,"Free Telstra Wi-Fi",[OPEN],2026-08-08 07:53:16,1,2412,-92,-33.438658,151.384128,4.310000,0.500000,,,WIFI
50:C7:BF:5D:1B:49,"Telstra33B2",[WPA_WPA2_PSK],2026-08-08 07:53:16,11,2462,-93,-33.438658,151.384128,4.310000,0.500000,,,WIFI
94:18:65:C7:34:A8,"Telstra0BA1",[WPA2_PSK],2026-08-08 07:53:16,11,2462,-94,-33.438658,151.384128,4.310000,0.500000,,,WIFI
08:02:8E:EE:3C:E9,"Telstra3D84",[WPA2_PSK],2026-08-08 07:53:24,6,2437,-79,-33.438748,151.383856,2.940000,0.500000,,,WIFI
96:18:88:C0:43:82,"GYG_DEVICES",[WPA2_WPA3_PSK],2026-08-08 07:53:24,1,2412,-82,-33.438748,151.383856,2.940000,0.500000,,,WIFI
00:25:42:ED:42:3C,"BlackVue770X-ED423C",[WPA2_PSK],2026-08-08 07:53:24,6,2437,-83,-33.438748,151.383856,2.940000,0.500000,,,WIFI
88:0F:A2:BB:4C:86,"WiFi-M4FMR",[WPA2_WPA3_PSK],2026-08-08 07:53:24,1,2412,-84,-33.438748,151.383856,2.940000,0.500000,,,WIFI
92:30:66:CC:01:CC,"HopeMC",[WPA2_PSK],2026-08-08 07:53:24,11,2462,-85,-33.438748,151.383856,2.940000,0.500000,,,WIFI
6E:3A:1E:32:0A:E2,"B_Guest",[OPEN],2026-08-08 07:53:33,1,2412,-82,-33.438772,151.383724,2.200000,0.500000,,,WIFI
F8:CA:59:59:A1:C7,"EXPRESSLUBE ",[WPA2_PSK],2026-08-08 07:53:33,1,2412,-92,-33.438772,151.383724,2.200000,0.500000,,,WIFI
D0:DB:B7:E2:4F:92,"Sol",[WPA2_PSK],2026-08-08 07:53:41,6,2437,-92,-33.438694,151.383631,7.480000,0.500000,,,WIFI
92:30:66:CA:D9:09,"HopeMC",[WPA2_PSK],2026-08-08 07:53:41,6,2437,-92,-33.438694,151.383631,7.480000,0.500000,,,WIFI
08:02:8E:F0:55:95,"Telstra0DB1",[WPA2_PSK],2026-08-08 07:53:50,6,2437,-89,-33.438694,151.383631,7.480000,0.500000,,,WIFI
74:08:DE:0B:A4:A5,"ING2.4G_23CFKD0E1365",[WPA2_PSK],2026-08-08 07:53:58,1,2412,-89,-33.438694,151.383631,7.480000,0.500000,,,WIFI
68:3A:1E:32:09:DB,"B_Data",[WPA2_ENTERPRISE],2026-08-08 07:54:07,11,2462,-74,-33.438702,151.383622,7.280000,0.500000,,,WIFI
6E:3A:1E:32:09:DB,"B_Guest",[OPEN],2026-08-08 07:54:07,11,2462,-74,-33.438702,151.383622,7.280000,0.500000,,,WIFI
62:3A:1E:32:09:DB,"B_Data_MM",[WPA2_ENTERPRISE],2026-08-08 07:54:07,11,2462,-74,-33.438702,151.383622,7.280000,0.500000,,,WIFI
98:18:88:C0:43:82,"GYG_POS",[WPA2_WPA3_PSK],2026-08-08 07:54:24,1,2412,-77,-33.438839,151.383567,3.250000,0.500000,,,WIFI
82:18:88:C0:43:82,"GYG_EFT",[WPA2_WPA3_PSK],2026-08-08 07:54:24,1,2412,-83,-33.438839,151.383567,3.250000,0.500000,,,WIFI
D8:B3:70:E3:C0:C5,"WMSwireless",[WPA2_PSK],2026-08-08 07:54:24,1,2412,-85,-33.438839,151.383567,3.250000,0.500000,,,WIFI
5E:F3:70:C2:F2:4C,"DIRECT-dg-ADS-4700W_BRf24c",[WPA2_PSK],2026-08-08 07:54:24,1,2412,-86,-33.438839,151.383567,3.250000,0.500000,,,WIFI
DA:B3:70:13:C0:C5,"WhitelawGuest",[WPA2_PSK],2026-08-08 07:54:24,1,2412,-88,-33.438839,151.383567,3.250000,0.500000,,,WIFI
1C:6A:1B:99:69:81,"Happy J",[WPA2_WPA3_PSK],2026-08-08 07:54:24,1,2412,-88,-33.438839,151.383567,3.250000,0.500000,,,WIFI
8C:30:66:98:FF:8C,"The Aster Clinic WiFi",[WPA2_WPA3_PSK],2026-08-08 07:54:24,6,2437,-88,-33.438839,151.383567,3.250000,0.500000,,,WIFI
66:A4:B7:1D:8F:62,"Nexus (Guest)",[WPA2_PSK],2026-08-08 07:54:24,1,2412,-89,-33.438839,151.383567,3.250000,0.500000,,,WIFI
B4:FB:E4:4D:28:DB,"Life Medical Centre",[WPA2_PSK],2026-08-08 07:54:24,6,2437,-90,-33.438839,151.383567,3.250000,0.500000,,,WIFI
E0:63:DA:65:8C:EA,"Life Medical Centre",[WPA2_PSK],2026-08-08 07:54:24,1,2412,-91,-33.438839,151.383567,3.250000,0.500000,,,WIFI
BA:FB:E4:4D:28:DB,"Life Medical Centre Guests",[WPA2_PSK],2026-08-08 07:54:24,6,2437,-91,-33.438839,151.383567,3.250000,0.500000,,,WIFI
66:A4:B7:1D:8E:9C,"Nexus (Guest)",[WPA2_PSK],2026-08-08 07:54:24,1,2412,-92,-33.438839,151.383567,3.250000,0.500000,,,WIFI
60:A4:B7:1D:8F:62,"Nexus",[WPA2_PSK],2026-08-08 07:54:24,1,2412,-92,-33.438839,151.383567,3.250000,0.500000,,,WIFI
94:18:65:C7:7A:E4,"Telstra1880",[WPA2_PSK],2026-08-08 07:54:24,11,2462,-93,-33.438839,151.383567,3.250000,0.500000,,,WIFI
92:18:88:C0:43:82,"GYG_BYOD",[WPA2_WPA3_PSK],2026-08-08 07:54:32,1,2412,-70,-33.438886,151.383557,-2.220000,0.500000,,,WIFI
6E:0B:5E:A7:E2:ED,"DIRECT-ED-HP Color LJ 4301",[WPA2_PSK],2026-08-08 07:54:32,6,2437,-87,-33.438886,151.383557,-2.220000,0.500000,,,WIFI
68:7D:B4:E2:8A:21,"EDGOPS3",[WPA2_PSK],2026-08-08 07:54:41,6,2437,-75,-33.438876,151.383478,-4.060000,0.500000,,,WIFI
68:7D:B4:E2:8A:24,"vb0104p1",[WPA2_PSK],2026-08-08 07:54:41,6,2437,-79,-33.438876,151.383478,-4.060000,0.500000,,,WIFI
68:7D:B4:E2:8A:26,"Vendor_WLAN",[WPA2_PSK],2026-08-08 07:54:41,6,2437,-79,-33.438876,151.383478,-4.060000,0.500000,,,WIFI
68:7D:B4:E2:A7:C6,"Vendor_WLAN",[WPA2_PSK],2026-08-08 07:54:41,1,2412,-90,-33.438876,151.383478,-4.060000,0.500000,,,WIFI
68:7D:B4:E1:C1:E1,"EDGOPS3",[WPA2_PSK],2026-08-08 07:54:41,11,2462,-90,-33.438876,151.383478,-4.060000,0.500000,,,WIFI
68:7D:B4:E1:C1:E4,"vb0104p1",[WPA2_PSK],2026-08-08 07:54:41,11,2462,-92,-33.438876,151.383478,-4.060000,0.500000,,,WIFI
68:7D:B4:DF:C7:26,"Vendor_WLAN",[WPA2_PSK],2026-08-08 07:54:58,1,2412,-89,-33.438915,151.383408,-9.210000,0.600000,,,WIFI
68:7D:B4:E2:A7:C1,"EDGOPS3",[WPA2_PSK],2026-08-08 07:57:40,1,2412,-85,-33.438773,151.383326,-5.160000,2.200000,,,WIFI
84:70:51:1D:B9:CE,"CarPlay_b9ce",[WPA2_PSK],2026-08-08 07:57:40,1,2412,-89,-33.438773,151.383326,-5.160000,2.200000,,,WIFI
44:35:B9:01:BD:0B,"OPTUS_BE6EBD_2.4",[WPA2_PSK],2026-08-08 07:57:40,11,2462,-90,-33.438773,151.383326,-5.160000,2.200000,,,WIFI
68:7D:B4:E2:A7:C4,"vb0104p1",[WPA2_PSK],2026-08-08 07:57:45,1,2412,-81,-33.438814,151.383437,-2.790000,0.800000,,,WIFI
68:7D:B4:E1:C1:E6,"Vendor_WLAN",[WPA2_PSK],2026-08-08 07:57:45,11,2462,-83,-33.438814,151.383437,-2.790000,0.800000,,,WIFI
F6:CF:A2:69:10:07,"AI-THINKER_691007",[OPEN],2026-08-08 07:57:45,1,2412,-92,-33.438814,151.383437,-2.790000,0.800000,,,WIFI
16:49:BC:4F:5E:28,"HWE-2.4G",[WPA2_PSK],2026-08-08 07:57:45,6,2437,-92,-33.438814,151.383437,-2.790000,0.800000,,,WIFI
BA:16:5F:C1:46:CA,"[LG_Washer]46ca",[WPA2_PSK],2026-08-08 07:57:45,11,2462,-94,-33.438814,151.383437,-2.790000,0.800000,,,WIFI
68:7D:B4:E1:C2:64,"vb0104p1",[WPA2_PSK],2026-08-08 07:57:53,1,2412,-82,-33.438809,151.383353,-2.760000,0.700000,,,WIFI
68:7D:B4:DF:C7:24,"vb0104p1",[WPA2_PSK],2026-08-08 07:57:53,1,2412,-88,-33.438809,151.383353,-2.760000,0.700000,,,WIFI
68:7D:B4:E2:9E:44,"vb0104p1",[WPA2_PSK],2026-08-08 07:57:53,11,2462,-88,-33.438809,151.383353,-2.760000,0.700000,,,WIFI
68:7D:B4:E2:9E:46,"Vendor_WLAN",[WPA2_PSK],2026-08-08 07:57:53,11,2462,-88,-33.438809,151.383353,-2.760000,0.700000,,,WIFI
7E:A7:41:81:43:A4,"Ironbark Guest",[WPA2_PSK],2026-08-08 07:57:53,11,2462,-95,-33.438809,151.383353,-2.760000,0.700000,,,WIFI
00:25:42:F7:7A:17,"BlackVue800GOLD-F77A17",[WPA2_PSK],2026-08-08 07:58:01,6,2437,-89,-33.438828,151.383242,-4.650000,0.600000,,,WIFI
38:2C:E5:F3:2A:55,"SmartLife-2A55",[OPEN],2026-08-08 07:58:10,6,2437,-92,-33.438857,151.383237,-6.850000,0.600000,,,WIFI
FE:84:A7:14:E9:08,"My VW 3606",[WPA2_PSK],2026-08-08 07:58:10,6,2437,-93,-33.438857,151.383237,-6.850000,0.600000,,,WIFI
E4:55:A8:7E:00:0E,"CURA-STAFF",[WPA2_ENTERPRISE],2026-08-08 07:58:18,11,2462,-81,-33.438839,151.383297,-3.820000,0.500000,,,WIFI
EE:55:A8:7E:00:0E,"CURA-GUEST",[WPA2_PSK],2026-08-08 07:58:18,11,2462,-81,-33.438839,151.383297,-3.820000,0.500000,,,WIFI
E2:55:A8:7E:00:0E,"CURA-DOC",[WPA2_PSK],2026-08-08 07:58:18,11,2462,-83,-33.438839,151.383297,-3.820000,0.500000,,,WIFI
6C:CD:D6:CB:6C:39,"Telstra0866",[WPA2_PSK],2026-08-08 07:58:18,11,2462,-87,-33.438839,151.383297,-3.820000,0.500000,,,WIFI
24:5A:4C:9A:64:C0,"MCS",[WPA2_PSK],2026-08-08 07:58:18,11,2462,-90,-33.438839,151.383297,-3.820000,0.500000,,,WIFI
BE:E9:2F:34:0C:90,"DIRECT-90-HP ENVY 5000 series",[WPA2_PSK],2026-08-08 07:58:26,6,2437,-80,-33.438805,151.383395,4.190000,0.500000,,,WIFI
96:30:66:98:FF:8C,"TAC IoT",[WPA2_WPA3_PSK],2026-08-08 07:58:26,6,2437,-82,-33.438805,151.383395,4.190000,0.500000,,,WIFI
60:A4:B7:1D:8E:9C,"Nexus",[WPA2_PSK],2026-08-08 07:58:26,1,2412,-86,-33.438805,151.383395,4.190000,0.500000,,,WIFI
74:83:C2:21:B4:EC,"PLSMWLAN",[WPA2_PSK],2026-08-08 07:58:26,6,2437,-91,-33.438805,151.383395,4.190000,0.500000,,,WIFI
76:83:C2:21:B4:EC,"EnrichLiving",[WPA2_PSK],2026-08-08 07:58:26,6,2437,-92,-33.438805,151.383395,4.190000,0.500000,,,WIFI
8E:18:88:BE:9A:C8,"HA-SECURE-2",[WPA2_ENTERPRISE],2026-08-08 07:58:35,1,2412,-81,-33.438875,151.383434,6.290000,0.500000,,,WIFI
86:18:88:BE:9A:C8,"HA-Guest",[OPEN],2026-08-08 07:58:35,1,2412,-81,-33.438875,151.383434,6.290000,0.500000,,,WIFI
96:18:88:BE:9A:C8,"HA-VROA",[OPEN],2026-08-08 07:58:35,1,2412,-82,-33.438875,151.383434,6.290000,0.500000,,,WIFI
82:18:88:BE:9A:C8,"HA-iPAD",[WPA2_PSK],2026-08-08 07:58:35,1,2412,-83,-33.438875,151.383434,6.290000,0.500000,,,WIFI
E6:63:DA:65:8C:EA,"Life Medical Centre Guests",[WPA2_PSK],2026-08-08 07:58:35,1,2412,-85,-33.438875,151.383434,6.290000,0.500000,,,WIFI
18:69:D8:A2:EC:F8,"SL-BREVILLE-ECF7",[OPEN],2026-08-08 07:58:35,6,2437,-85,-33.438875,151.383434,6.290000,0.500000,,,WIFI
2C:30:33:16:68:61,"Telstra1523",[WPA2_PSK],2026-08-08 07:58:35,6,2437,-88,-33.438875,151.383434,6.290000,0.500000,,,WIFI
EA:55:A8:0A:97:D3,"HA-VROA",[OPEN],2026-08-08 07:58:35,11,2462,-88,-33.438875,151.383434,6.290000,0.500000,,,WIFI
FE:55:A8:0A:97:D3,"HA-iPAD",[WPA2_PSK],2026-08-08 07:58:35,11,2462,-88,-33.438875,151.383434,6.290000,0.500000,,,WIFI
FE:EC:DA:F7:C6:97,"EnrichLiving",[WPA2_PSK],2026-08-08 07:58:35,11,2462,-89,-33.438875,151.383434,6.290000,0.500000,,,WIFI
14:49:BC:51:03:FE,"KRESS-2.4G",[WPA_WPA2_PSK],2026-08-08 07:58:35,1,2412,-91,-33.438875,151.383434,6.290000,0.500000,,,WIFI
96:53:30:A8:B1:E8,"DIRECT-e8-HP M426 LaserJet",[WPA2_PSK],2026-08-08 07:58:35,6,2437,-91,-33.438875,151.383434,6.290000,0.500000,,,WIFI
FC:EC:DA:F7:C6:97,"PLSMWLAN",[WPA2_PSK],2026-08-08 07:58:35,11,2462,-92,-33.438875,151.383434,6.290000,0.500000,,,WIFI
02:EC:DA:11:87:7B,"GWESWLAN2",[WPA2_PSK],2026-08-08 07:58:35,6,2437,-95,-33.438875,151.383434,6.290000,0.500000,,,WIFI
44:D9:E7:91:DB:E9,"LLOYDS",[WPA2_PSK],2026-08-08 07:58:43,6,2437,-79,-33.438958,151.383450,9.240000,0.500000,,,WIFI
B2:8B:A9:84:A3:7E,"Remedy Law WiFi",[WPA2_PSK],2026-08-08 07:58:43,1,2412,-87,-33.438958,151.383450,9.240000,0.500000,,,WIFI
06:EC:DA:11:87:7B,"GWESWLAN1",[WPA2_PSK],2026-08-08 07:58:43,6,2437,-87,-33.438958,151.383450,9.240000,0.500000,,,WIFI
4A:D9:E7:91:DB:E9,"CENTRALINVEST",[WPA2_PSK],2026-08-08 07:58:43,6,2437,-87,-33.438958,151.383450,9.240000,0.500000,,,WIFI
AC:8B:A9:84:A3:7E,"Remedy Law WiFi 2.4GHz",[WPA2_PSK],2026-08-08 07:58:43,1,2412,-88,-33.438958,151.383450,9.240000,0.500000,,,WIFI
0A:EC:DA:11:87:7B,"CoastWide-WiFi",[WPA2_PSK],2026-08-08 07:58:43,6,2437,-88,-33.438958,151.383450,9.240000,0.500000,,,WIFI
F4:92:BF:A8:C0:85,"GWESWLAN",[WPA2_PSK],2026-08-08 07:58:43,6,2437,-88,-33.438958,151.383450,9.240000,0.500000,,,WIFI
F6:92:BF:A8:C0:85,"GWESWLAN1",[WPA2_PSK],2026-08-08 07:58:43,6,2437,-88,-33.438958,151.383450,9.240000,0.500000,,,WIFI
FC:EC:DA:11:87:7B,"GWESWLAN",[WPA2_PSK],2026-08-08 07:58:43,6,2437,-89,-33.438958,151.383450,9.240000,0.500000,,,WIFI
F6:92:BF:98:C0:85,"GWESWLAN2",[WPA2_PSK],2026-08-08 07:58:43,6,2437,-89,-33.438958,151.383450,9.240000,0.500000,,,WIFI
44:D9:E7:91:DC:20,"LLOYDS",[WPA2_PSK],2026-08-08 07:58:43,6,2437,-91,-33.438958,151.383450,9.240000,0.500000,,,WIFI
4A:D9:E7:91:DB:DF,"CENTRALINVEST",[WPA2_PSK],2026-08-08 07:58:43,11,2462,-91,-33.438958,151.383450,9.240000,0.500000,,,WIFI
D6:35:1D:E9:0E:42,"OFL_WiFi",[WPA2_WPA3_PSK],2026-08-08 07:58:43,1,2412,-92,-33.438958,151.383450,9.240000,0.500000,,,WIFI
0C:EA:14:26:16:8A,"OFL_WIFI",[WPA2_WPA3_PSK],2026-08-08 07:58:43,11,2462,-93,-33.438958,151.383450,9.240000,0.500000,,,WIFI
00:FE:C8:21:6F:60,"pcun",[WPA2_ENTERPRISE],2026-08-08 07:58:51,11,2462,-79,-33.438990,151.383474,10.730000,0.500000,,,WIFI
82:18:88:BE:9A:C5,"HA-iPAD",[WPA2_PSK],2026-08-08 07:58:51,6,2437,-80,-33.438990,151.383474,10.730000,0.500000,,,WIFI
86:18:88:BE:9A:C5,"HA-Guest",[OPEN],2026-08-08 07:58:51,6,2437,-80,-33.438990,151.383474,10.730000,0.500000,,,WIFI
00:FE:C8:21:6F:62,"EO Guest",[WPA2_PSK],2026-08-08 07:58:51,11,2462,-80,-33.438990,151.383474,10.730000,0.500000,,,WIFI
96:18:88:BE:9A:C5,"HA-VROA",[OPEN],2026-08-08 07:58:51,6,2437,-81,-33.438990,151.383474,10.730000,0.500000,,,WIFI
8E:18:88:BE:9A:C5,"HA-SECURE-2",[WPA2_ENTERPRISE],2026-08-08 07:58:51,6,2437,-81,-33.438990,151.383474,10.730000,0.500000,,,WIFI
FA:55:A8:0A:97:D3,"HA-Guest",[OPEN],2026-08-08 07:58:51,11,2462,-84,-33.438990,151.383474,10.730000,0.500000,,,WIFI
6A:C7:F5:B4:DB:64,"ClockOn_Guest",[WPA2_PSK],2026-08-08 07:58:51,11,2462,-84,-33.438990,151.383474,10.730000,0.500000,,,WIFI
E4:38:83:71:7B:DA,"HGH",[WPA2_PSK],2026-08-08 07:58:51,6,2437,-86,-33.438990,151.383474,10.730000,0.500000,,,WIFI
78:45:58:31:61:83,"TGW - Staff",[WPA2_WPA3_PSK],2026-08-08 07:58:51,6,2437,-88,-33.438990,151.383474,10.730000,0.500000,,,WIFI
14:49:BC:51:36:98,"KRESS-2.4G",[WPA_WPA2_PSK],2026-08-08 07:58:51,1,2412,-89,-33.438990,151.383474,10.730000,0.500000,,,WIFI
4A:D9:E7:91:DC:20,"CENTRALINVEST",[WPA2_PSK],2026-08-08 07:58:51,6,2437,-89,-33.438990,151.383474,10.730000,0.500000,,,WIFI
08:8A:F1:7A:89:9E,"MERCUSYS_899E",[WPA2_PSK],2026-08-08 07:58:51,3,2422,-90,-33.438990,151.383474,10.730000,0.500000,,,WIFI
74:83:C2:21:B6:98,"ClockOnMain",[WPA2_PSK],2026-08-08 07:58:51,11,2462,-91,-33.438990,151.383474,10.730000,0.500000,,,WIFI
2C:30:33:12:81:6D,"Telstra27FE",[WPA2_PSK],2026-08-08 07:58:51,1,2412,-93,-33.438990,151.383474,10.730000,0.500000,,,WIFI
F2:55:A8:0A:97:D3,"HA-SECURE-2",[WPA2_ENTERPRISE],2026-08-08 07:58:59,11,2462,-80,-33.439014,151.383478,9.150000,0.500000,,,WIFI
18:90:D8:5E:0D:3F,"OPTUS_5E0D3E",[WPA_WPA2_PSK],2026-08-08 07:58:59,11,2462,-85,-33.439014,151.383478,9.150000,0.500000,,,WIFI
BC:9F:E4:C5:A7:40,"NOVABYOD",[WPA2_ENTERPRISE],2026-08-08 07:58:59,11,2462,-85,-33.439014,151.383478,9.150000,0.500000,,,WIFI
44:D9:E7:91:DB:DF,"LLOYDS",[WPA2_PSK],2026-08-08 07:58:59,11,2462,-86,-33.439014,151.383478,9.150000,0.500000,,,WIFI
20:B0:01:BD:94:41,"Meraki Wellness",[WPA2_PSK],2026-08-08 07:58:59,6,2437,-88,-33.439014,151.383478,9.150000,0.500000,,,WIFI
BC:9F:E4:C5:A7:43,"NOVAGUEST",[OPEN],2026-08-08 07:58:59,11,2462,-88,-33.439014,151.383478,9.150000,0.500000,,,WIFI
7E:45:58:31:61:83,"TGW - Members",[WPA2_WPA3_PSK],2026-08-08 07:58:59,6,2437,-90,-33.439014,151.383478,9.150000,0.500000,,,WIFI
F6:92:BF:B8:C0:85,"CoastWide-WiFi",[WPA2_PSK],2026-08-08 07:59:08,6,2437,-83,-33.439042,151.383415,6.410000,0.500000,,,WIFI
D0:DB:B7:D0:D3:60,"NetComm 4269",[WPA2_PSK],2026-08-08 07:59:08,11,2462,-92,-33.439042,151.383415,6.410000,0.500000,,,WIFI
0A:C7:F5:B4:DB:63,"TelstraB4DB5B",[WPA2_PSK],2026-08-08 07:59:16,11,2462,-80,-33.439065,151.383375,5.620000,0.500000,,,WIFI
B6:FB:E4:11:44:F1,"TGW - Platinum - Members",[WPA2_PSK],2026-08-08 07:59:16,1,2412,-85,-33.439065,151.383375,5.620000,0.500000,,,WIFI
B4:FB:E4:21:44:F1,"TGW - Platinum - Staff",[WPA2_PSK],2026-08-08 07:59:16,1,2412,-86,-33.439065,151.383375,5.620000,0.500000,,,WIFI
7A:20:51:2C:E1:B1,"Panvest",[WPA2_PSK],2026-08-08 07:59:16,6,2437,-86,-33.439065,151.383375,5.620000,0.500000,,,WIFI
7A:20:51:2C:E1:B4,"Panvest Guest",[WPA2_PSK],2026-08-08 07:59:16,6,2437,-89,-33.439065,151.383375,5.620000,0.500000,,,WIFI
EA:38:83:26:3A:A3,"Precise Guest",[OPEN],2026-08-08 07:59:16,6,2437,-91,-33.439065,151.383375,5.620000,0.500000,,,WIFI
6C:63:F8:6A:2A:3E," Banksia-Paediatrics-Staff",[WPA2_PSK],2026-08-08 07:59:16,1,2412,-92,-33.439065,151.383375,5.620000,0.500000,,,WIFI
6E:63:F8:1A:2A:3E,"Banksia-Paediatrics-Guest",[WPA2_PSK],2026-08-08 07:59:16,1,2412,-93,-33.439065,151.383375,5.620000,0.500000,,,WIFI
E4:4E:12:9C:A6:87,"Wi-Fi 9CA687 2.4G",[WPA2_PSK],2026-08-08 07:59:24,4,2427,-88,-33.439093,151.383325,4.970000,0.500000,,,WIFI
BC:9F:E4:C1:8B:80,"NOVABYOD",[WPA2_ENTERPRISE],2026-08-08 07:59:24,1,2412,-93,-33.439093,151.383325,4.970000,0.500000,,,WIFI
BC:9F:E4:C5:A7:41,"NOVAIOT",[WPA2_PSK],2026-08-08 07:59:32,11,2462,-85,-33.439115,151.383265,6.550000,0.500000,,,WIFI
E4:38:83:26:76:93,"TMSGuest",[WPA2_PSK],2026-08-08 08:00:07,6,2437,-86,-33.439142,151.383277,18.300000,0.500000,,,WIFI
48:3A:02:1B:C7:09,"CFStaff",[WPA2_PSK],2026-08-08 08:00:07,6,2437,-88,-33.439142,151.383277,18.300000,0.500000,,,WIFI
E2:BB:9E:C3:E4:F4,"DIRECT-03-EPSON-ET-2720 Series",[WPA2_PSK],2026-08-08 08:00:15,6,2437,-87,-33.439141,151.383310,21.010000,0.500000,,,WIFI
E4:38:83:27:04:7A,"TMSGuest",[WPA2_PSK],2026-08-08 08:00:15,6,2437,-90,-33.439141,151.383310,21.010000,0.500000,,,WIFI
48:3A:02:1B:C7:08,"CFGuest",[WPA2_PSK],2026-08-08 08:00:15,6,2437,-91,-33.439141,151.383310,21.010000,0.500000,,,WIFI
14:49:BC:51:35:CA,"KRESS-2.4G",[WPA_WPA2_PSK],2026-08-08 08:00:15,1,2412,-92,-33.439141,151.383310,21.010000,0.500000,,,WIFI
EA:38:83:27:04:7A,"TMS",[WPA2_PSK],2026-08-08 08:00:15,6,2437,-92,-33.439141,151.383310,21.010000,0.500000,,,WIFI
08:02:8E:F0:43:69,"PlatinumChiro",[WPA2_PSK],2026-08-08 08:00:23,6,2437,-79,-33.439172,151.383316,19.070000,0.500000,,,WIFI
F6:92:BF:98:C0:85,"GWESWLAN2",[WPA2_PSK],2026-08-08 08:00:23,6,2437,-80,-33.439172,151.383316,19.070000,0.500000,,,WIFI
F6:92:BF:A8:C0:85,"GWESWLAN1",[WPA2_PSK],2026-08-08 08:00:23,6,2437,-80,-33.439172,151.383316,19.070000,0.500000,,,WIFI
F6:92:BF:B8:C0:85,"CoastWide-WiFi",[WPA2_PSK],2026-08-08 08:00:23,6,2437,-80,-33.439172,151.383316,19.070000,0.500000,,,WIFI
14:49:BC:51:03:FE,"KRESS-2.4G",[WPA_WPA2_PSK],2026-08-08 08:00:23,1,2412,-82,-33.439172,151.383316,19.070000,0.500000,,,WIFI
18:69:D8:A2:EC:F8,"SL-BREVILLE-ECF7",[OPEN],2026-08-08 08:00:23,6,2437,-82,-33.439172,151.383316,19.070000,0.500000,,,WIFI
94:18:65:C7:7A:E4,"Telstra1880",[WPA2_PSK],2026-08-08 08:00:23,11,2462,-82,-33.439172,151.383316,19.070000,0.500000,,,WIFI
16:27:F5:9C:A6:10,"PC Guest",[OPEN],2026-08-08 08:00:23,11,2462,-82,-33.439172,151.383316,19.070000,0.500000,,,WIFI
44:D9:E7:91:DB:E9,"LLOYDS",[WPA2_PSK],2026-08-08 08:00:23,6,2437,-83,-33.439172,151.383316,19.070000,0.500000,,,WIFI
10:27:F5:9C:A6:10,"PC",[WPA2_PSK],2026-08-08 08:00:23,11,2462,-83,-33.439172,151.383316,19.070000,0.500000,,,WIFI
4A:D9:E7:91:DB:E9,"CENTRALINVEST",[WPA2_PSK],2026-08-08 08:00:23,6,2437,-84,-33.439172,151.383316,19.070000,0.500000,,,WIFI
9C:DA:B7:01:96:02,"EPICO-WiFi",[WPA2_WPA3_PSK],2026-08-08 08:00:23,6,2437,-87,-33.439172,151.383316,19.070000,0.500000,,,WIFI
16:CB:19:81:19:0A,"DIRECT-0A-HP M454dw Color LJ",[WPA2_PSK],2026-08-08 08:00:23,6,2437,-87,-33.439172,151.383316,19.070000,0.500000,,,WIFI
08:8A:F1:7A:89:9E,"MERCUSYS_899E",[WPA2_PSK],2026-08-08 08:00:23,3,2422,-88,-33.439172,151.383316,19.070000,0.500000,,,WIFI
44:D9:E7:91:DC:20,"LLOYDS",[WPA2_PSK],2026-08-08 08:00:23,6,2437,-88,-33.439172,151.383316,19.070000,0.500000,,,WIFI
76:83:C2:21:B4:EC,"EnrichLiving",[WPA2_PSK],2026-08-08 08:00:23,6,2437,-88,-33.439172,151.383316,19.070000,0.500000,,,WIFI
2C:30:33:12:81:6D,"Telstra27FE",[WPA2_PSK],2026-08-08 08:00:23,1,2412,-89,-33.439172,151.383316,19.070000,0.500000,,,WIFI
78:45:58:31:61:83,"TGW - Staff",[WPA2_WPA3_PSK],2026-08-08 08:00:23,6,2437,-90,-33.439172,151.383316,19.070000,0.500000,,,WIFI
60:A4:B7:1D:8E:9C,"Nexus",[WPA2_PSK],2026-08-08 08:00:23,1,2412,-91,-33.439172,151.383316,19.070000,0.500000,,,WIFI
66:A4:B7:1D:8E:9C,"Nexus (Guest)",[WPA2_PSK],2026-08-08 08:00:23,1,2412,-91,-33.439172,151.383316,19.070000,0.500000,,,WIFI
96:53:30:A8:B1:E8,"DIRECT-e8-HP M426 LaserJet",[WPA2_PSK],2026-08-08 08:00:23,6,2437,-91,-33.439172,151.383316,19.070000,0.500000,,,WIFI
8C:30:66:98:FF:8C,"The Aster Clinic WiFi",[WPA2_WPA3_PSK],2026-08-08 08:00:23,6,2437,-91,-33.439172,151.383316,19.070000,0.500000,,,WIFI
1C:6A:1B:99:69:81,"Happy J",[WPA2_WPA3_PSK],2026-08-08 08:00:31,1,2412,-55,-33.439185,151.383331,17.380000,0.500000,,,WIFI
38:A6:59:FE:44:A9,"Optus_FE44A7",[WPA2_PSK],2026-08-08 08:00:31,11,2462,-64,-33.439185,151.383331,17.380000,0.500000,,,WIFI
5E:F3:70:C2:F2:4C,"DIRECT-dg-ADS-4700W_BRf24c",[WPA2_PSK],2026-08-08 08:00:31,1,2412,-68,-33.439185,151.383331,17.380000,0.500000,,,WIFI
B4:FB:E4:4D:28:DB,"Life Medical Centre",[WPA2_PSK],2026-08-08 08:00:31,6,2437,-70,-33.439185,151.383331,17.380000,0.500000,,,WIFI
FC:EC:DA:11:87:7B,"GWESWLAN",[WPA2_PSK],2026-08-08 08:00:31,6,2437,-71,-33.439185,151.383331,17.380000,0.500000,,,WIFI
BA:FB:E4:4D:28:DB,"Life Medical Centre Guests",[WPA2_PSK],2026-08-08 08:00:31,6,2437,-71,-33.439185,151.383331,17.380000,0.500000,,,WIFI
06:EC:DA:11:87:7B,"GWESWLAN1",[WPA2_PSK],2026-08-08 08:00:31,6,2437,-72,-33.439185,151.383331,17.380000,0.500000,,,WIFI
0A:EC:DA:11:87:7B,"CoastWide-WiFi",[WPA2_PSK],2026-08-08 08:00:31,6,2437,-72,-33.439185,151.383331,17.380000,0.500000,,,WIFI
6C:CD:D6:CB:6C:39,"Telstra0866",[WPA2_PSK],2026-08-08 08:00:31,11,2462,-72,-33.439185,151.383331,17.380000,0.500000,,,WIFI
FC:EC:DA:F7:C6:97,"PLSMWLAN",[WPA2_PSK],2026-08-08 08:00:31,11,2462,-72,-33.439185,151.383331,17.380000,0.500000,,,WIFI
02:EC:DA:11:87:7B,"GWESWLAN2",[WPA2_PSK],2026-08-08 08:00:31,6,2437,-73,-33.439185,151.383331,17.380000,0.500000,,,WIFI
DA:B3:70:13:C0:C5,"WhitelawGuest",[WPA2_PSK],2026-08-08 08:00:31,1,2412,-75,-33.439185,151.383331,17.380000,0.500000,,,WIFI
8E:18:88:BE:9A:C8,"HA-SECURE-2",[WPA2_ENTERPRISE],2026-08-08 08:00:31,1,2412,-75,-33.439185,151.383331,17.380000,0.500000,,,WIFI
82:18:88:BE:9A:C8,"HA-iPAD",[WPA2_PSK],2026-08-08 08:00:31,1,2412,-75,-33.439185,151.383331,17.380000,0.500000,,,WIFI
2C:30:33:16:68:61,"Telstra1523",[WPA2_PSK],2026-08-08 08:00:31,6,2437,-75,-33.439185,151.383331,17.380000,0.500000,,,WIFI
F4:92:BF:A8:C0:85,"GWESWLAN",[WPA2_PSK],2026-08-08 08:00:31,6,2437,-75,-33.439185,151.383331,17.380000,0.500000,,,WIFI
4A:D9:E7:91:DB:DF,"CENTRALINVEST",[WPA2_PSK],2026-08-08 08:00:31,11,2462,-75,-33.439185,151.383331,17.380000,0.500000,,,WIFI
D8:B3:70:E3:C0:C5,"WMSwireless",[WPA2_PSK],2026-08-08 08:00:31,1,2412,-76,-33.439185,151.383331,17.380000,0.500000,,,WIFI
96:18:88:BE:9A:C8,"HA-VROA",[OPEN],2026-08-08 08:00:31,1,2412,-76,-33.439185,151.383331,17.380000,0.500000,,,WIFI
FA:55:A8:0A:97:D3,"HA-Guest",[OPEN],2026-08-08 08:00:31,11,2462,-76,-33.439185,151.383331,17.380000,0.500000,,,WIFI
86:18:88:BE:9A:C8,"HA-Guest",[OPEN],2026-08-08 08:00:31,1,2412,-77,-33.439185,151.383331,17.380000,0.500000,,,WIFI
F2:55:A8:0A:97:D3,"HA-SECURE-2",[WPA2_ENTERPRISE],2026-08-08 08:00:31,11,2462,-77,-33.439185,151.383331,17.380000,0.500000,,,WIFI
FE:55:A8:0A:97:D3,"HA-iPAD",[WPA2_PSK],2026-08-08 08:00:31,11,2462,-77,-33.439185,151.383331,17.380000,0.500000,,,WIFI
D6:35:1D:E9:0E:42,"OFL_WiFi",[WPA2_WPA3_PSK],2026-08-08 08:00:31,1,2412,-78,-33.439185,151.383331,17.380000,0.500000,,,WIFI
FE:EC:DA:F7:C6:97,"EnrichLiving",[WPA2_PSK],2026-08-08 08:00:31,11,2462,-78,-33.439185,151.383331,17.380000,0.500000,,,WIFI
86:18:88:BE:9A:C5,"HA-Guest",[OPEN],2026-08-08 08:00:31,6,2437,-79,-33.439185,151.383331,17.380000,0.500000,,,WIFI
96:18:88:BE:9A:C5,"HA-VROA",[OPEN],2026-08-08 08:00:31,6,2437,-80,-33.439185,151.383331,17.380000,0.500000,,,WIFI
8E:18:88:BE:9A:C5,"HA-SECURE-2",[WPA2_ENTERPRISE],2026-08-08 08:00:31,6,2437,-80,-33.439185,151.383331,17.380000,0.500000,,,WIFI
82:18:88:BE:9A:C5,"HA-iPAD",[WPA2_PSK],2026-08-08 08:00:31,6,2437,-80,-33.439185,151.383331,17.380000,0.500000,,,WIFI
0C:EA:14:26:16:8A,"OFL_WIFI",[WPA2_WPA3_PSK],2026-08-08 08:00:31,11,2462,-81,-33.439185,151.383331,17.380000,0.500000,,,WIFI
BE:E9:2F:34:0C:90,"DIRECT-90-HP ENVY 5000 series",[WPA2_PSK],2026-08-08 08:00:31,6,2437,-82,-33.439185,151.383331,17.380000,0.500000,,,WIFI
7E:45:58:31:61:83,"TGW - Members",[WPA2_WPA3_PSK],2026-08-08 08:00:31,6,2437,-84,-33.439185,151.383331,17.380000,0.500000,,,WIFI
E0:D3:62:9B:D4:0E,"GEEKS_TECH",[WPA2_PSK],2026-08-08 08:00:31,3,2422,-86,-33.439185,151.383331,17.380000,0.500000,,,WIFI
08:02:8E:F0:43:69,"PlatinumChiro",[WPA2_PSK],2026-08-08 08:00:31,6,2437,-86,-33.439185,151.383331,17.380000,0.500000,,,WIFI
FC:EC:DA:A1:88:81,"Stella Foods",[WPA2_PSK],2026-08-08 08:00:31,6,2437,-88,-33.439185,151.383331,17.380000,0.500000,,,WIFI
00:FE:C8:21:6F:60,"pcun",[WPA2_ENTERPRISE],2026-08-08 08:00:31,11,2462,-88,-33.439185,151.383331,17.380000,0.500000,,,WIFI
E4:55:A8:7E:00:0E,"CURA-STAFF",[WPA2_ENTERPRISE],2026-08-08 08:00:31,11,2462,-88,-33.439185,151.383331,17.380000,0.500000,,,WIFI
EE:55:A8:7E:00:0E,"CURA-GUEST",[WPA2_PSK],2026-08-08 08:00:31,11,2462,-88,-33.439185,151.383331,17.380000,0.500000,,,WIFI
00:FE:C8:21:6F:61,"pcwn",[WPA2_ENTERPRISE],2026-08-08 08:00:31,11,2462,-89,-33.439185,151.383331,17.380000,0.500000,,,WIFI
E2:55:A8:7E:00:0E,"CURA-DOC",[WPA2_PSK],2026-08-08 08:00:31,11,2462,-89,-33.439185,151.383331,17.380000,0.500000,,,WIFI
24:5A:4C:9A:B1:19,"CCCUT",[WPA2_PSK],2026-08-08 08:00:31,11,2462,-91,-33.439185,151.383331,17.380000,0.500000,,,WIFI
EA:55:A8:0A:97:D3,"HA-VROA",[OPEN],2026-08-08 08:00:40,11,2462,-78,-33.439172,151.383333,17.380000,0.500000,,,WIFI
66:A4:B7:1D:8F:62,"Nexus (Guest)",[WPA2_PSK],2026-08-08 08:00:40,1,2412,-81,-33.439172,151.383333,17.380000,0.500000,,,WIFI
E0:63:DA:65:8C:EA,"Life Medical Centre",[WPA2_PSK],2026-08-08 08:00:40,1,2412,-83,-33.439172,151.383333,17.380000,0.500000,,,WIFI
E6:63:DA:65:8C:EA,"Life Medical Centre Guests",[WPA2_PSK],2026-08-08 08:00:40,1,2412,-83,-33.439172,151.383333,17.380000,0.500000,,,WIFI
44:D9:E7:91:DB:DF,"LLOYDS",[WPA2_PSK],2026-08-08 08:00:40,11,2462,-83,-33.439172,151.383333,17.380000,0.500000,,,WIFI
00:FE:C8:21:6F:62,"EO Guest",[WPA2_PSK],2026-08-08 08:00:40,11,2462,-83,-33.439172,151.383333,17.380000,0.500000,,,WIFI
6A:C7:F5:B4:DB:64,"ClockOn_Guest",[WPA2_PSK],2026-08-08 08:00:40,11,2462,-83,-33.439172,151.383333,17.380000,0.500000,,,WIFI
60:A4:B7:1D:8F:62,"Nexus",[WPA2_PSK],2026-08-08 08:00:40,1,2412,-84,-33.439172,151.383333,17.380000,0.500000,,,WIFI
B6:FB:E4:11:44:F1,"TGW - Platinum - Members",[WPA2_PSK],2026-08-08 08:00:40,1,2412,-85,-33.439172,151.383333,17.380000,0.500000,,,WIFI
14:49:BC:51:36:98,"KRESS-2.4G",[WPA_WPA2_PSK],2026-08-08 08:00:40,1,2412,-85,-33.439172,151.383333,17.380000,0.500000,,,WIFI
4A:D9:E7:91:DC:20,"CENTRALINVEST",[WPA2_PSK],2026-08-08 08:00:40,6,2437,-85,-33.439172,151.383333,17.380000,0.500000,,,WIFI
74:83:C2:21:B4:EC,"PLSMWLAN",[WPA2_PSK],2026-08-08 08:00:40,6,2437,-87,-33.439172,151.383333,17.380000,0.500000,,,WIFI
A8:6E:84:00:77:9E,"sushidojo-qonus",[WPA2_PSK],2026-08-08 08:00:40,2,2417,-90,-33.439172,151.383333,17.380000,0.500000,,,WIFI
96:30:66:98:FF:8C,"TAC IoT",[WPA2_WPA3_PSK],2026-08-08 08:00:40,6,2437,-90,-33.439172,151.383333,17.380000,0.500000,,,WIFI
DA:D8:E5:5D:FE:C7,"Telstra5DFEBF",[OPEN],2026-08-08 08:00:40,11,2462,-90,-33.439172,151.383333,17.380000,0.500000,,,WIFI
18:90:D8:5E:0D:3F,"OPTUS_5E0D3E",[WPA_WPA2_PSK],2026-08-08 08:00:40,11,2462,-92,-33.439172,151.383333,17.380000,0.500000,,,WIFI
24:5A:4C:9A:64:C0,"MCS",[WPA2_PSK],2026-08-08 08:00:48,11,2462,-83,-33.439150,151.383338,12.590000,0.500000,,,WIFI
E4:38:83:71:7B:DA,"HGH",[WPA2_PSK],2026-08-08 08:00:48,6,2437,-86,-33.439150,151.383338,12.590000,0.500000,,,WIFI
D0:DB:B7:E2:65:5B,"Cheekys",[WPA2_PSK],2026-08-08 08:00:48,11,2462,-92,-33.439150,151.383338,12.590000,0.500000,,,WIFI
14:49:BC:51:35:CA,"KRESS-2.4G",[WPA_WPA2_PSK],2026-08-08 08:00:48,1,2412,-94,-33.439150,151.383338,12.590000,0.500000,,,WIFI
E4:38:83:EA:55:35,"OFL Client Centre",[WPA2_WPA3_PSK],2026-08-08 08:00:48,11,2462,-96,-33.439150,151.383338,12.590000,0.500000,,,WIFI
08:02:8E:EE:3C:E9,"Telstra3D84",[WPA2_PSK],2026-08-08 08:00:56,6,2437,-88,-33.439076,151.383357,14.030000,0.500000,,,WIFI
00:25:42:EB:F8:6E,"BlackVue800GOLD-EBF86E",[WPA2_PSK],2026-08-08 08:00:56,6,2437,-91,-33.439076,151.383357,14.030000,0.500000,,,WIFI
D0:DB:B7:E2:4F:92,"Sol",[WPA2_PSK],2026-08-08 08:01:05,6,2437,-87,-33.439024,151.383369,14.930000,0.500000,,,WIFI
28:94:01:37:F7:4C,"ORBI53",[WPA2_WPA3_PSK],2026-08-08 08:01:05,3,2422,-90,-33.439024,151.383369,14.930000,0.500000,,,WIFI
92:30:66:CC:01:CC,"HopeMC",[WPA2_PSK],2026-08-08 08:01:05,11,2462,-90,-33.439024,151.383369,14.930000,0.500000,,,WIFI
2E:94:01:37:F7:4C,"NTGRBH_2894013AE088",[WPA3_PSK],2026-08-08 08:01:05,3,2422,-91,-33.439024,151.383369,14.930000,0.500000,,,WIFI
C4:9A:31:0B:24:51,"ErinaWIFI",[WPA2_WPA3_PSK],2026-08-08 08:01:13,4,2427,-80,-33.439004,151.383366,17.480000,0.500000,,,WIFI
78:C5:7D:37:DB:11,"OPTUS_37DB10L",[WPA2_WPA3_PSK],2026-08-08 08:01:13,11,2462,-81,-33.439004,151.383366,17.480000,0.500000,,,WIFI
28:70:4E:53:3E:0E,"HDABC",[WPA2_WPA3_PSK],2026-08-08 08:01:13,1,2412,-82,-33.439004,151.383366,17.480000,0.500000,,,WIFI
08:02:8E:F0:55:95,"Telstra0DB1",[WPA2_PSK],2026-08-08 08:01:13,6,2437,-82,-33.439004,151.383366,17.480000,0.500000,,,WIFI
E8:6F:38:41:DF:38,"NOKIA-E86F3841DF33",[WPA_WPA2_PSK],2026-08-08 08:01:13,13,2472,-84,-33.439004,151.383366,17.480000,0.500000,,,WIFI
74:08:DE:0B:A4:A5,"ING2.4G_23CFKD0E1365",[WPA2_PSK],2026-08-08 08:01:13,1,2412,-85,-33.439004,151.383366,17.480000,0.500000,,,WIFI
44:A5:6E:88:EC:F9,"Telstra0CE0",[WPA2_PSK],2026-08-08 08:01:13,1,2412,-89,-33.439004,151.383366,17.480000,0.500000,,,WIFI
68:3A:1E:32:0A:E2,"B_Data",[WPA2_ENTERPRISE],2026-08-08 08:01:21,1,2412,-78,-33.438989,151.383369,17.850000,0.500000,,,WIFI
6E:3A:1E:32:0A:E2,"B_Guest",[OPEN],2026-08-08 08:01:21,1,2412,-78,-33.438989,151.383369,17.850000,0.500000,,,WIFI
54:07:7D:7D:D5:7A,"Telstra0CE0_2GEXT",[WPA2_PSK],2026-08-08 08:01:21,1,2412,-80,-33.438989,151.383369,17.850000,0.500000,,,WIFI
62:3A:1E:32:0A:E2,"B_Data_MM",[WPA2_ENTERPRISE],2026-08-08 08:01:21,1,2412,-81,-33.438989,151.383369,17.850000,0.500000,,,WIFI
98:18:88:C0:43:82,"GYG_POS",[WPA2_WPA3_PSK],2026-08-08 08:01:21,1,2412,-84,-33.438989,151.383369,17.850000,0.500000,,,WIFI
68:3A:1E:32:09:DB,"B_Data",[WPA2_ENTERPRISE],2026-08-08 08:01:21,11,2462,-84,-33.438989,151.383369,17.850000,0.500000,,,WIFI
6E:3A:1E:32:09:DB,"B_Guest",[OPEN],2026-08-08 08:01:21,11,2462,-84,-33.438989,151.383369,17.850000,0.500000,,,WIFI
62:3A:1E:32:09:DB,"B_Data_MM",[WPA2_ENTERPRISE],2026-08-08 08:01:21,11,2462,-84,-33.438989,151.383369,17.850000,0.500000,,,WIFI
86:2A:A8:1A:59:B0,"InvestBlue",[WPA2_PSK],2026-08-08 08:01:21,6,2437,-88,-33.438989,151.383369,17.850000,0.500000,,,WIFI
B4:8A:0A:6D:CD:85,"MAZZER-33386593",[WPA2_PSK],2026-08-08 08:01:21,1,2412,-89,-33.438989,151.383369,17.850000,0.500000,,,WIFI
E4:FA:C4:38:EC:8A,"TP-Link_EC8A",[WPA2_PSK],2026-08-08 08:01:21,2,2417,-89,-33.438989,151.383369,17.850000,0.500000,,,WIFI
92:30:66:CA:D9:09,"HopeMC",[WPA2_PSK],2026-08-08 08:01:21,6,2437,-90,-33.438989,151.383369,17.850000,0.500000,,,WIFI
80:2A:A8:1A:59:B0,"InvestBlue Guest",[WPA2_PSK],2026-08-08 08:01:21,6,2437,-90,-33.438989,151.383369,17.850000,0.500000,,,WIFI
70:A7:41:81:43:A4,"InvestBlue Guest",[WPA2_PSK],2026-08-08 08:01:21,11,2462,-91,-33.438989,151.383369,17.850000,0.500000,,,WIFI
F6:CC:F4:4F:87:DA,"AndroidAP936A",[WPA2_PSK],2026-08-08 08:01:21,11,2462,-91,-33.438989,151.383369,17.850000,0.500000,,,WIFI
88:0F:A2:BB:4C:86,"WiFi-M4FMR",[WPA2_WPA3_PSK],2026-08-08 08:01:21,1,2412,-92,-33.438989,151.383369,17.850000,0.500000,,,WIFI
8A:2A:A8:1A:59:B0,"LifeWealth Guest",[WPA2_PSK],2026-08-08 08:01:21,6,2437,-94,-33.438989,151.383369,17.850000,0.500000,,,WIFI
92:18:88:C0:43:82,"GYG_BYOD",[WPA2_WPA3_PSK],2026-08-08 08:01:30,1,2412,-73,-33.438978,151.383381,17.070000,0.500000,,,WIFI
96:18:88:C0:43:82,"GYG_DEVICES",[WPA2_WPA3_PSK],2026-08-08 08:01:30,1,2412,-73,-33.438978,151.383381,17.070000,0.500000,,,WIFI
84:F1:47:1B:F7:E0,"PH_Express-EO",[OPEN],2026-08-08 08:01:30,6,2437,-73,-33.438978,151.383381,17.070000,0.500000,,,WIFI
82:18:88:C0:43:82,"GYG_EFT",[WPA2_WPA3_PSK],2026-08-08 08:01:30,1,2412,-74,-33.438978,151.383381,17.070000,0.500000,,,WIFI
08:02:8E:EC:A3:D9,"Telstra4C6B",[WPA2_PSK],2026-08-08 08:01:30,1,2412,-82,-33.438978,151.383381,17.070000,0.500000,,,WIFI
D4:35:1D:7E:0F:94,"Telstra7E0F94",[WPA2_PSK],2026-08-08 08:01:30,12,2467,-82,-33.438978,151.383381,17.070000,0.500000,,,WIFI
84:F1:47:1B:DC:20,"PH_Express-EO",[OPEN],2026-08-08 08:01:30,1,2412,-83,-33.438978,151.383381,17.070000,0.500000,,,WIFI
84:F1:47:1B:DC:21,"PH_ManagedService-EO",[WPA2_ENTERPRISE],2026-08-08 08:01:30,1,2412,-84,-33.438978,151.383381,17.070000,0.500000,,,WIFI
84:F1:47:1B:F7:E1,"PH_ManagedService-EO",[WPA2_ENTERPRISE],2026-08-08 08:01:30,6,2437,-87,-33.438978,151.383381,17.070000,0.500000,,,WIFI
F6:92:BF:9D:12:6B,"RAH_Gos",[WPA2_WPA3_PSK],2026-08-08 08:01:30,1,2412,-91,-33.438978,151.383381,17.070000,0.500000,,,WIFI
92:30:66:CC:02:1D,"HopeMC",[WPA2_PSK],2026-08-08 08:01:38,6,2437,-85,-33.438934,151.383383,19.660000,0.500000,,,WIFI
68:7D:B4:E2:A7:C6,"Vendor_WLAN",[WPA2_PSK],2026-08-08 08:01:38,1,2412,-88,-33.438934,151.383383,19.660000,0.500000,,,WIFI
68:7D:B4:E2:A7:C1,"EDGOPS3",[WPA2_PSK],2026-08-08 08:01:38,1,2412,-89,-33.438934,151.383383,19.660000,0.500000,,,WIFI
82:C9:E3:49:DA:C8,"Frogmouth3.0",[WPA2_PSK],2026-08-08 08:01:38,3,2422,-90,-33.438934,151.383383,19.660000,0.500000,,,WIFI
CC:2D:21:B4:9B:C1,"scsianz",[WPA_WPA2_PSK],2026-08-08 08:01:38,1,2412,-93,-33.438934,151.383383,19.660000,0.500000,,,WIFI
68:7D:B4:E2:8A:21,"EDGOPS3",[WPA2_PSK],2026-08-08 08:01:55,6,2437,-68,-33.438896,151.383339,14.590000,0.600000,,,WIFI
68:7D:B4:E2:8A:24,"vb0104p1",[WPA2_PSK],2026-08-08 08:01:55,6,2437,-68,-33.438896,151.383339,14.590000,0.600000,,,WIFI
68:7D:B4:E2:8A:26,"Vendor_WLAN",[WPA2_PSK],2026-08-08 08:01:55,6,2437,-69,-33.438896,151.383339,14.590000,0.600000,,,WIFI
68:7D:B4:DF:C7:21,"EDGOPS3",[WPA2_PSK],2026-08-08 08:01:55,1,2412,-87,-33.438896,151.383339,14.590000,0.600000,,,WIFI
68:7D:B4:DF:C7:26,"Vendor_WLAN",[WPA2_PSK],2026-08-08 08:02:00,1,2412,-86,-33.438890,151.383367,14.590000,0.600000,,,WIFI
68:7D:B4:E1:C1:E1,"EDGOPS3",[WPA2_PSK],2026-08-08 08:02:09,11,2462,-84,-33.438879,151.383378,11.850000,1.000000,,,WIFI
68:7D:B4:E1:C1:E6,"Vendor_WLAN",[WPA2_PSK],2026-08-08 08:02:09,11,2462,-84,-33.438879,151.383378,11.850000,1.000000,,,WIFI
68:7D:B4:E1:C1:E4,"vb0104p1",[WPA2_PSK],2026-08-08 08:02:09,11,2462,-85,-33.438879,151.383378,11.850000,1.000000,,,WIFI
28:56:C1:5E:09:47,"MB WLAN 81922",[WPA_WPA2_PSK],2026-08-08 08:03:33,6,2437,-82,-33.438889,151.383217,18.080000,1.100000,,,WIFI
B8:D4:BC:B6:C6:B5,"Crepes By Heart",[WPA2_WPA3_PSK],2026-08-08 08:03:33,13,2472,-88,-33.438889,151.383217,18.080000,1.100000,,,WIFI
68:7D:B4:E2:A7:C4,"vb0104p1",[WPA2_PSK],2026-08-08 08:03:49,1,2412,-90,-33.438912,151.383164,21.570000,1.100000,,,WIFI
84:F1:47:1A:83:01,"PH_ManagedService-EO",[WPA2_ENTERPRISE],2026-08-08 08:04:30,1,2412,-84,-33.438883,151.383192,22.430000,0.900000,,,WIFI
84:F1:47:1A:83:00,"PH_Express-EO",[OPEN],2026-08-08 08:04:38,1,2412,-87,-33.438853,151.383291,22.340000,0.600000,,,WIFI
A8:42:A1:64:76:B4,"ErinaWIFI_EXT",[WPA2_WPA3_PSK],2026-08-08 08:04:47,4,2427,-80,-33.438801,151.383402,19.610000,0.500000,,,WIFI
94:A6:7E:4C:34:AE,"Telstra390F_2GEXT",[WPA2_PSK],2026-08-08 08:04:47,11,2462,-83,-33.438801,151.383402,19.610000,0.500000,,,WIFI
6E:0B:5E:A7:E2:ED,"DIRECT-ED-HP Color LJ 4301",[WPA2_PSK],2026-08-08 08:04:47,6,2437,-86,-33.438801,151.383402,19.610000,0.500000,,,WIFI
92:2A:A8:1A:59:B0,"Ironbark Guest",[WPA2_PSK],2026-08-08 08:04:47,6,2437,-90,-33.438801,151.383402,19.610000,0.500000,,,WIFI
20:E1:5D:D5:4E:FA,"TP-Link_4EFC",[WPA2_PSK],2026-08-08 08:04:47,4,2427,-92,-33.438801,151.383402,19.610000,0.500000,,,WIFI
68:FF:7B:D3:E3:89,"WiFi-E389",[WPA2_PSK],2026-08-08 08:04:47,4,2427,-93,-33.438801,151.383402,19.610000,0.500000,,,WIFI
18:E8:29:67:AD:17,"Brazel Moore WiFi",[WPA2_PSK],2026-08-08 08:04:55,11,2462,-81,-33.438742,151.383514,22.840000,0.500000,,,WIFI
14:49:BC:35:77:80,"Telstra240B",[WPA2_WPA3_PSK],2026-08-08 08:04:55,6,2437,-90,-33.438742,151.383514,22.840000,0.500000,,,WIFI
34:19:4D:04:96:66,"Telstra049662",[WPA2_WPA3_PSK],2026-08-08 08:04:55,4,2427,-92,-33.438742,151.383514,22.840000,0.500000,,,WIFI
38:2C:E5:F3:2A:55,"SmartLife-2A55",[OPEN],2026-08-08 08:04:55,6,2437,-93,-33.438742,151.383514,22.840000,0.500000,,,WIFI
74:DA:88:76:7B:5A,"TP-Link_7B5A",[WPA2_PSK],2026-08-08 08:05:31,3,2422,-86,-33.438642,151.383639,23.330000,0.500000,,,WIFI
76:A7:41:81:43:A4,"InvestBlue",[WPA2_PSK],2026-08-08 08:05:31,11,2462,-88,-33.438642,151.383639,23.330000,0.500000,,,WIFI
7E:A7:41:81:43:A4,"Ironbark Guest",[WPA2_PSK],2026-08-08 08:05:31,11,2462,-88,-33.438642,151.383639,23.330000,0.500000,,,WIFI
6C:CD:D6:CA:29:45,"Telstra390F",[WPA2_PSK],2026-08-08 08:05:48,11,2462,-82,-33.438672,151.383709,17.910000,0.500000,,,WIFI
F8:CA:59:59:A1:C7,"EXPRESSLUBE ",[WPA2_PSK],2026-08-08 08:05:48,1,2412,-85,-33.438672,151.383709,17.910000,0.500000,,,WIFI
74:4D:28:F9:29:1E,"Sterland24",[WPA_WPA2_PSK],2026-08-08 08:05:48,3,2422,-88,-33.438672,151.383709,17.910000,0.500000,,,WIFI
D0:21:F9:31:B7:BD,"FiveStar DaySpa",[WPA2_PSK],2026-08-08 08:05:48,6,2437,-88,-33.438672,151.383709,17.910000,0.500000,,,WIFI
CC:40:D0:E4:EF:FD,"Telstra2A0D",[WPA2_PSK],2026-08-08 08:05:48,6,2437,-88,-33.438672,151.383709,17.910000,0.500000,,,WIFI
2E:70:4E:7E:0F:8E,"RAH_Gos",[WPA2_WPA3_PSK],2026-08-08 08:05:48,11,2462,-90,-33.438672,151.383709,17.910000,0.500000,,,WIFI
32:39:F9:02:2B:E6,"Telstra022BE6",[WPA2_WPA3_PSK],2026-08-08 08:05:48,1,2412,-91,-33.438672,151.383709,17.910000,0.500000,,,WIFI
10:2B:AA:D0:42:03,"OPTUS_D04201M",[WPA2_WPA3_PSK],2026-08-08 08:05:48,11,2462,-91,-33.438672,151.383709,17.910000,0.500000,,,WIFI
B8:27:C5:B3:DA:B7,"HUAWEI_DAB7",[WPA2_PSK],2026-08-08 08:05:48,9,2452,-92,-33.438672,151.383709,17.910000,0.500000,,,WIFI
DC:B7:AC:2F:1B:24,"Life Medical Imaging - GuestWifi",[OPEN],2026-08-08 08:05:56,1,2412,-77,-33.438640,151.384051,14.200000,0.500000,,,WIFI
A6:D7:3C:94:64:F6,"DIRECT-3C-EPSON-94E4F6",[WPA2_PSK],2026-08-08 08:05:56,1,2412,-77,-33.438640,151.384051,14.200000,0.500000,,,WIFI
DC:B7:AC:2F:1B:22,"Life Medical Imaging - Admin",[WPA2_PSK],2026-08-08 08:05:56,1,2412,-78,-33.438640,151.384051,14.200000,0.500000,,,WIFI
DC:B7:AC:2F:1B:23,"Life Medical Imaging - Staff",[WPA2_PSK],2026-08-08 08:05:56,1,2412,-78,-33.438640,151.384051,14.200000,0.500000,,,WIFI
A6:D7:3C:94:65:00,"DIRECT-3C-EPSON-94E500",[WPA2_PSK],2026-08-08 08:05:56,1,2412,-85,-33.438640,151.384051,14.200000,0.500000,,,WIFI
14:49:BC:9D:E3:B8,"MDA",[WPA2_WPA3_PSK],2026-08-08 08:05:56,6,2437,-89,-33.438640,151.384051,14.200000,0.500000,,,WIFI
14:49:BC:9D:E3:BA,"MDA_Data",[WPA2_WPA3_PSK],2026-08-08 08:05:56,6,2437,-92,-33.438640,151.384051,14.200000,0.500000,,,WIFI
02:18:4A:5C:CA:55,"Free Telstra Wi-Fi",[OPEN],2026-08-08 08:06:13,1,2412,-77,-33.438103,151.383803,6.930000,0.500000,,,WIFI
60:A4:B7:E6:B8:44,"WiFi-B844",[WPA2_PSK],2026-08-08 08:06:13,9,2452,-83,-33.438103,151.383803,6.930000,0.500000,,,WIFI
CC:6C:52:0A:70:6B,"NetComm 4622",[WPA2_WPA3_PSK],2026-08-08 08:06:18,11,2462,-75,-33.437991,151.383690,6.810000,0.500000,,,WIFI
24:E1:24:F9:D2:54,"Claude_2.4",[WPA2_PSK],2026-08-08 08:06:18,11,2462,-81,-33.437991,151.383690,6.810000,0.500000,,,WIFI
CC:6C:52:0A:8C:4E,"NetComm 4972",[WPA2_WPA3_PSK],2026-08-08 08:06:18,1,2412,-82,-33.437991,151.383690,6.810000,0.500000,,,WIFI
44:35:B9:01:BD:0B,"OPTUS_BE6EBD_2.4",[WPA2_PSK],2026-08-08 08:06:18,11,2462,-84,-33.437991,151.383690,6.810000,0.500000,,,WIFI
36:94:54:92:E4:0F,"empowered",[WPA2_PSK],2026-08-08 08:06:18,6,2437,-88,-33.437991,151.383690,6.810000,0.500000,,,WIFI
32:94:01:3A:E0:87,"NTGRBH_2894013AE088",[WPA2_WPA3_PSK],2026-08-08 08:06:18,3,2422,-89,-33.437991,151.383690,6.810000,0.500000,,,WIFI
DA:D8:E5:71:80:B9,"Telstra7180B1",[WPA2_PSK],2026-08-08 08:06:18,6,2437,-89,-33.437991,151.383690,6.810000,0.500000,,,WIFI
DC:2C:6E:A9:1D:60,"Northern",[WPA2_PSK],2026-08-08 08:06:18,1,2412,-90,-33.437991,151.383690,6.810000,0.500000,,,WIFI
D0:DB:B7:64:9E:57,"BristolErina",[WPA2_PSK],2026-08-08 08:06:18,13,2472,-91,-33.437991,151.383690,6.810000,0.500000,,,WIFI
2E:94:01:3A:E0:87,"ORBI53",[WPA2_WPA3_PSK],2026-08-08 08:06:18,3,2422,-92,-33.437991,151.383690,6.810000,0.500000,,,WIFI
C4:AD:34:70:F0:9E,"MikroTik-70F09E",[WPA_WPA2_PSK],2026-08-08 08:06:18,8,2447,-92,-33.437991,151.383690,6.810000,0.500000,,,WIFI
48:A9:8A:E8:DB:C8,"Northern",[WPA2_PSK],2026-08-08 08:06:18,8,2447,-93,-33.437991,151.383690,6.810000,0.500000,,,WIFI
92:30:66:C6:BB:87,"HopeMC",[WPA2_PSK],2026-08-08 08:06:26,1,2412,-87,-33.437917,151.383434,5.210000,0.500000,,,WIFI
24:58:7C:D2:91:D9,"SG-B2452105824",[OPEN],2026-08-08 08:06:26,1,2412,-89,-33.437917,151.383434,5.210000,0.500000,,,WIFI
20:97:27:6D:B4:14,"RUT241_B414",[WPA2_PSK],2026-08-08 08:06:26,9,2452,-89,-33.437917,151.383434,5.210000,0.500000,,,WIFI
6C:CD:D6:CC:BC:BD,"Telstra022B",[WPA2_PSK],2026-08-08 08:06:26,6,2437,-92,-33.437917,151.383434,5.210000,0.500000,,,WIFI
10:D7:B0:84:B1:78,"Optus_84B176",[WPA2_PSK],2026-08-08 08:06:26,11,2462,-92,-33.437917,151.383434,5.210000,0.500000,,,WIFI
94:18:65:C7:34:A8,"Telstra0BA1",[WPA2_PSK],2026-08-08 08:06:26,6,2437,-93,-33.437917,151.383434,5.210000,0.500000,,,WIFI
00:1D:AA:5C:AB:98,"FUTURESPORT2.4G",[WPA_WPA2_PSK],2026-08-08 08:06:26,6,2437,-93,-33.437917,151.383434,5.210000,0.500000,,,WIFI
28:70:4E:E6:C0:41,"Aircon",[WPA2_PSK],2026-08-08 08:06:34,11,2462,-80,-33.438147,151.382366,7.360000,0.500000,,,WIFI
2E:70:4E:E6:C0:41,"Petbarn-Store",[WPA2_PSK],2026-08-08 08:06:34,11,2462,-80,-33.438147,151.382366,7.360000,0.500000,,,WIFI
32:70:4E:E6:C0:41,"Petbarn-3rdParty",[WPA2_PSK],2026-08-08 08:06:34,11,2462,-81,-33.438147,151.382366,7.360000,0.500000,,,WIFI
32:70:4E:E6:C0:BD,"Petbarn-3rdParty",[WPA2_PSK],2026-08-08 08:06:34,11,2462,-85,-33.438147,151.382366,7.360000,0.500000,,,WIFI
28:70:4E:E6:C0:BD,"Aircon",[WPA2_PSK],2026-08-08 08:06:34,11,2462,-86,-33.438147,151.382366,7.360000,0.500000,,,WIFI
2E:70:4E:E6:C0:BD,"Petbarn-Store",[WPA2_PSK],2026-08-08 08:06:34,11,2462,-86,-33.438147,151.382366,7.360000,0.500000,,,WIFI
84:78:48:FF:96:D5,"Erina_Staff",[WPA2_WPA3_PSK],2026-08-08 08:06:34,1,2412,-87,-33.438147,151.382366,7.360000,0.500000,,,WIFI
08:02:8E:F0:28:01,"Telstra04A4",[WPA2_PSK],2026-08-08 08:06:34,1,2412,-88,-33.438147,151.382366,7.360000,0.500000,,,WIFI
B0:39:56:C2:EB:4A,"Telstra38AB",[WPA2_PSK],2026-08-08 08:06:34,1,2412,-90,-33.438147,151.382366,7.360000,0.500000,,,WIFI
94:18:65:C5:E6:00,"Telstra2900",[WPA2_PSK],2026-08-08 08:06:34,6,2437,-91,-33.438147,151.382366,7.360000,0.500000,,,WIFI
D0:21:F9:54:36:C0,"Erina WAP1",[WPA2_PSK],2026-08-08 08:06:34,6,2437,-91,-33.438147,151.382366,7.360000,0.500000,,,WIFI
B0:39:56:3D:F0:C1,"Telstra2260",[WPA2_PSK],2026-08-08 08:06:34,6,2437,-93,-33.438147,151.382366,7.360000,0.500000,,,WIFI
7A:20:51:2C:E1:B4,"Panvest Guest",[WPA2_PSK],2026-08-08 08:06:34,6,2437,-93,-33.438147,151.382366,7.360000,0.500000,,,WIFI
CC:32:E5:65:10:12,"BNH",[WPA_WPA2_PSK],2026-08-08 08:06:34,3,2422,-94,-33.438147,151.382366,7.360000,0.500000,,,WIFI
A2:C9:EB:1B:1E:1C,"DoE_Home_st32",[WPA2_PSK],2026-08-08 08:06:34,8,2447,-94,-33.438147,151.382366,7.360000,0.500000,,,WIFI
D0:DB:B7:8F:7B:D9,"NetComm 2227",[WPA2_WPA3_PSK],2026-08-08 08:06:43,11,2462,-76,-33.438505,151.381012,6.040000,0.500000,,,WIFI
04:BD:88:ED:C9:44,"kss-signage",[OPEN],2026-08-08 08:06:43,1,2412,-83,-33.438505,151.381012,6.040000,0.500000,,,WIFI
8E:18:88:BC:EE:12,"TMTAB",[WPA2_PSK],2026-08-08 08:06:43,1,2412,-84,-33.438505,151.381012,6.040000,0.500000,,,WIFI
04:BD:88:ED:C9:40,"KSS-Hotspot",[OPEN],2026-08-08 08:06:43,1,2412,-85,-33.438505,151.381012,6.040000,0.500000,,,WIFI
98:18:88:BC:EE:12,"TM",[WPA2_PSK],2026-08-08 08:06:43,1,2412,-85,-33.438505,151.381012,6.040000,0.500000,,,WIFI
92:18:88:BC:EE:12,"TMTV",[WPA2_PSK],2026-08-08 08:06:43,1,2412,-85,-33.438505,151.381012,6.040000,0.500000,,,WIFI
96:18:88:BC:EE:12,"TMFRDEV",[WPA2_PSK],2026-08-08 08:06:43,1,2412,-85,-33.438505,151.381012,6.040000,0.500000,,,WIFI
8A:18:88:BC:EE:12,"TMWS",[WPA2_PSK],2026-08-08 08:06:43,1,2412,-85,-33.438505,151.381012,6.040000,0.500000,,,WIFI
E4:55:A8:AD:D5:9A,"Red Rooster",[WPA2_PSK],2026-08-08 08:06:43,1,2412,-85,-33.438505,151.381012,6.040000,0.500000,,,WIFI
E2:55:A8:AD:D5:9A,"Red Rooster FREE Wifi",[OPEN],2026-08-08 08:06:43,1,2412,-85,-33.438505,151.381012,6.040000,0.500000,,,WIFI
EE:55:A8:AD:D5:9A,"Red Rooster Erina",[WPA2_PSK],2026-08-08 08:06:43,1,2412,-85,-33.438505,151.381012,6.040000,0.500000,,,WIFI
04:BD:88:ED:C9:41,"THQ-WiFi",[WPA2_ENTERPRISE],2026-08-08 08:06:43,1,2412,-86,-33.438505,151.381012,6.040000,0.500000,,,WIFI
04:BD:88:ED:C9:42,"THQ-Mobile",[WPA2_ENTERPRISE],2026-08-08 08:06:43,1,2412,-87,-33.438505,151.381012,6.040000,0.500000,,,WIFI
44:94:FC:FD:97:0A,"Telstra1BDC",[WPA2_PSK],2026-08-08 08:06:43,1,2412,-90,-33.438505,151.381012,6.040000,0.500000,,,WIFI
18:F1:45:8F:40:13,"FUSION",[WPA2_PSK],2026-08-08 08:06:43,1,2412,-90,-33.438505,151.381012,6.040000,0.500000,,,WIFI
EA:0B:E3:63:C0:5A,"AP10049611",[WPA2_PSK],2026-08-08 08:06:43,1,2412,-91,-33.438505,151.381012,6.040000,0.500000,,,WIFI
74:08:DE:0A:4D:E8,"ING2.4G_231VKD041239",[WPA2_PSK],2026-08-08 08:06:43,6,2437,-92,-33.438505,151.381012,6.040000,0.500000,,,WIFI
74:08:DE:0A:4C:38,"ING2.4G_231VKD040807",[WPA2_PSK],2026-08-08 08:06:43,11,2462,-92,-33.438505,151.381012,6.040000,0.500000,,,WIFI
AC:8B:A9:81:A5:0E,"OptimumNBN",[WPA2_PSK],2026-08-08 08:06:43,6,2437,-94,-33.438505,151.381012,6.040000,0.500000,,,WIFI
CC:40:D0:8E:E2:A9,"Telstra1FF2",[WPA2_PSK],2026-08-08 08:06:43,1,2412,-95,-33.438505,151.381012,6.040000,0.500000,,,WIFI
72:19:B5:D4:E3:8F,"TelstraA8DEDD",[WPA2_PSK],2026-08-08 08:06:51,13,2472,-93,-33.438645,151.379735,8.430000,0.500000,,,WIFI
B4:E8:42:DC:2F:94,"LEDnet001ADC2F94",[OPEN],2026-08-08 08:06:51,10,2457,-94,-33.438645,151.379735,8.430000,0.500000,,,WIFI
88:0F:A2:42:99:D2,"OPTUS_4299D0M",[WPA2_WPA3_PSK],2026-08-08 08:07:00,6,2437,-75,-33.438572,151.378229,7.880000,0.500000,,,WIFI
DA:D8:E5:6F:B1:83,"Telstra849808",[WPA2_PSK],2026-08-08 08:07:00,1,2412,-88,-33.438572,151.378229,7.880000,0.500000,,,WIFI
D6:92:5E:D8:5B:31,"TelstraD85B29",[WPA2_PSK],2026-08-08 08:07:00,1,2412,-90,-33.438572,151.378229,7.880000,0.500000,,,WIFI
2E:8D:DB:D9:30:95,"WiFi-VoIP",[WPA2_PSK],2026-08-08 08:07:00,6,2437,-90,-33.438572,151.378229,7.880000,0.500000,,,WIFI
D0:DB:B7:D4:29:8F,"Aussie Broadband 5348",[WPA2_PSK],2026-08-08 08:07:00,1,2412,-91,-33.438572,151.378229,7.880000,0.500000,,,WIFI
E4:FA:C4:0D:5A:97,"TP-Link_5A97",[WPA2_PSK],2026-08-08 08:07:00,4,2427,-91,-33.438572,151.378229,7.880000,0.500000,,,WIFI
16:8D:DB:D9:30:95,"Woodport",[WPA2_WPA3_PSK],2026-08-08 08:07:00,6,2437,-91,-33.438572,151.378229,7.880000,0.500000,,,WIFI
0C:8D:DB:D9:30:95,"TSA",[WPA2_ENTERPRISE],2026-08-08 08:07:00,6,2437,-91,-33.438572,151.378229,7.880000,0.500000,,,WIFI
6C:CD:D6:CD:4B:85,"Telstra0891",[WPA2_PSK],2026-08-08 08:07:00,1,2412,-93,-33.438572,151.378229,7.880000,0.500000,,,WIFI
D0:DB:B7:64:67:20,"NetComm 3683",[WPA2_PSK],2026-08-08 08:07:00,6,2437,-93,-33.438572,151.378229,7.880000,0.500000,,,WIFI
12:8D:DB:D9:30:95,"Woodport - Residents",[WPA2_WPA3_PSK],2026-08-08 08:07:00,6,2437,-93,-33.438572,151.378229,7.880000,0.500000,,,WIFI
94:18:65:C6:3B:58,"Telstra3E56",[WPA2_PSK],2026-08-08 08:07:00,1,2412,-94,-33.438572,151.378229,7.880000,0.500000,,,WIFI
CC:6C:52:0D:21:AE,"Aussie Broadband 6244",[WPA2_PSK],2026-08-08 08:07:00,6,2437,-94,-33.438572,151.378229,7.880000,0.500000,,,WIFI
64:82:14:8F:C6:F0,"DDPAI_MINIPro_C6F0",[WPA2_PSK],2026-08-08 08:07:07,6,2437,-76,-33.438427,151.376963,4.890000,0.500000,,,WIFI
DA:F1:47:49:D8:C7,"Guest GFC",[WPA2_PSK],2026-08-08 08:07:07,1,2412,-86,-33.438427,151.376963,4.890000,0.500000,,,WIFI
20:B0:01:38:93:77,"Telstra389377",[WPA2_PSK],2026-08-08 08:07:07,11,2462,-87,-33.438427,151.376963,4.890000,0.500000,,,WIFI
E4:FB:5D:35:36:B8,"DODO-36B2",[WPA_WPA2_PSK],2026-08-08 08:07:07,3,2422,-89,-33.438427,151.376963,4.890000,0.500000,,,WIFI
D0:DB:B7:8D:07:8B,"Origin Broadband 5326",[WPA2_PSK],2026-08-08 08:07:07,6,2437,-89,-33.438427,151.376963,4.890000,0.500000,,,WIFI
DA:F1:47:29:D8:C7,"GFSF",[WPA2_PSK],2026-08-08 08:07:07,1,2412,-91,-33.438427,151.376963,4.890000,0.500000,,,WIFI
44:27:F3:6E:83:78,"70mai_A500S_8378",[WPA_WPA2_PSK],2026-08-08 08:07:07,1,2412,-91,-33.438427,151.376963,4.890000,0.500000,,,WIFI
EE:D3:62:7B:B6:64,"WiFi-7BB663",[WPA2_PSK],2026-08-08 08:07:07,4,2427,-93,-33.438427,151.376963,4.890000,0.500000,,,WIFI
44:EB:2E:D4:F8:93,"Smartphone_connect_d4f893",[WPA2_PSK],2026-08-08 08:07:24,6,2437,-86,-33.437818,151.373950,-0.870000,0.500000,,,WIFI
A8:53:7D:2C:70:22,"RetailInternetBusiness",[WPA2_PSK],2026-08-08 08:07:24,1,2412,-87,-33.437818,151.373950,-0.870000,0.500000,,,WIFI
A8:53:7D:2C:70:23,"BP_Public_WiFi",[OPEN],2026-08-08 08:07:24,1,2412,-87,-33.437818,151.373950,-0.870000,0.500000,,,WIFI
4E:A5:61:86:FA:24,"AP20004952",[WPA2_PSK],2026-08-08 08:07:24,1,2412,-90,-33.437818,151.373950,-0.870000,0.500000,,,WIFI
10:7C:61:36:98:99,"SSBCGUEST",[WPA2_PSK],2026-08-08 08:07:24,10,2457,-90,-33.437818,151.373950,-0.870000,0.500000,,,WIFI
32:39:F9:00:42:A6,"Telstra0042A6",[WPA2_WPA3_PSK],2026-08-08 08:07:24,1,2412,-91,-33.437818,151.373950,-0.870000,0.500000,,,WIFI
00:25:42:EE:01:6E,"BlackVue770X-ED96D9",[WPA2_PSK],2026-08-08 08:07:24,6,2437,-92,-33.437818,151.373950,-0.870000,0.500000,,,WIFI
10:7C:61:36:98:A1,"SSBCGUEST",[WPA2_PSK],2026-08-08 08:07:24,10,2457,-92,-33.437818,151.373950,-0.870000,0.500000,,,WIFI
10:7C:61:36:98:98,"SSBC",[WPA2_PSK],2026-08-08 08:07:24,10,2457,-94,-33.437818,151.373950,-0.870000,0.500000,,,WIFI
A8:53:7D:2C:65:42,"RetailInternetBusiness",[WPA2_PSK],2026-08-08 08:07:29,11,2462,-93,-33.437623,151.373065,-2.450000,0.500000,,,WIFI
B0:D8:88:97:19:0C,"Mazda_190c8897b0d8_SPL",[WPA2_PSK],2026-08-08 08:07:29,11,2462,-96,-33.437623,151.373065,-2.450000,0.500000,,,WIFI
00:10:02:2E:36:C4,"myPoby-VolvoXC40",[WPA2_PSK],2026-08-08 08:07:37,6,2437,-92,-33.437389,151.371587,-1.700000,0.500000,,,WIFI
D2:BA:BD:9A:17:E2,"Murray",[WPA2_PSK],2026-08-08 08:07:53,4,2427,-91,-33.436933,151.368512,0.350000,0.600000,,,WIFI
C8:99:B2:FB:17:7C,"TelstraFB1778",[WPA2_WPA3_PSK],2026-08-08 08:07:53,2,2417,-93,-33.436933,151.368512,0.350000,0.600000,,,WIFI
8C:3D:16:20:E9:17,"IROAD_FX2PRO_20e917",[WPA2_PSK],2026-08-08 08:08:08,11,2462,-66,-33.436822,151.365356,4.350000,0.500000,,,WIFI
9C:97:26:E9:31:59,"TelstraE93159",[WPA2_PSK],2026-08-08 08:08:30,6,2437,-87,-33.437839,151.360809,4.030000,0.500000,,,WIFI
08:36:C9:E0:00:23,"FoxtelHub0023",[WPA2_PSK],2026-08-08 08:08:30,1,2412,-89,-33.437839,151.360809,4.030000,0.500000,,,WIFI
FC:34:97:D8:B2:A0,"Tullipan Dam Level Monitoring ",[WPA2_PSK],2026-08-08 08:08:30,3,2422,-92,-33.437839,151.360809,4.030000,0.500000,,,WIFI
48:41:7B:A3:13:A3,"NOKIA-1398",[WPA2_WPA3_PSK],2026-08-08 08:08:30,6,2437,-93,-33.437839,151.360809,4.030000,0.500000,,,WIFI
0A:C7:F5:A5:C1:37,"TelstraA5C12F",[WPA2_PSK],2026-08-08 08:08:30,11,2462,-95,-33.437839,151.360809,4.030000,0.500000,,,WIFI
62:82:FE:85:30:D3,"Telstra5443AB",[WPA2_PSK],2026-08-08 08:08:38,4,2427,-77,-33.438232,151.359398,6.000000,0.500000,,,WIFI
DA:D8:E5:54:43:B3,"Telstra5443AB",[WPA2_PSK],2026-08-08 08:08:38,1,2412,-78,-33.438232,151.359398,6.000000,0.500000,,,WIFI
58:EF:68:30:49:33,"Mark and Daniel's Wi-Fi",[WPA2_PSK],2026-08-08 08:08:38,9,2452,-78,-33.438232,151.359398,6.000000,0.500000,,,WIFI
42:1F:F4:88:92:76,"Telstra889276",[WPA2_WPA3_PSK],2026-08-08 08:08:38,6,2437,-85,-33.438232,151.359398,6.000000,0.500000,,,WIFI
A4:11:62:F7:19:0E,"ARLO_VMB_4352175858",[WPA2_PSK],2026-08-08 08:08:38,1,2412,-88,-33.438232,151.359398,6.000000,0.500000,,,WIFI
06:4E:AF:44:D1:1E,"TEG-H2P",[WPA2_PSK],2026-08-08 08:08:38,1,2412,-89,-33.438232,151.359398,6.000000,0.500000,,,WIFI
E4:FB:5D:26:46:34,"DODO-462B",[WPA2_PSK],2026-08-08 08:08:38,6,2437,-89,-33.438232,151.359398,6.000000,0.500000,,,WIFI
D4:35:1D:13:E2:85,"Telstra13E285",[WPA2_PSK],2026-08-08 08:08:38,11,2462,-90,-33.438232,151.359398,6.000000,0.500000,,,WIFI
D0:DB:B7:65:85:5A,"NetComm 6992",[WPA2_WPA3_PSK],2026-08-08 08:08:38,5,2432,-91,-33.438232,151.359398,6.000000,0.500000,,,WIFI
D4:AD:20:64:CF:49,"SCD557",[WPA_WPA2_PSK],2026-08-08 08:08:38,6,2437,-91,-33.438232,151.359398,6.000000,0.500000,,,WIFI
58:EF:68:31:0A:17,"Mark and Daniel's Wi-Fi",[WPA2_PSK],2026-08-08 08:08:38,6,2437,-92,-33.438232,151.359398,6.000000,0.500000,,,WIFI
3C:6A:D2:FA:D6:6A,"MyRepublic 7DDF",[WPA2_WPA3_PSK],2026-08-08 08:08:38,8,2447,-92,-33.438232,151.359398,6.000000,0.500000,,,WIFI
08:86:3B:24:38:B0,"belkin.38b9",[WPA_WPA2_PSK],2026-08-08 08:08:38,1,2412,-94,-33.438232,151.359398,6.000000,0.500000,,,WIFI
10:06:45:5E:E1:61,"Optus_5EE15F",[WPA2_PSK],2026-08-08 08:08:46,1,2412,-81,-33.438682,151.358142,8.830000,0.500000,,,WIFI
60:A4:B7:1D:40:97,"The Millers & Whisky",[WPA2_PSK],2026-08-08 08:08:46,3,2422,-85,-33.438682,151.358142,8.830000,0.500000,,,WIFI
44:94:FC:2D:48:76,"Telstra0427",[WPA2_PSK],2026-08-08 08:08:55,1,2412,-79,-33.439376,151.356969,15.510000,0.500000,,,WIFI
30:29:2B:F9:5E:45,"The Silence of the LAN",[WPA2_PSK],2026-08-08 08:08:55,6,2437,-79,-33.439376,151.356969,15.510000,0.500000,,,WIFI
98:03:8E:4B:D0:96,"Home of the Crazies",[WPA2_PSK],2026-08-08 08:08:55,8,2447,-82,-33.439376,151.356969,15.510000,0.500000,,,WIFI
98:25:4A:97:D7:EA,"Nella’s Palace",[WPA2_PSK],2026-08-08 08:08:55,5,2432,-89,-33.439376,151.356969,15.510000,0.500000,,,WIFI
34:60:F9:F4:02:1F,"TP-Link_AX",[WPA2_PSK],2026-08-08 08:08:55,7,2442,-89,-33.439376,151.356969,15.510000,0.500000,,,WIFI
EC:6C:9A:B7:25:71,"TelstraB7256F",[WPA2_WPA3_PSK],2026-08-08 08:08:55,8,2447,-89,-33.439376,151.356969,15.510000,0.500000,,,WIFI
A2:4B:CB:06:1E:C2,"Optus_B628_1E06",[WPA2_WPA3_PSK],2026-08-08 08:08:55,9,2452,-89,-33.439376,151.356969,15.510000,0.500000,,,WIFI
D4:35:1D:27:19:65,"Telstra271965",[WPA2_PSK],2026-08-08 08:08:55,11,2462,-89,-33.439376,151.356969,15.510000,0.500000,,,WIFI
A2:B5:3C:C5:B8:5B,"TelstraC5B853",[WPA2_PSK],2026-08-08 08:08:55,1,2412,-90,-33.439376,151.356969,15.510000,0.500000,,,WIFI
80:82:FE:25:73:23,"OPTUS_257320N",[WPA2_WPA3_PSK],2026-08-08 08:08:55,6,2437,-91,-33.439376,151.356969,15.510000,0.500000,,,WIFI
AA:96:09:2E:96:1A,"E_0285_9157_E",[WPA2_PSK],2026-08-08 08:08:55,6,2437,-91,-33.439376,151.356969,15.510000,0.500000,,,WIFI
48:D2:4F:5B:12:49,"Optus_5B1247",[WPA2_PSK],2026-08-08 08:08:55,11,2462,-91,-33.439376,151.356969,15.510000,0.500000,,,WIFI
C4:EA:1D:C0:5F:49,"TelstraC05F49",[WPA2_PSK],2026-08-08 08:08:55,6,2437,-92,-33.439376,151.356969,15.510000,0.500000,,,WIFI
B0:5B:99:44:7E:E1,"OPTUS_447EDFM",[WPA2_WPA3_PSK],2026-08-08 08:08:55,1,2412,-93,-33.439376,151.356969,15.510000,0.500000,,,WIFI
58:11:22:5C:11:D0,"Millers & Whiskey",[WPA2_PSK],2026-08-08 08:08:55,12,2467,-93,-33.439376,151.356969,15.510000,0.500000,,,WIFI
DE:62:79:1D:AF:99,"VX220-AF98",[WPA2_PSK],2026-08-08 08:08:55,6,2437,-95,-33.439376,151.356969,15.510000,0.500000,,,WIFI
40:AE:30:E0:E0:20,"TP-Link_E020",[WPA2_PSK],2026-08-08 08:09:03,5,2432,-71,-33.439942,151.355997,16.060000,0.500000,,,WIFI
C4:04:15:48:87:CF,"ZEN HEADBUTT_2GEXT",[WPA2_PSK],2026-08-08 08:09:03,7,2442,-82,-33.439942,151.355997,16.060000,0.500000,,,WIFI
CC:BA:BD:A4:50:92,"Linkys 5ghz 2",[WPA2_PSK],2026-08-08 08:09:03,5,2432,-86,-33.439942,151.355997,16.060000,0.500000,,,WIFI
1A:8D:DB:D9:16:46,"Free Telstra Wi-Fi",[OPEN],2026-08-08 08:09:03,1,2412,-88,-33.439942,151.355997,16.060000,0.500000,,,WIFI
9C:53:22:18:CE:63,"ZEN HEADBUTT",[WPA2_PSK],2026-08-08 08:09:03,7,2442,-88,-33.439942,151.355997,16.060000,0.500000,,,WIFI
4C:22:F3:C6:9F:03,"OPTUS_C69F00N",[WPA2_WPA3_PSK],2026-08-08 08:09:03,1,2412,-89,-33.439942,151.355997,16.060000,0.500000,,,WIFI
CC:BA:BD:A4:51:0E,"Linkys 5ghz 2",[WPA2_PSK],2026-08-08 08:09:03,5,2432,-89,-33.439942,151.355997,16.060000,0.500000,,,WIFI
50:7B:91:74:92:CA,"70mai_M310_92ca",[WPA_WPA2_PSK],2026-08-08 08:09:03,7,2442,-91,-33.439942,151.355997,16.060000,0.500000,,,WIFI
CC:BA:97:18:9B:11,"TLCWIFI_CC:BA:97:18:9B:10",[WPA_WPA2_PSK],2026-08-08 08:09:03,1,2412,-93,-33.439942,151.355997,16.060000,0.500000,,,WIFI
18:82:8C:D2:01:A7,"TelstraD201A5",[WPA2_PSK],2026-08-08 08:09:03,13,2472,-93,-33.439942,151.355997,16.060000,0.500000,,,WIFI
34:5D:9E:26:AC:4F,"Optus_26AC4D",[WPA2_PSK],2026-08-08 08:09:12,11,2462,-73,-33.439583,151.354982,16.370000,0.500000,,,WIFI
08:27:A8:49:E2:83,"OPTUS_49E280N",[WPA2_WPA3_PSK],2026-08-08 08:09:12,1,2412,-74,-33.439583,151.354982,16.370000,0.500000,,,WIFI
28:74:F5:6B:37:19,"NOKIA-370E",[WPA2_WPA3_PSK],2026-08-08 08:09:12,1,2412,-79,-33.439583,151.354982,16.370000,0.500000,,,WIFI
18:F1:45:35:13:18,"NetComm 2930",[WPA2_PSK],2026-08-08 08:09:12,6,2437,-83,-33.439583,151.354982,16.370000,0.500000,,,WIFI
E2:CB:FC:BA:D0:42,"CPV - Guest",[WPA2_PSK],2026-08-08 08:09:12,10,2457,-83,-33.439583,151.354982,16.370000,0.500000,,,WIFI
D0:DB:B7:A5:F6:D0,"VISHAL'S KEBAB SHOP",[WPA2_PSK],2026-08-08 08:09:12,11,2462,-83,-33.439583,151.354982,16.370000,0.500000,,,WIFI
84:D8:1B:C6:80:1A,"TP-Link_801A",[WPA_WPA2_PSK],2026-08-08 08:09:12,6,2437,-84,-33.439583,151.354982,16.370000,0.500000,,,WIFI
32:3C:20:24:5F:36,"Telstra245F36",[WPA2_WPA3_PSK],2026-08-08 08:09:12,4,2427,-85,-33.439583,151.354982,16.370000,0.500000,,,WIFI
2A:74:F5:1B:37:19,"Norman",[WPA2_PSK],2026-08-08 08:09:12,1,2412,-86,-33.439583,151.354982,16.370000,0.500000,,,WIFI
7C:D4:A8:20:57:BF,"OPTUS_2057BDM",[WPA2_WPA3_PSK],2026-08-08 08:09:12,6,2437,-86,-33.439583,151.354982,16.370000,0.500000,,,WIFI
E2:CB:FC:BA:D0:41,"CPV",[WPA2_PSK],2026-08-08 08:09:12,10,2457,-86,-33.439583,151.354982,16.370000,0.500000,,,WIFI
32:70:4E:7E:B2:F6,"Elanora Hotel",[WPA2_PSK],2026-08-08 08:09:12,1,2412,-87,-33.439583,151.354982,16.370000,0.500000,,,WIFI
32:70:4E:7E:A9:12,"Elanora Hotel",[WPA2_PSK],2026-08-08 08:09:12,6,2437,-87,-33.439583,151.354982,16.370000,0.500000,,,WIFI
08:36:C9:01:5F:AD,"Telstra82DA",[WPA2_PSK],2026-08-08 08:09:12,6,2437,-88,-33.439583,151.354982,16.370000,0.500000,,,WIFI
78:8C:B5:F4:B8:8A,"FedsEastGosford",[WPA2_PSK],2026-08-08 08:09:12,3,2422,-89,-33.439583,151.354982,16.370000,0.500000,,,WIFI
D6:92:5E:C8:AC:90,"Totzki Tattoo Studio",[WPA2_PSK],2026-08-08 08:09:12,6,2437,-89,-33.439583,151.354982,16.370000,0.500000,,,WIFI
16:02:8E:95:B7:56,"NETGEAR-Guest",[WPA2_PSK],2026-08-08 08:09:12,13,2472,-89,-33.439583,151.354982,16.370000,0.500000,,,WIFI
32:70:4E:7E:BD:A2,"Elanora Hotel",[WPA2_PSK],2026-08-08 08:09:12,6,2437,-94,-33.439583,151.354982,16.370000,0.500000,,,WIFI
0E:02:8E:95:AA:95,"ORBI48",[WPA2_PSK],2026-08-08 08:09:12,13,2472,-94,-33.439583,151.354982,16.370000,0.500000,,,WIFI
64:F2:FB:32:4F:9B,"ezviz_64F2FB324F9A",[WPA2_PSK],2026-08-08 08:09:20,13,2472,-66,-33.438785,151.354354,15.650000,0.500000,,,WIFI
2C:30:33:13:A0:6D,"Telstra227A",[WPA2_PSK],2026-08-08 08:09:20,6,2437,-70,-33.438785,151.354354,15.650000,0.500000,,,WIFI
2C:30:33:13:B9:61,"bamvino cellars",[WPA2_PSK],2026-08-08 08:09:20,11,2462,-72,-33.438785,151.354354,15.650000,0.500000,,,WIFI
F8:CA:59:5B:5C:16,"NetComm 3521",[WPA2_PSK],2026-08-08 08:09:20,7,2442,-73,-33.438785,151.354354,15.650000,0.500000,,,WIFI
56:13:79:A7:E8:1E,"DIRECT-1e-HP M426 LaserJet",[WPA2_PSK],2026-08-08 08:09:20,6,2437,-76,-33.438785,151.354354,15.650000,0.500000,,,WIFI
44:D4:53:08:C9:3F,"Optus_08C93D",[WPA2_PSK],2026-08-08 08:09:20,11,2462,-77,-33.438785,151.354354,15.650000,0.500000,,,WIFI
D8:47:32:AE:97:16,"3CPS",[WPA2_PSK],2026-08-08 08:09:20,2,2417,-79,-33.438785,151.354354,15.650000,0.500000,,,WIFI
44:15:24:67:F1:3D,"OPTUS_67F13BM",[WPA2_WPA3_PSK],2026-08-08 08:09:20,1,2412,-82,-33.438785,151.354354,15.650000,0.500000,,,WIFI
8A:5A:85:07:4F:76,"DIRECT-BMW 36818",[WPA2_PSK],2026-08-08 08:09:20,11,2462,-82,-33.438785,151.354354,15.650000,0.500000,,,WIFI
9C:05:D6:5F:31:C6,"VCM-WiFi",[WPA2_WPA3_PSK],2026-08-08 08:09:20,1,2412,-86,-33.438785,151.354354,15.650000,0.500000,,,WIFI
D6:92:5E:C8:99:B6,"TelstraC899AE",[WPA2_PSK],2026-08-08 08:09:20,1,2412,-87,-33.438785,151.354354,15.650000,0.500000,,,WIFI
28:70:4E:7F:53:3A,"VCM-WiFi",[WPA2_WPA3_PSK],2026-08-08 08:09:20,1,2412,-89,-33.438785,151.354354,15.650000,0.500000,,,WIFI
40:AE:30:93:77:C1,"TP-Link_Extender",[OPEN],2026-08-08 08:09:20,2,2417,-90,-33.438785,151.354354,15.650000,0.500000,,,WIFI
3C:78:95:BD:15:70,"TP-Link_Extender",[OPEN],2026-08-08 08:09:20,2,2417,-92,-33.438785,151.354354,15.650000,0.500000,,,WIFI
74:83:C2:C1:6F:96,"TA",[WPA2_PSK],2026-08-08 08:09:29,6,2437,-80,-33.437871,151.353584,15.410000,0.500000,,,WIFI
C0:F5:35:52:B7:70,"L920PRO_2230459628",[WPA2_PSK],2026-08-08 08:09:29,1,2412,-81,-33.437871,151.353584,15.410000,0.500000,,,WIFI
D2:21:F9:16:BD:BE,"Patsguest",[WPA2_PSK],2026-08-08 08:09:29,1,2412,-82,-33.437871,151.353584,15.410000,0.500000,,,WIFI
3E:87:BA:A6:0C:5E,"WiFi-A60C5D",[WPA2_PSK],2026-08-08 08:09:29,3,2422,-82,-33.437871,151.353584,15.410000,0.500000,,,WIFI
B8:D4:BC:8B:31:17,"OPTUS_8B3117Z",[WPA2_WPA3_PSK],2026-08-08 08:09:29,6,2437,-82,-33.437871,151.353584,15.410000,0.500000,,,WIFI
AC:39:3D:5D:90:65,"RRPV52",[WPA2_PSK],2026-08-08 08:09:29,11,2462,-82,-33.437871,151.353584,15.410000,0.500000,,,WIFI
D0:DB:B7:DE:10:65,"Aussie Broadband 5696",[WPA2_PSK],2026-08-08 08:09:29,11,2462,-83,-33.437871,151.353584,15.410000,0.500000,,,WIFI
7A:83:C2:C1:6F:96,"TA-Guest",[WPA2_PSK],2026-08-08 08:09:29,6,2437,-84,-33.437871,151.353584,15.410000,0.500000,,,WIFI
F4:E2:C6:69:05:9D,"EGP",[WPA2_PSK],2026-08-08 08:09:29,6,2437,-85,-33.437871,151.353584,15.410000,0.500000,,,WIFI
18:E8:29:FE:43:28,"Patrickgos\\\'s Parish",[WPA2_PSK],2026-08-08 08:09:29,6,2437,-85,-33.437871,151.353584,15.410000,0.500000,,,WIFI
D0:21:F9:56:BD:BE,"Patrickgos\\\'s Parish",[WPA2_PSK],2026-08-08 08:09:29,1,2412,-86,-33.437871,151.353584,15.410000,0.500000,,,WIFI
F8:CA:59:23:25:24,"NetComm 1839",[WPA2_PSK],2026-08-08 08:09:29,1,2412,-86,-33.437871,151.353584,15.410000,0.500000,,,WIFI
4E:ED:00:A5:EE:0C,"WiFi-A5EE0B",[WPA2_PSK],2026-08-08 08:09:29,5,2432,-86,-33.437871,151.353584,15.410000,0.500000,,,WIFI
18:E8:29:FE:43:3B,"Patrickgos\\\'s Parish",[WPA2_PSK],2026-08-08 08:09:29,6,2437,-87,-33.437871,151.353584,15.410000,0.500000,,,WIFI
A2:AD:9F:64:0E:80,"Zen6_IoT",[WPA2_PSK],2026-08-08 08:09:29,8,2447,-87,-33.437871,151.353584,15.410000,0.500000,,,WIFI
64:75:DA:17:61:7B,"OPTUS_176178N",[WPA2_WPA3_PSK],2026-08-08 08:09:29,11,2462,-87,-33.437871,151.353584,15.410000,0.500000,,,WIFI
5C:B1:3E:8D:1A:C7,"Optus_8D1AC5",[WPA2_PSK],2026-08-08 08:09:29,1,2412,-88,-33.437871,151.353584,15.410000,0.500000,,,WIFI
78:8C:B5:6F:13:78,"TP-Link_1378",[WPA2_PSK],2026-08-08 08:09:29,3,2422,-89,-33.437871,151.353584,15.410000,0.500000,,,WIFI
10:5A:95:DF:35:F4,"FlamingoPink123",[WPA2_WPA3_PSK],2026-08-08 08:09:29,5,2432,-89,-33.437871,151.353584,15.410000,0.500000,,,WIFI
98:39:10:3C:FB:F1,"DG2144-FBEF",[WPA2_PSK],2026-08-08 08:09:29,6,2437,-89,-33.437871,151.353584,15.410000,0.500000,,,WIFI
A2:AD:9F:54:0E:80,"Zen6",[WPA2_WPA3_PSK],2026-08-08 08:09:29,8,2447,-89,-33.437871,151.353584,15.410000,0.500000,,,WIFI
80:3F:5D:9E:84:43,"STPatsM32",[WPA_PSK],2026-08-08 08:09:29,11,2462,-89,-33.437871,151.353584,15.410000,0.500000,,,WIFI
AC:B6:87:A2:B2:93,"OPTUS_A2B290N",[WPA2_WPA3_PSK],2026-08-08 08:09:29,11,2462,-89,-33.437871,151.353584,15.410000,0.500000,,,WIFI
0E:02:8E:95:B7:56,"ORBI48",[WPA2_PSK],2026-08-08 08:09:29,13,2472,-89,-33.437871,151.353584,15.410000,0.500000,,,WIFI
16:02:8E:95:AA:95,"NETGEAR-Guest",[WPA2_PSK],2026-08-08 08:09:29,13,2472,-89,-33.437871,151.353584,15.410000,0.500000,,,WIFI
1E:E8:29:FE:43:3B,"Patsguest",[WPA2_PSK],2026-08-08 08:09:29,6,2437,-90,-33.437871,151.353584,15.410000,0.500000,,,WIFI
16:5A:95:DF:3A:2C,"FlamingoPink123",[WPA2_WPA3_PSK],2026-08-08 08:09:29,10,2457,-90,-33.437871,151.353584,15.410000,0.500000,,,WIFI
1E:E8:29:FE:43:28,"Patsguest",[WPA2_PSK],2026-08-08 08:09:29,6,2437,-91,-33.437871,151.353584,15.410000,0.500000,,,WIFI
30:91:8F:44:32:C9,"Belong4432C9",[WPA2_PSK],2026-08-08 08:09:29,11,2462,-92,-33.437871,151.353584,15.410000,0.500000,,,WIFI
90:DE:80:E3:C4:86,"GNET_BB_GON4_M_E3C486",[WPA2_PSK],2026-08-08 08:09:29,10,2457,-93,-33.437871,151.353584,15.410000,0.500000,,,WIFI
92:86:DD:86:A4:78,"Spanian's Gosdford 2.4Ghz",[WPA2_PSK],2026-08-08 08:09:37,1,2412,-71,-33.437336,151.352584,17.130000,0.500000,,,WIFI
10:5A:95:F3:54:9B,"TP-Link_549C",[WPA2_PSK],2026-08-08 08:09:37,8,2447,-77,-33.437336,151.352584,17.130000,0.500000,,,WIFI
DA:D8:E5:9B:83:26,"Telstra9B831E",[WPA2_PSK],2026-08-08 08:09:37,11,2462,-80,-33.437336,151.352584,17.130000,0.500000,,,WIFI
6C:FF:CE:3A:3D:C6,"WiFi-NF3B7",[WPA2_WPA3_PSK],2026-08-08 08:09:37,6,2437,-83,-33.437336,151.352584,17.130000,0.500000,,,WIFI
60:A4:B7:B5:53:E6,"WiFi-B553E6",[WPA2_PSK],2026-08-08 08:09:37,6,2437,-85,-33.437336,151.352584,17.130000,0.500000,,,WIFI
AC:71:2E:2D:FD:D8,"JC_CORP",[WPA2_PSK],2026-08-08 08:09:37,1,2412,-87,-33.437336,151.352584,17.130000,0.500000,,,WIFI
30:DF:17:9A:C9:FA,"CarPlay_c9fa",[WPA2_PSK],2026-08-08 08:09:37,1,2412,-88,-33.437336,151.352584,17.130000,0.500000,,,WIFI
D0:DB:B7:B5:37:73,"NetComm 5952",[WPA2_WPA3_PSK],2026-08-08 08:09:37,6,2437,-88,-33.437336,151.352584,17.130000,0.500000,,,WIFI
70:A7:41:D8:03:A5,"COEG",[WPA2_PSK],2026-08-08 08:09:37,6,2437,-89,-33.437336,151.352584,17.130000,0.500000,,,WIFI
52:ED:00:5D:23:15,"VX220-2314",[WPA2_PSK],2026-08-08 08:09:37,6,2437,-89,-33.437336,151.352584,17.130000,0.500000,,,WIFI
88:0F:A2:54:C3:CC,"OPTUS_54C3CAM",[WPA2_WPA3_PSK],2026-08-08 08:09:37,1,2412,-90,-33.437336,151.352584,17.130000,0.500000,,,WIFI
D0:DB:B7:DB:3A:2E,"Luxaflex Gosford",[WPA2_WPA3_PSK],2026-08-08 08:09:37,6,2437,-90,-33.437336,151.352584,17.130000,0.500000,,,WIFI
D0:DB:B7:DA:81:1D,"NetComm 7228 2.4G",[WPA2_WPA3_PSK],2026-08-08 08:09:37,11,2462,-93,-33.437336,151.352584,17.130000,0.500000,,,WIFI
20:3A:EB:B3:AE:72,"Wi-Fi B3AE72 2.4G",[WPA2_PSK],2026-08-08 08:09:46,3,2422,-65,-33.436999,151.351254,17.910000,0.500000,,,WIFI
B0:0A:D5:21:EC:7D,"TPW4G_AU4VFp",[WPA_WPA2_PSK],2026-08-08 08:09:46,10,2457,-72,-33.436999,151.351254,17.910000,0.500000,,,WIFI
AC:84:C6:67:87:01,"SCC",[WPA2_PSK],2026-08-08 08:09:46,1,2412,-73,-33.436999,151.351254,17.910000,0.500000,,,WIFI
6A:84:C6:67:87:02,"LaserClear",[WPA2_PSK],2026-08-08 08:09:46,1,2412,-74,-33.436999,151.351254,17.910000,0.500000,,,WIFI
8C:86:DD:BF:D9:96,"Gadget Doctor",[WPA2_PSK],2026-08-08 08:09:46,10,2457,-79,-33.436999,151.351254,17.910000,0.500000,,,WIFI
1C:6A:1B:52:D0:9A,"YSM-Staff",[WPA2_PSK],2026-08-08 08:09:46,1,2412,-85,-33.436999,151.351254,17.910000,0.500000,,,WIFI
D0:DB:B7:A3:8D:46,"NetComm 4796",[WPA2_PSK],2026-08-08 08:09:46,1,2412,-86,-33.436999,151.351254,17.910000,0.500000,,,WIFI
54:AF:97:C5:FC:29,"TP-Link_FC29",[WPA2_PSK],2026-08-08 08:09:46,2,2417,-89,-33.436999,151.351254,17.910000,0.500000,,,WIFI
04:F0:21:9F:3D:6D,"EGConnect",[WPA2_PSK],2026-08-08 08:09:55,11,2462,-77,-33.436653,151.349840,14.780000,0.500000,,,WIFI
B0:39:56:C2:AF:EA,"Telstra261F",[WPA2_PSK],2026-08-08 08:09:55,1,2412,-80,-33.436653,151.349840,14.780000,0.500000,,,WIFI
4E:D5:ED:98:F5:E6,"Telstra98F5E6",[WPA2_WPA3_PSK],2026-08-08 08:09:55,2,2417,-80,-33.436653,151.349840,14.780000,0.500000,,,WIFI
E4:F4:C6:4C:EF:9C,"Telstra04EF",[WPA2_PSK],2026-08-08 08:09:55,6,2437,-84,-33.436653,151.349840,14.780000,0.500000,,,WIFI
18:F1:45:CF:4D:80,"Hair on York",[WPA2_PSK],2026-08-08 08:09:55,3,2422,-85,-33.436653,151.349840,14.780000,0.500000,,,WIFI
24:E4:CE:95:61:0A,"DG2144-6108",[WPA2_PSK],2026-08-08 08:09:55,6,2437,-85,-33.436653,151.349840,14.780000,0.500000,,,WIFI
00:31:92:B9:C8:18,"WiFi-C818",[WPA2_PSK],2026-08-08 08:09:55,8,2447,-85,-33.436653,151.349840,14.780000,0.500000,,,WIFI
FA:48:B8:8D:37:35,"Access Denied",[WPA2_PSK],2026-08-08 08:09:55,1,2412,-87,-33.436653,151.349840,14.780000,0.500000,,,WIFI
6C:8B:2F:52:94:B9,"TEWM_59AB2D",[WPA_WPA2_PSK],2026-08-08 08:09:55,6,2437,-87,-33.436653,151.349840,14.780000,0.500000,,,WIFI
34:98:B5:87:25:C8,"NETGEAREJA25",[WPA2_PSK],2026-08-08 08:09:55,3,2422,-88,-33.436653,151.349840,14.780000,0.500000,,,WIFI
E0:B6:68:9C:D9:BC,"Wi-Fi 9CD9BC 2.4G",[WPA2_PSK],2026-08-08 08:09:55,8,2447,-91,-33.436653,151.349840,14.780000,0.500000,,,WIFI
B0:5B:99:15:5C:C1,"OPTUS_155CBFM",[WPA2_WPA3_PSK],2026-08-08 08:09:55,11,2462,-91,-33.436653,151.349840,14.780000,0.500000,,,WIFI
82:3F:5D:E8:72:01,"SAMS ROOM 2.4G_Touch",[OPEN],2026-08-08 08:09:55,3,2422,-92,-33.436653,151.349840,14.780000,0.500000,,,WIFI
34:E8:94:62:A0:D2,"TP-LINK_A0D3",[WPA2_PSK],2026-08-08 08:09:55,11,2462,-92,-33.436653,151.349840,14.780000,0.500000,,,WIFI
E0:B9:E5:23:45:F1,"legalfirst",[WPA2_PSK],2026-08-08 08:09:55,11,2462,-92,-33.436653,151.349840,14.780000,0.500000,,,WIFI
38:17:B1:06:BF:89,"OPTUS_06BF87M",[WPA2_WPA3_PSK],2026-08-08 08:09:55,11,2462,-93,-33.436653,151.349840,14.780000,0.500000,,,WIFI
80:3F:5D:D8:72:01,"SAMS ROOM 2.4G",[WPA_WPA2_PSK],2026-08-08 08:09:55,3,2422,-94,-33.436653,151.349840,14.780000,0.500000,,,WIFI
38:17:B1:06:D5:E1,"OPTUS_06D5DFM",[WPA2_WPA3_PSK],2026-08-08 08:10:03,11,2462,-62,-33.436442,151.348555,16.510000,0.500000,,,WIFI
7C:5E:98:42:3C:85,"eero 1",[WPA2_PSK],2026-08-08 08:10:03,6,2437,-73,-33.436442,151.348555,16.510000,0.500000,,,WIFI
32:3C:20:2E:CC:86,"Telstra2ECC86",[WPA2_WPA3_PSK],2026-08-08 08:10:03,1,2412,-74,-33.436442,151.348555,16.510000,0.500000,,,WIFI
10:13:31:E9:CB:3B,"TelstraE9CB3B",[WPA2_PSK],2026-08-08 08:10:03,11,2462,-79,-33.436442,151.348555,16.510000,0.500000,,,WIFI
D0:DB:B7:E1:16:1D,"NetComm 4969",[WPA2_WPA3_PSK],2026-08-08 08:10:03,11,2462,-79,-33.436442,151.348555,16.510000,0.500000,,,WIFI
2A:B7:7C:1C:05:A4,"SEDG-67227388-84",[WPA_WPA2_PSK],2026-08-08 08:10:03,6,2437,-80,-33.436442,151.348555,16.510000,0.500000,,,WIFI
56:3D:D1:42:5E:42,"WiFi-425E41",[WPA2_PSK],2026-08-08 08:10:03,4,2427,-81,-33.436442,151.348555,16.510000,0.500000,,,WIFI
E0:46:EE:35:B8:A3,"Clayto WIFI",[WPA2_PSK],2026-08-08 08:10:03,9,2452,-82,-33.436442,151.348555,16.510000,0.500000,,,WIFI
DA:D8:E5:74:E8:63,"Telstra74E85B",[WPA2_PSK],2026-08-08 08:10:03,12,2467,-82,-33.436442,151.348555,16.510000,0.500000,,,WIFI
DA:D8:E5:AD:C1:BA,"TelstraADC1B2",[WPA2_PSK],2026-08-08 08:10:03,6,2437,-85,-33.436442,151.348555,16.510000,0.500000,,,WIFI
BC:30:D9:E5:98:66,"TelstraE59864",[WPA2_PSK],2026-08-08 08:10:03,12,2467,-86,-33.436442,151.348555,16.510000,0.500000,,,WIFI
EC:75:0C:CF:2A:C7,"Who Let All These Cats In Here",[WPA2_PSK],2026-08-08 08:10:03,5,2432,-87,-33.436442,151.348555,16.510000,0.500000,,,WIFI
8C:ED:E1:12:EC:A8,"LaserClear CC",[WPA2_WPA3_PSK],2026-08-08 08:10:03,6,2437,-87,-33.436442,151.348555,16.510000,0.500000,,,WIFI
7A:BA:5F:E1:A3:E4,"Pretty Fly For A Wifi",[WPA2_PSK],2026-08-08 08:10:03,10,2457,-87,-33.436442,151.348555,16.510000,0.500000,,,WIFI
66:E9:31:98:2D:4A,"Clarke WIFI",[WPA2_PSK],2026-08-08 08:10:03,8,2447,-88,-33.436442,151.348555,16.510000,0.500000,,,WIFI
8C:83:94:00:83:93,"OPTUS_6FB7AA",[WPA2_WPA3_PSK],2026-08-08 08:10:03,11,2462,-88,-33.436442,151.348555,16.510000,0.500000,,,WIFI
F8:CA:59:44:2C:09,"NetComm 8569",[WPA2_PSK],2026-08-08 08:10:03,1,2412,-89,-33.436442,151.348555,16.510000,0.500000,,,WIFI
C8:99:B2:FB:6C:D8,"Telstra72753B",[WPA2_WPA3_PSK],2026-08-08 08:10:03,1,2412,-89,-33.436442,151.348555,16.510000,0.500000,,,WIFI
94:A6:7E:4A:9E:97,"SGM5356_CAA6E1_2GEXT",[WPA2_PSK],2026-08-08 08:10:03,11,2462,-89,-33.436442,151.348555,16.510000,0.500000,,,WIFI
58:D5:6E:C0:03:28,"Mansion",[WPA_WPA2_PSK],2026-08-08 08:10:03,1,2412,-90,-33.436442,151.348555,16.510000,0.500000,,,WIFI
AA:29:48:A6:95:D1,"VX420-95D0",[WPA2_PSK],2026-08-08 08:10:03,6,2437,-90,-33.436442,151.348555,16.510000,0.500000,,,WIFI
D6:92:5E:62:D6:7C,"Telstra62D674",[WPA2_PSK],2026-08-08 08:10:03,1,2412,-91,-33.436442,151.348555,16.510000,0.500000,,,WIFI
90:91:64:51:59:05,"PIX-LINK-2.4G",[OPEN],2026-08-08 08:10:03,7,2442,-92,-33.436442,151.348555,16.510000,0.500000,,,WIFI
A4:91:B1:71:4C:D8,"Telstra714CD8",[WPA2_PSK],2026-08-08 08:10:03,6,2437,-94,-33.436442,151.348555,16.510000,0.500000,,,WIFI
DC:8D:8A:FB:74:EA,"NOKIA-74E1",[WPA2_PSK],2026-08-08 08:10:03,11,2462,-94,-33.436442,151.348555,16.510000,0.500000,,,WIFI
D8:33:B7:0B:89:26,"WiFi-6X5FD",[WPA2_WPA3_PSK],2026-08-08 08:10:12,1,2412,-69,-33.436215,151.347029,17.120000,0.500000,,,WIFI
38:17:B1:05:F6:2F,"OPTUS_05F62DM",[WPA2_WPA3_PSK],2026-08-08 08:10:12,1,2412,-75,-33.436215,151.347029,17.120000,0.500000,,,WIFI
38:06:E6:0B:56:DB,"OPTUS_0B56D8N",[WPA2_WPA3_PSK],2026-08-08 08:10:12,11,2462,-75,-33.436215,151.347029,17.120000,0.500000,,,WIFI
DA:D8:E5:6E:7D:51,"Telstra6E7D49",[WPA2_PSK],2026-08-08 08:10:12,1,2412,-79,-33.436215,151.347029,17.120000,0.500000,,,WIFI
34:19:4D:04:13:3E,"403",[WPA2_WPA3_PSK],2026-08-08 08:10:12,9,2452,-79,-33.436215,151.347029,17.120000,0.500000,,,WIFI
00:F8:CC:DD:73:90,"OPTUS_DD738EM",[WPA2_WPA3_PSK],2026-08-08 08:10:12,11,2462,-82,-33.436215,151.347029,17.120000,0.500000,,,WIFI
7A:D8:E5:5C:DC:4A,"Tickieboo_Wifi",[WPA3_PSK],2026-08-08 08:10:12,1,2412,-83,-33.436215,151.347029,17.120000,0.500000,,,WIFI
84:47:65:79:10:1C,"DODO-1013",[WPA_WPA2_PSK],2026-08-08 08:10:12,3,2422,-83,-33.436215,151.347029,17.120000,0.500000,,,WIFI
CA:C9:A3:4A:D8:51,"Tineco_0274",[OPEN],2026-08-08 08:10:12,1,2412,-87,-33.436215,151.347029,17.120000,0.500000,,,WIFI
08:BF:B8:61:B6:38,"Beth",[WPA2_PSK],2026-08-08 08:10:12,3,2422,-87,-33.436215,151.347029,17.120000,0.500000,,,WIFI
A6:97:5C:0E:17:6D,"VTECH_7766_176d",[WPA2_PSK],2026-08-08 08:10:12,3,2422,-87,-33.436215,151.347029,17.120000,0.500000,,,WIFI
48:D2:4F:53:4B:14,"Optus_534B12",[WPA2_PSK],2026-08-08 08:10:12,6,2437,-87,-33.436215,151.347029,17.120000,0.500000,,,WIFI
3C:78:95:81:3B:52,"M&S",[WPA2_PSK],2026-08-08 08:10:12,8,2447,-87,-33.436215,151.347029,17.120000,0.500000,,,WIFI
C8:99:B2:F9:53:1E,"TelstraF9531A",[WPA2_WPA3_PSK],2026-08-08 08:10:12,8,2447,-88,-33.436215,151.347029,17.120000,0.500000,,,WIFI
6C:CD:D6:50:C9:C0,"NETGEAR01",[WPA2_PSK],2026-08-08 08:10:12,9,2452,-88,-33.436215,151.347029,17.120000,0.500000,,,WIFI
D4:35:1D:9C:B8:94,"Telstra9CB894",[WPA2_PSK],2026-08-08 08:10:12,11,2462,-88,-33.436215,151.347029,17.120000,0.500000,,,WIFI
BC:D5:ED:79:65:36,"OPTUS_796534M",[WPA2_WPA3_PSK],2026-08-08 08:10:12,1,2412,-89,-33.436215,151.347029,17.120000,0.500000,,,WIFI
DC:8D:8A:FB:95:4A,"NOKIA-9541",[WPA2_PSK],2026-08-08 08:10:12,1,2412,-90,-33.436215,151.347029,17.120000,0.500000,,,WIFI
3C:37:86:97:E7:85,"NETGEAR58",[WPA2_PSK],2026-08-08 08:10:12,8,2447,-90,-33.436215,151.347029,17.120000,0.500000,,,WIFI
D6:92:5E:D3:90:97,"TelstraD3908F",[WPA2_PSK],2026-08-08 08:10:12,6,2437,-91,-33.436215,151.347029,17.120000,0.500000,,,WIFI
D0:DB:B7:D6:11:20,"Aussie Broadband 3253",[WPA2_PSK],2026-08-08 08:10:12,6,2437,-92,-33.436215,151.347029,17.120000,0.500000,,,WIFI
5A:22:54:75:68:CA,"5th Unit",[WPA2_PSK],2026-08-08 08:10:12,4,2427,-93,-33.436215,151.347029,17.120000,0.500000,,,WIFI
D4:35:1D:10:AD:FD,"Telstra10ADFD",[WPA2_PSK],2026-08-08 08:10:12,6,2437,-93,-33.436215,151.347029,17.120000,0.500000,,,WIFI
A2:B5:3C:04:FD:E0,"Belong04FDE0",[WPA2_PSK],2026-08-08 08:10:12,13,2472,-93,-33.436215,151.347029,17.120000,0.500000,,,WIFI
D6:92:5E:AF:28:3F,"TelstraAF2837",[WPA2_PSK],2026-08-08 08:10:12,11,2462,-94,-33.436215,151.347029,17.120000,0.500000,,,WIFI
B0:5B:99:44:8D:CA,"OPTUS_448DC8M",[WPA2_WPA3_PSK],2026-08-08 08:10:21,11,2462,-73,-33.435983,151.345448,17.850000,0.500000,,,WIFI
AC:39:3D:30:7A:E5,"Jay n Charlotte’s wifi",[WPA2_PSK],2026-08-08 08:10:21,6,2437,-74,-33.435983,151.345448,17.850000,0.500000,,,WIFI
34:BC:5E:E7:29:85,"The Shire",[WPA2_PSK],2026-08-08 08:10:21,1,2412,-78,-33.435983,151.345448,17.850000,0.500000,,,WIFI
B0:92:4A:C4:13:00,"OPTUS_C412FEM",[WPA2_WPA3_PSK],2026-08-08 08:10:21,1,2412,-78,-33.435983,151.345448,17.850000,0.500000,,,WIFI
32:39:F9:02:0F:36,"Telstra020F36",[WPA2_WPA3_PSK],2026-08-08 08:10:21,1,2412,-82,-33.435983,151.345448,17.850000,0.500000,,,WIFI
B0:5B:99:44:AD:54,"OPTUS_44AD52M",[WPA2_WPA3_PSK],2026-08-08 08:10:21,6,2437,-82,-33.435983,151.345448,17.850000,0.500000,,,WIFI
5C:B1:3E:66:51:DC,"Belong6651D6",[WPA2_PSK],2026-08-08 08:10:21,11,2462,-84,-33.435983,151.345448,17.850000,0.500000,,,WIFI
F8:CA:59:24:28:E3,"ORIGIN-392152",[WPA2_PSK],2026-08-08 08:10:21,1,2412,-86,-33.435983,151.345448,17.850000,0.500000,,,WIFI
64:66:24:3E:32:C8,"Sunshine2025",[WPA2_PSK],2026-08-08 08:10:21,11,2462,-89,-33.435983,151.345448,17.850000,0.500000,,,WIFI
10:82:3D:84:34:65,"Legacy Outdoor AP",[WPA_WPA2_PSK],2026-08-08 08:10:21,11,2462,-89,-33.435983,151.345448,17.850000,0.500000,,,WIFI
D4:E8:80:5E:05:D0,"CCC_Corporate",[WPA2_ENTERPRISE],2026-08-08 08:10:21,11,2462,-89,-33.435983,151.345448,17.850000,0.500000,,,WIFI
D4:E8:80:5E:05:D3,"CCC_Mobiles",[WPA2_ENTERPRISE],2026-08-08 08:10:21,11,2462,-89,-33.435983,151.345448,17.850000,0.500000,,,WIFI
D0:DB:B7:B2:64:3B,"NetComm 2496",[WPA2_WPA3_PSK],2026-08-08 08:10:21,11,2462,-90,-33.435983,151.345448,17.850000,0.500000,,,WIFI
BC:30:D9:D0:59:CE,"TelstraD059CC",[WPA2_PSK],2026-08-08 08:10:21,13,2472,-94,-33.435983,151.345448,17.850000,0.500000,,,WIFI
7C:5E:98:1E:AF:A5,"BeastNet Xtra",[WPA2_PSK],2026-08-08 08:10:30,6,2437,-75,-33.435778,151.344005,13.490000,0.500000,,,WIFI
CC:16:7E:69:B2:70,"CCC_Corporate",[WPA2_ENTERPRISE],2026-08-08 08:10:30,1,2412,-78,-33.435778,151.344005,13.490000,0.500000,,,WIFI
CC:16:7E:69:B2:72,"CCC_Leisure",[WPA2_PSK],2026-08-08 08:10:30,1,2412,-79,-33.435778,151.344005,13.490000,0.500000,,,WIFI
CC:16:7E:69:B2:73,"CCC_Mobiles",[WPA2_ENTERPRISE],2026-08-08 08:10:30,1,2412,-79,-33.435778,151.344005,13.490000,0.500000,,,WIFI
D4:35:1D:D3:6B:76,"TelstraD36B76",[WPA2_PSK],2026-08-08 08:10:30,6,2437,-79,-33.435778,151.344005,13.490000,0.500000,,,WIFI
A8:29:48:2C:C5:D7,"FaHaMa",[WPA2_PSK],2026-08-08 08:10:30,8,2447,-79,-33.435778,151.344005,13.490000,0.500000,,,WIFI
D2:9E:43:43:B6:85,"FierceComms-Guest",[WPA2_PSK],2026-08-08 08:10:30,9,2452,-79,-33.435778,151.344005,13.490000,0.500000,,,WIFI
E0:D3:62:CA:AB:74,"Aussie Broadband 9294",[WPA2_WPA3_PSK],2026-08-08 08:10:30,3,2422,-81,-33.435778,151.344005,13.490000,0.500000,,,WIFI
C8:9E:43:43:B6:85,"FierceComms",[WPA2_PSK],2026-08-08 08:10:30,9,2452,-82,-33.435778,151.344005,13.490000,0.500000,,,WIFI
54:07:7D:91:2C:8F,"TP-LINK_0D6F_2GEXT",[WPA2_PSK],2026-08-08 08:10:30,1,2412,-83,-33.435778,151.344005,13.490000,0.500000,,,WIFI
1C:D3:AF:F4:1A:84,"MBUX 03888",[WPA2_WPA3_PSK],2026-08-08 08:10:30,11,2462,-83,-33.435778,151.344005,13.490000,0.500000,,,WIFI
B4:63:6F:AE:4B:99,"NOKIA-4B90",[WPA2_PSK],2026-08-08 08:10:30,11,2462,-83,-33.435778,151.344005,13.490000,0.500000,,,WIFI
24:E5:0F:C7:CB:1F,"Lemon",[WPA2_PSK],2026-08-08 08:10:30,6,2437,-84,-33.435778,151.344005,13.490000,0.500000,,,WIFI
D2:9E:43:45:4C:3C,"FierceComms-Guest",[WPA2_PSK],2026-08-08 08:10:30,9,2452,-84,-33.435778,151.344005,13.490000,0.500000,,,WIFI
D4:E8:80:5E:05:D2,"CCC_Leisure",[WPA2_PSK],2026-08-08 08:10:30,11,2462,-84,-33.435778,151.344005,13.490000,0.500000,,,WIFI
D0:DB:B7:DA:7E:26,"NetComm 3239",[WPA2_WPA3_PSK],2026-08-08 08:10:30,1,2412,-85,-33.435778,151.344005,13.490000,0.500000,,,WIFI
62:7F:F0:5E:97:FF,"TP-Link_97FC",[WPA2_WPA3_PSK],2026-08-08 08:10:30,3,2422,-85,-33.435778,151.344005,13.490000,0.500000,,,WIFI
EA:D3:62:CA:AB:74,"Aussie Broadband 9294_MLO",[WPA3_PSK],2026-08-08 08:10:30,3,2422,-85,-33.435778,151.344005,13.490000,0.500000,,,WIFI
EA:D3:62:CA:88:65,"Aussie Broadband 9294_MLO",[WPA3_PSK],2026-08-08 08:10:30,3,2422,-85,-33.435778,151.344005,13.490000,0.500000,,,WIFI
BC:30:D9:B4:22:EF,"TelstraB422ED",[WPA2_PSK],2026-08-08 08:10:30,13,2472,-86,-33.435778,151.344005,13.490000,0.500000,,,WIFI
E0:D3:62:CA:C7:44,"Aussie Broadband 9294",[WPA2_WPA3_PSK],2026-08-08 08:10:30,3,2422,-87,-33.435778,151.344005,13.490000,0.500000,,,WIFI
D0:DB:B7:3B:D8:60,"Aussie Broadband 9294",[WPA2_PSK],2026-08-08 08:10:30,6,2437,-87,-33.435778,151.344005,13.490000,0.500000,,,WIFI
CE:9E:43:45:4C:3C,"FierceComms",[WPA2_PSK],2026-08-08 08:10:30,9,2452,-87,-33.435778,151.344005,13.490000,0.500000,,,WIFI
EA:D3:62:CA:C7:44,"Aussie Broadband 9294_MLO",[WPA3_PSK],2026-08-08 08:10:30,3,2422,-89,-33.435778,151.344005,13.490000,0.500000,,,WIFI
54:7E:1A:24:3D:E2,"DG2144-3DE0",[WPA2_PSK],2026-08-08 08:10:30,6,2437,-89,-33.435778,151.344005,13.490000,0.500000,,,WIFI
0A:C7:F5:FF:30:5B,"TelstraFF3053",[WPA2_PSK],2026-08-08 08:10:30,11,2462,-89,-33.435778,151.344005,13.490000,0.500000,,,WIFI
B4:63:6F:AE:76:99,"NOKIA-7690",[WPA2_PSK],2026-08-08 08:10:30,11,2462,-89,-33.435778,151.344005,13.490000,0.500000,,,WIFI
98:48:27:B9:0D:6E,"TP-LINK_0D6F",[WPA2_PSK],2026-08-08 08:10:30,1,2412,-90,-33.435778,151.344005,13.490000,0.500000,,,WIFI
6C:5A:B0:D1:52:D2,"EDDMS_4G",[WPA2_PSK],2026-08-08 08:10:30,3,2422,-91,-33.435778,151.344005,13.490000,0.500000,,,WIFI
A8:29:48:2C:D0:81,"FaHaMa",[WPA2_PSK],2026-08-08 08:10:30,8,2447,-91,-33.435778,151.344005,13.490000,0.500000,,,WIFI
B4:63:6F:AE:4D:19,"NOKIA-4D10",[WPA2_PSK],2026-08-08 08:10:30,9,2452,-91,-33.435778,151.344005,13.490000,0.500000,,,WIFI
1C:39:29:26:CE:FA,"AD_101_2RES1VE61NFB2-cefa",[WPA2_PSK],2026-08-08 08:10:30,11,2462,-91,-33.435778,151.344005,13.490000,0.500000,,,WIFI
BC:30:D9:BE:05:8A,"TelstraBE0588",[WPA2_PSK],2026-08-08 08:10:30,11,2462,-93,-33.435778,151.344005,13.490000,0.500000,,,WIFI
B8:EE:0E:8F:54:FE,"Telstra8F54F8",[WPA2_PSK],2026-08-08 08:10:30,13,2472,-93,-33.435778,151.344005,13.490000,0.500000,,,WIFI
94:0B:19:7F:CF:58,"ORIGIN-033469",[WPA_WPA2_PSK],2026-08-08 08:10:30,10,2457,-95,-33.435778,151.344005,13.490000,0.500000,,,WIFI
EC:3D:FD:BE:05:41,"AP1000350810003508",[WPA2_PSK],2026-08-08 08:10:38,6,2437,-70,-33.435588,151.342735,5.320000,0.500000,,,WIFI
00:25:42:EB:9E:6F,"BlackVue770X-EB9E6F",[WPA2_PSK],2026-08-08 08:10:38,6,2437,-74,-33.435588,151.342735,5.320000,0.500000,,,WIFI
80:CC:9C:24:E6:76,"NETGEAR70",[WPA2_PSK],2026-08-08 08:10:38,4,2427,-76,-33.435588,151.342735,5.320000,0.500000,,,WIFI
34:19:4D:04:04:2C,"verlie",[WPA2_WPA3_PSK],2026-08-08 08:10:38,4,2427,-79,-33.435588,151.342735,5.320000,0.500000,,,WIFI
3C:F0:83:3E:3C:6B,"MYOB2025",[WPA2_WPA3_PSK],2026-08-08 08:10:38,11,2462,-81,-33.435588,151.342735,5.320000,0.500000,,,WIFI
C8:99:B2:FE:A0:5C,"TelstraFEA058",[WPA2_WPA3_PSK],2026-08-08 08:10:38,9,2452,-83,-33.435588,151.342735,5.320000,0.500000,,,WIFI
0C:EF:15:19:74:31,"Bill Wi The Science Fi 2.4",[WPA2_PSK],2026-08-08 08:10:38,1,2412,-84,-33.435588,151.342735,5.320000,0.500000,,,WIFI
D0:DB:B7:DA:7E:26,"NetComm 3239",[WPA2_WPA3_PSK],2026-08-08 08:10:38,1,2412,-84,-33.435588,151.342735,5.320000,0.500000,,,WIFI
BC:30:D9:AC:28:B5,"TelstraAC28B3",[WPA2_PSK],2026-08-08 08:10:38,1,2412,-85,-33.435588,151.342735,5.320000,0.500000,,,WIFI
58:11:22:61:26:C8,"MyNet-2.4G",[WPA2_PSK],2026-08-08 08:10:38,4,2427,-86,-33.435588,151.342735,5.320000,0.500000,,,WIFI
4E:D5:ED:ED:18:36,"TelstraED1836",[WPA2_WPA3_PSK],2026-08-08 08:10:38,4,2427,-87,-33.435588,151.342735,5.320000,0.500000,,,WIFI
D4:35:1D:D3:6B:76,"TelstraD36B76",[WPA2_PSK],2026-08-08 08:10:38,6,2437,-87,-33.435588,151.342735,5.320000,0.500000,,,WIFI
9E:86:DD:A4:1C:BD,"VX420-1CBC",[WPA2_PSK],2026-08-08 08:10:38,6,2437,-87,-33.435588,151.342735,5.320000,0.500000,,,WIFI
42:1F:F4:8D:77:A6,"Telstra8D77A6",[WPA2_WPA3_PSK],2026-08-08 08:10:38,6,2437,-87,-33.435588,151.342735,5.320000,0.500000,,,WIFI
4C:22:F3:7F:E0:6B,"OPTUS_7FE068N",[WPA2_WPA3_PSK],2026-08-08 08:10:38,6,2437,-87,-33.435588,151.342735,5.320000,0.500000,,,WIFI
BC:30:D9:B4:22:EF,"TelstraB422ED",[WPA2_PSK],2026-08-08 08:10:38,13,2472,-87,-33.435588,151.342735,5.320000,0.500000,,,WIFI
B0:5B:99:4C:F4:E6,"OPTUS_4CF4E4M",[WPA2_WPA3_PSK],2026-08-08 08:10:38,1,2412,-88,-33.435588,151.342735,5.320000,0.500000,,,WIFI
6C:5A:B0:20:27:46,"TP-Link_5AC8_EXT",[WPA2_PSK],2026-08-08 08:10:38,2,2417,-88,-33.435588,151.342735,5.320000,0.500000,,,WIFI
D2:9E:43:43:B6:85,"FierceComms-Guest",[WPA2_PSK],2026-08-08 08:10:38,9,2452,-88,-33.435588,151.342735,5.320000,0.500000,,,WIFI
3C:58:5D:E0:87:F0,"OPTUS_E087EEM",[WPA2_WPA3_PSK],2026-08-08 08:10:38,11,2462,-88,-33.435588,151.342735,5.320000,0.500000,,,WIFI
DC:A6:33:37:5E:72,"FoxtelBroadband5E70",[WPA2_PSK],2026-08-08 08:10:38,11,2462,-88,-33.435588,151.342735,5.320000,0.500000,,,WIFI
32:39:F9:02:0F:36,"Telstra020F36",[WPA2_WPA3_PSK],2026-08-08 08:10:38,1,2412,-89,-33.435588,151.342735,5.320000,0.500000,,,WIFI
A8:29:48:2C:C5:D7,"FaHaMa",[WPA2_PSK],2026-08-08 08:10:38,8,2447,-89,-33.435588,151.342735,5.320000,0.500000,,,WIFI
C8:9E:43:43:B6:85,"FierceComms",[WPA2_PSK],2026-08-08 08:10:38,9,2452,-89,-33.435588,151.342735,5.320000,0.500000,,,WIFI
D2:9E:43:45:4C:3C,"FierceComms-Guest",[WPA2_PSK],2026-08-08 08:10:38,9,2452,-89,-33.435588,151.342735,5.320000,0.500000,,,WIFI
BA:CF:84:43:B1:B2,"ASUS_B0_IoT",[WPA2_WPA3_PSK],2026-08-08 08:10:38,10,2457,-89,-33.435588,151.342735,5.320000,0.500000,,,WIFI
10:82:3D:84:34:65,"Legacy Outdoor AP",[WPA_WPA2_PSK],2026-08-08 08:10:38,11,2462,-89,-33.435588,151.342735,5.320000,0.500000,,,WIFI
7C:DF:A1:E8:E8:1D,"TLCWIFI_7C:DF:A1:E8:E8:1C",[WPA_WPA2_PSK],2026-08-08 08:10:38,1,2412,-90,-33.435588,151.342735,5.320000,0.500000,,,WIFI
BC:07:1D:C7:D5:FC,"Pizdec",[WPA2_PSK],2026-08-08 08:10:38,4,2427,-90,-33.435588,151.342735,5.320000,0.500000,,,WIFI
B4:63:6F:AE:19:89,"NOKIA-1980",[WPA2_PSK],2026-08-08 08:10:38,11,2462,-90,-33.435588,151.342735,5.320000,0.500000,,,WIFI
0A:C7:F5:99:D4:62,"Belong99D45A",[WPA2_PSK],2026-08-08 08:10:38,11,2462,-90,-33.435588,151.342735,5.320000,0.500000,,,WIFI
38:E1:F4:F0:BD:CD,"OPTUS_F0BDCBM",[WPA2_WPA3_PSK],2026-08-08 08:10:47,11,2462,-72,-33.434749,151.342215,1.210000,0.500000,,,WIFI
0A:C7:F5:FE:F8:C9,"TelstraFEF8C1",[OPEN],2026-08-08 08:10:47,11,2462,-72,-33.434749,151.342215,1.210000,0.500000,,,WIFI
24:E5:0F:C7:8F:01,"PC nest wifi",[WPA2_PSK],2026-08-08 08:10:47,11,2462,-77,-33.434749,151.342215,1.210000,0.500000,,,WIFI
30:8D:99:6E:6C:ED,"DIRECT-EB-HP Officejet 5740",[WPA2_PSK],2026-08-08 08:10:47,11,2462,-80,-33.434749,151.342215,1.210000,0.500000,,,WIFI
32:39:F9:02:2D:D6,"Telstra022DD6",[WPA2_WPA3_PSK],2026-08-08 08:10:47,1,2412,-81,-33.434749,151.342215,1.210000,0.500000,,,WIFI
5C:62:8B:2C:F9:2A,"TP-Link_F92A",[WPA2_PSK],2026-08-08 08:10:47,11,2462,-82,-33.434749,151.342215,1.210000,0.500000,,,WIFI
D0:DB:B7:BD:C2:5F,"NetComm 2932",[WPA2_WPA3_PSK],2026-08-08 08:10:47,11,2462,-83,-33.434749,151.342215,1.210000,0.500000,,,WIFI
84:78:48:84:B9:65,"Zagalia",[WPA2_PSK],2026-08-08 08:10:47,1,2412,-86,-33.434749,151.342215,1.210000,0.500000,,,WIFI
24:E5:0F:CF:46:42,"APS",[WPA2_PSK],2026-08-08 08:10:47,1,2412,-86,-33.434749,151.342215,1.210000,0.500000,,,WIFI
44:D4:53:5F:D3:AE,"Optus_5FD3AC",[WPA2_PSK],2026-08-08 08:10:47,11,2462,-86,-33.434749,151.342215,1.210000,0.500000,,,WIFI
76:AA:C0:22:68:E3,"LS24ORANALINK04",[WPA2_PSK],2026-08-08 08:10:47,1,2412,-89,-33.434749,151.342215,1.210000,0.500000,,,WIFI
8A:78:48:84:B9:65,"Oxygen IT",[WPA2_PSK],2026-08-08 08:10:47,1,2412,-90,-33.434749,151.342215,1.210000,0.500000,,,WIFI
8E:78:48:84:B9:65,"JSG Publishing",[WPA2_PSK],2026-08-08 08:10:47,1,2412,-90,-33.434749,151.342215,1.210000,0.500000,,,WIFI
D0:DB:B7:B2:38:A9,"NetComm 9326",[WPA2_WPA3_PSK],2026-08-08 08:10:47,11,2462,-91,-33.434749,151.342215,1.210000,0.500000,,,WIFI
AC:8B:A9:50:D3:46,"MP26465E3D8",[WPA2_PSK],2026-08-08 08:10:56,1,2412,-81,-33.433734,151.342262,1.660000,0.500000,,,WIFI
44:2A:8F:E2:0E:66,"Solar-WiFi243W0475",[WPA2_PSK],2026-08-08 08:10:56,7,2442,-82,-33.433734,151.342262,1.660000,0.500000,,,WIFI
AE:8B:A9:10:D3:46,"MP26465E3D8-2.4G",[WPA2_PSK],2026-08-08 08:10:56,1,2412,-85,-33.433734,151.342262,1.660000,0.500000,,,WIFI
34:E8:94:12:05:F7,"melsholden",[WPA2_PSK],2026-08-08 08:10:56,2,2417,-87,-33.433734,151.342262,1.660000,0.500000,,,WIFI
4C:22:F3:C2:D7:43,"OPTUS_C2D740N",[WPA2_WPA3_PSK],2026-08-08 08:10:56,1,2412,-89,-33.433734,151.342262,1.660000,0.500000,,,WIFI
A2:C9:EB:22:B7:43,"ORBI16",[WPA2_PSK],2026-08-08 08:11:04,3,2422,-77,-33.433115,151.342183,6.640000,0.500000,,,WIFI
98:03:8E:87:F1:8B,"TP-Link_F18B",[WPA2_PSK],2026-08-08 08:11:04,3,2422,-79,-33.433115,151.342183,6.640000,0.500000,,,WIFI
A4:FC:A1:89:0E:C9,"NOKIA-0EC0",[WPA2_PSK],2026-08-08 08:11:04,2,2417,-82,-33.433115,151.342183,6.640000,0.500000,,,WIFI
EA:A7:31:84:C5:B4,"The Penthouse",[WPA2_PSK],2026-08-08 08:11:04,10,2457,-82,-33.433115,151.342183,6.640000,0.500000,,,WIFI
D2:BA:BD:36:CE:EA,"WiFi-36CEE9",[WPA2_PSK],2026-08-08 08:11:04,4,2427,-85,-33.433115,151.342183,6.640000,0.500000,,,WIFI
32:68:93:0D:AD:21,"Harder_Better_Faster_WiFi",[WPA2_PSK],2026-08-08 08:11:04,1,2412,-86,-33.433115,151.342183,6.640000,0.500000,,,WIFI
A2:C9:EB:32:7B:D7,"ORBI16",[WPA2_PSK],2026-08-08 08:11:04,3,2422,-86,-33.433115,151.342183,6.640000,0.500000,,,WIFI
A8:42:A1:E9:EA:A7,"TP-Link_EAA8",[WPA2_PSK],2026-08-08 08:11:04,4,2427,-86,-33.433115,151.342183,6.640000,0.500000,,,WIFI
AA:FB:B3:BB:28:45,"VX420-2844",[WPA2_PSK],2026-08-08 08:11:04,6,2437,-86,-33.433115,151.342183,6.640000,0.500000,,,WIFI
20:B0:01:8E:19:C1,"Telstra8E19C1",[WPA2_PSK],2026-08-08 08:11:04,9,2452,-86,-33.433115,151.342183,6.640000,0.500000,,,WIFI
6C:15:DB:28:AF:8D,"WIFI-4X4F5XN",[WPA2_WPA3_PSK],2026-08-08 08:11:04,13,2472,-86,-33.433115,151.342183,6.640000,0.500000,,,WIFI
32:3C:20:3A:3F:56,"Telstra3A3F56",[WPA2_WPA3_PSK],2026-08-08 08:11:04,2,2417,-87,-33.433115,151.342183,6.640000,0.500000,,,WIFI
3E:2A:D2:96:D0:C6,"Harry",[WPA2_PSK],2026-08-08 08:11:04,4,2427,-87,-33.433115,151.342183,6.640000,0.500000,,,WIFI
72:FC:E7:2C:CC:21,"ASUS_20",[WPA2_WPA3_PSK],2026-08-08 08:11:04,9,2452,-87,-33.433115,151.342183,6.640000,0.500000,,,WIFI
50:78:B3:D7:32:28,"EXETEL D73228 2.4G",[WPA2_PSK],2026-08-08 08:11:04,9,2452,-88,-33.433115,151.342183,6.640000,0.500000,,,WIFI
72:FC:E7:2C:CC:22,"ASUS_20_IoT",[WPA2_PSK],2026-08-08 08:11:04,9,2452,-88,-33.433115,151.342183,6.640000,0.500000,,,WIFI
DC:A6:33:A5:90:22,"FoxtelBroadband9020",[WPA2_PSK],2026-08-08 08:11:04,11,2462,-88,-33.433115,151.342183,6.640000,0.500000,,,WIFI
AC:15:A2:CA:0E:E6,"TP-Link_0EE6",[WPA2_PSK],2026-08-08 08:11:04,4,2427,-89,-33.433115,151.342183,6.640000,0.500000,,,WIFI
34:19:4D:05:24:CE,"Telstra0524CA",[WPA2_WPA3_PSK],2026-08-08 08:11:04,8,2447,-89,-33.433115,151.342183,6.640000,0.500000,,,WIFI
40:ED:00:17:59:9F,"TP-Link_59A0",[WPA2_PSK],2026-08-08 08:11:04,8,2447,-89,-33.433115,151.342183,6.640000,0.500000,,,WIFI
44:15:24:9A:F4:B6,"OPTUS_9AF4B4M",[WPA2_WPA3_PSK],2026-08-08 08:11:04,6,2437,-90,-33.433115,151.342183,6.640000,0.500000,,,WIFI
6C:CD:D6:CA:1E:ED,"Telstra3679",[WPA2_PSK],2026-08-08 08:11:04,6,2437,-90,-33.433115,151.342183,6.640000,0.500000,,,WIFI
3E:94:ED:16:2D:DC,"Guinness",[WPA2_PSK],2026-08-08 08:11:04,8,2447,-90,-33.433115,151.342183,6.640000,0.500000,,,WIFI
D2:C5:99:98:7D:69,"ASUS_20_RPT",[WPA2_WPA3_PSK],2026-08-08 08:11:04,9,2452,-90,-33.433115,151.342183,6.640000,0.500000,,,WIFI
BA:CF:84:43:B1:B1,"ASUS_B0",[WPA2_WPA3_PSK],2026-08-08 08:11:04,10,2457,-90,-33.433115,151.342183,6.640000,0.500000,,,WIFI
9A:03:8E:D1:58:11,"WiFi-D15810",[WPA2_PSK],2026-08-08 08:11:04,1,2412,-91,-33.433115,151.342183,6.640000,0.500000,,,WIFI
64:FD:96:B8:9A:4E,"Optus_B89A4C",[WPA2_PSK],2026-08-08 08:11:04,6,2437,-91,-33.433115,151.342183,6.640000,0.500000,,,WIFI
5A:4D:FA:37:77:A8,"JAISON's Galaxy A73 5G",[WPA2_PSK],2026-08-08 08:11:04,11,2462,-91,-33.433115,151.342183,6.640000,0.500000,,,WIFI
EC:6C:9A:B9:A1:D9,"TelstraB9A1D7",[WPA2_WPA3_PSK],2026-08-08 08:11:04,13,2472,-93,-33.433115,151.342183,6.640000,0.500000,,,WIFI
8A:03:8E:D1:29:D5,"VX220-29D4",[WPA2_PSK],2026-08-08 08:11:12,6,2437,-77,-33.432492,151.341915,10.860000,0.500000,,,WIFI
AC:15:A2:E3:81:CB,"Home 1",[WPA2_PSK],2026-08-08 08:11:12,4,2427,-78,-33.432492,151.341915,10.860000,0.500000,,,WIFI
80:CC:9C:24:E7:5D,"Macca's Free Wi-Fry",[WPA2_PSK],2026-08-08 08:11:12,9,2452,-82,-33.432492,151.341915,10.860000,0.500000,,,WIFI
2A:68:93:6E:F0:E7,"WiFi-6EF0E6",[WPA2_PSK],2026-08-08 08:11:12,5,2432,-83,-33.432492,151.341915,10.860000,0.500000,,,WIFI
38:06:E6:82:B5:83,"AOIWiFi",[WPA2_WPA3_PSK],2026-08-08 08:11:12,6,2437,-85,-33.432492,151.341915,10.860000,0.500000,,,WIFI
48:D2:4F:07:EE:E8,"Optus_07EEE6",[WPA2_PSK],2026-08-08 08:11:12,11,2462,-87,-33.432492,151.341915,10.860000,0.500000,,,WIFI
36:87:BA:10:95:54,"WiFi-109553",[WPA2_PSK],2026-08-08 08:11:12,1,2412,-88,-33.432492,151.341915,10.860000,0.500000,,,WIFI
E0:E1:A9:98:E8:85,"IROAD_QX2_E885",[WPA2_PSK],2026-08-08 08:11:12,2,2417,-88,-33.432492,151.341915,10.860000,0.500000,,,WIFI
54:7E:1A:24:3D:E2,"DG2144-3DE0",[WPA2_PSK],2026-08-08 08:11:12,6,2437,-89,-33.432492,151.341915,10.860000,0.500000,,,WIFI
F8:B4:6A:60:14:71,"DIRECT-70-HP DeskJet 2600 series",[WPA2_PSK],2026-08-08 08:11:12,11,2462,-89,-33.432492,151.341915,10.860000,0.500000,,,WIFI
24:7F:20:56:C1:CE,"Telstra56C1C8",[WPA2_PSK],2026-08-08 08:11:12,11,2462,-89,-33.432492,151.341915,10.860000,0.500000,,,WIFI
BC:D5:ED:6F:81:2F,"OPTUS_6F812DM",[WPA2_WPA3_PSK],2026-08-08 08:11:12,1,2412,-90,-33.432492,151.341915,10.860000,0.500000,,,WIFI
F2:32:AB:B4:1F:C6,"GL-MT6000-e99",[WPA2_PSK],2026-08-08 08:11:12,2,2417,-91,-33.432492,151.341915,10.860000,0.500000,,,WIFI
FA:8F:CA:53:93:DC,"Living Room TV.v,",[OPEN],2026-08-08 08:11:12,6,2437,-91,-33.432492,151.341915,10.860000,0.500000,,,WIFI
A2:CC:2B:E1:1A:6F,"AC-UTY-a0cc2be11a6f",[WPA_WPA2_PSK],2026-08-08 08:11:12,3,2422,-92,-33.432492,151.341915,10.860000,0.500000,,,WIFI
60:09:C3:B2:9A:C9,"32C3IRFBPI661",[WPA2_PSK],2026-08-08 08:11:12,8,2447,-92,-33.432492,151.341915,10.860000,0.500000,,,WIFI
FA:A7:31:84:C6:08,"The Penthouse",[WPA2_PSK],2026-08-08 08:11:12,10,2457,-92,-33.432492,151.341915,10.860000,0.500000,,,WIFI
38:A6:59:DB:ED:44,"Optus_DBED42",[WPA2_PSK],2026-08-08 08:11:12,6,2437,-93,-33.432492,151.341915,10.860000,0.500000,,,WIFI
34:E8:94:62:B0:AA,"TP-LINK_B0AB",[WPA2_PSK],2026-08-08 08:11:12,11,2462,-93,-33.432492,151.341915,10.860000,0.500000,,,WIFI
F8:CA:59:A3:AF:95,"NetComm 5454",[WPA2_PSK],2026-08-08 08:11:12,13,2472,-93,-33.432492,151.341915,10.860000,0.500000,,,WIFI
40:49:7C:75:3A:E5,"DRit Wifi",[WPA2_PSK],2026-08-08 08:11:21,6,2437,-81,-33.431883,151.341343,10.720000,0.500000,,,WIFI
60:B9:C0:95:89:61,"44TW44A",[WPA2_ENTERPRISE],2026-08-08 08:11:31,1,2412,-77,-33.431517,151.340874,16.570000,0.500000,,,WIFI
8A:15:04:58:75:00,"Meraki Setup",[OPEN],2026-08-08 08:11:31,1,2412,-77,-33.431517,151.340874,16.570000,0.500000,,,WIFI
60:B9:C0:95:89:60,"44TW44A_Guest",[OPEN],2026-08-08 08:11:31,1,2412,-78,-33.431517,151.340874,16.570000,0.500000,,,WIFI
60:B9:C0:95:89:62,"54TW54A",[WPA2_ENTERPRISE],2026-08-08 08:11:31,1,2412,-78,-33.431517,151.340874,16.570000,0.500000,,,WIFI
70:BC:48:44:73:40,"44TW44A_Guest",[OPEN],2026-08-08 08:11:31,6,2437,-84,-33.431517,151.340874,16.570000,0.500000,,,WIFI
70:BC:48:10:E2:21,"44TW44A",[WPA2_ENTERPRISE],2026-08-08 08:11:31,6,2437,-84,-33.431517,151.340874,16.570000,0.500000,,,WIFI
70:BC:48:11:15:A2,"54TW54A",[WPA2_ENTERPRISE],2026-08-08 08:11:31,11,2462,-84,-33.431517,151.340874,16.570000,0.500000,,,WIFI
D8:B3:70:AD:69:3A,"ChristChurch",[WPA2_PSK],2026-08-08 08:11:31,6,2437,-85,-33.431517,151.340874,16.570000,0.500000,,,WIFI
70:BC:48:44:73:41,"44TW44A",[WPA2_ENTERPRISE],2026-08-08 08:11:31,6,2437,-85,-33.431517,151.340874,16.570000,0.500000,,,WIFI
70:BC:48:10:E2:20,"44TW44A_Guest",[OPEN],2026-08-08 08:11:31,6,2437,-85,-33.431517,151.340874,16.570000,0.500000,,,WIFI
70:BC:48:10:E2:22,"54TW54A",[WPA2_ENTERPRISE],2026-08-08 08:11:31,6,2437,-85,-33.431517,151.340874,16.570000,0.500000,,,WIFI
70:BC:48:11:15:A1,"44TW44A",[WPA2_ENTERPRISE],2026-08-08 08:11:31,11,2462,-85,-33.431517,151.340874,16.570000,0.500000,,,WIFI
BC:D5:ED:5D:0D:92,"OPTUS_5D0D90M",[WPA2_WPA3_PSK],2026-08-08 08:11:31,1,2412,-86,-33.431517,151.340874,16.570000,0.500000,,,WIFI
46:94:ED:16:2D:DC,"Guinness-Guest",[WPA2_PSK],2026-08-08 08:11:31,8,2447,-86,-33.431517,151.340874,16.570000,0.500000,,,WIFI
B4:63:6F:AE:4B:99,"NOKIA-4B90",[WPA2_PSK],2026-08-08 08:11:31,11,2462,-86,-33.431517,151.340874,16.570000,0.500000,,,WIFI
70:BC:48:11:15:A0,"44TW44A_Guest",[OPEN],2026-08-08 08:11:31,11,2462,-86,-33.431517,151.340874,16.570000,0.500000,,,WIFI
3C:67:8C:BA:51:7C,"DODO-5175",[WPA_WPA2_PSK],2026-08-08 08:11:31,1,2412,-87,-33.431517,151.340874,16.570000,0.500000,,,WIFI
B4:63:6F:AE:CD:F9,"Gosford Guest WiFi",[WPA2_PSK],2026-08-08 08:11:31,1,2412,-87,-33.431517,151.340874,16.570000,0.500000,,,WIFI
B4:63:6F:AE:65:A9,"NOKIA-65A0",[WPA2_PSK],2026-08-08 08:11:31,1,2412,-87,-33.431517,151.340874,16.570000,0.500000,,,WIFI
8C:90:2D:19:F5:1E,"Epano",[WPA2_WPA3_PSK],2026-08-08 08:11:31,2,2417,-87,-33.431517,151.340874,16.570000,0.500000,,,WIFI
B4:63:6F:AE:5A:89,"NOKIA-5A80",[WPA2_PSK],2026-08-08 08:11:31,2,2417,-87,-33.431517,151.340874,16.570000,0.500000,,,WIFI
60:B9:C0:95:8B:C1,"44TW44A",[WPA2_ENTERPRISE],2026-08-08 08:11:31,6,2437,-87,-33.431517,151.340874,16.570000,0.500000,,,WIFI
60:B9:C0:95:8B:C0,"44TW44A_Guest",[OPEN],2026-08-08 08:11:31,6,2437,-87,-33.431517,151.340874,16.570000,0.500000,,,WIFI
B2:A7:B9:1B:25:41,"WiFi-1B2540",[WPA2_PSK],2026-08-08 08:11:31,3,2422,-88,-33.431517,151.340874,16.570000,0.500000,,,WIFI
B4:63:6F:AD:DA:B9,"NOKIA-DAB0",[WPA2_PSK],2026-08-08 08:11:31,8,2447,-89,-33.431517,151.340874,16.570000,0.500000,,,WIFI
B0:95:75:2D:48:8B,"Js Place",[WPA2_PSK],2026-08-08 08:11:31,1,2412,-90,-33.431517,151.340874,16.570000,0.500000,,,WIFI
B4:63:6F:AD:DF:89,"NOKIA-DF80",[WPA2_PSK],2026-08-08 08:11:31,1,2412,-91,-33.431517,151.340874,16.570000,0.500000,,,WIFI
B4:63:6F:AD:DD:79,"Coastal Retreat",[WPA2_PSK],2026-08-08 08:11:31,3,2422,-91,-33.431517,151.340874,16.570000,0.500000,,,WIFI
B6:63:6F:9D:DD:79,"Yaxley",[WPA2_PSK],2026-08-08 08:11:31,3,2422,-91,-33.431517,151.340874,16.570000,0.500000,,,WIFI
A0:AD:9F:0F:82:08,"ASUS_08",[WPA2_PSK],2026-08-08 08:11:31,8,2447,-92,-33.431517,151.340874,16.570000,0.500000,,,WIFI
D4:35:1D:1A:1E:B7,"Telstra1A1EB7",[WPA2_PSK],2026-08-08 08:11:31,11,2462,-92,-33.431517,151.340874,16.570000,0.500000,,,WIFI
BC:30:D9:C9:B2:F9,"TelstraC9B2F7",[WPA2_PSK],2026-08-08 08:11:31,13,2472,-92,-33.431517,151.340874,16.570000,0.500000,,,WIFI
62:72:2D:75:2B:BE,"Optus_B628_2B75",[WPA2_WPA3_PSK],2026-08-08 08:11:31,5,2432,-93,-33.431517,151.340874,16.570000,0.500000,,,WIFI
A6:04:50:6B:41:04,"My VW 0474",[WPA2_WPA3_PSK],2026-08-08 08:11:31,6,2437,-93,-33.431517,151.340874,16.570000,0.500000,,,WIFI
B4:63:6F:AE:75:09,"NOKIA-7500",[WPA2_PSK],2026-08-08 08:11:31,11,2462,-94,-33.431517,151.340874,16.570000,0.500000,,,WIFI
60:B9:C0:95:8B:C2,"54TW54A",[WPA2_ENTERPRISE],2026-08-08 08:11:47,6,2437,-74,-33.430368,151.341116,17.040000,0.500000,,,WIFI
EC:6C:9A:BA:00:75,"TelstraBA0073",[WPA2_WPA3_PSK],2026-08-08 08:11:47,12,2467,-79,-33.430368,151.341116,17.040000,0.500000,,,WIFI
C8:99:B2:FA:77:C8,"TelstraFA77C4",[WPA2_WPA3_PSK],2026-08-08 08:11:47,8,2447,-82,-33.430368,151.341116,17.040000,0.500000,,,WIFI
C8:99:B2:F9:FC:56,"TelstraF9FC52",[WPA2_WPA3_PSK],2026-08-08 08:11:47,5,2432,-84,-33.430368,151.341116,17.040000,0.500000,,,WIFI
32:39:F9:01:B8:16,"Telstra01B816",[WPA2_WPA3_PSK],2026-08-08 08:11:47,6,2437,-84,-33.430368,151.341116,17.040000,0.500000,,,WIFI
B4:63:6F:AE:85:C9,"NOKIA-85C0",[WPA2_PSK],2026-08-08 08:11:47,9,2452,-84,-33.430368,151.341116,17.040000,0.500000,,,WIFI
FA:D3:62:16:23:E7,"GossyTowers",[WPA2_PSK],2026-08-08 08:11:47,3,2422,-85,-33.430368,151.341116,17.040000,0.500000,,,WIFI
7C:5A:1C:04:84:1F,"CC_Con",[WPA2_PSK],2026-08-08 08:11:47,6,2437,-86,-33.430368,151.341116,17.040000,0.500000,,,WIFI
7C:5A:1C:04:7E:2F,"CC_Con",[WPA2_PSK],2026-08-08 08:11:47,11,2462,-86,-33.430368,151.341116,17.040000,0.500000,,,WIFI
BC:30:D9:EE:5A:A5,"TelstraEE5AA3",[WPA2_PSK],2026-08-08 08:11:47,13,2472,-86,-33.430368,151.341116,17.040000,0.500000,,,WIFI
3C:6A:D2:09:0D:5E,"GossyTowers",[WPA2_PSK],2026-08-08 08:11:47,4,2427,-87,-33.430368,151.341116,17.040000,0.500000,,,WIFI
78:8A:20:84:12:73,"Interrelate-Guest",[WPA2_PSK],2026-08-08 08:11:47,6,2437,-87,-33.430368,151.341116,17.040000,0.500000,,,WIFI
B4:63:6F:AE:83:59,"NOKIA-8350",[WPA2_PSK],2026-08-08 08:11:47,7,2442,-87,-33.430368,151.341116,17.040000,0.500000,,,WIFI
B4:63:6F:AE:1A:29,"NOKIA-1A20",[WPA2_PSK],2026-08-08 08:11:47,9,2452,-87,-33.430368,151.341116,17.040000,0.500000,,,WIFI
62:D8:A4:97:95:C9,"Telstra9795C1",[WPA2_PSK],2026-08-08 08:11:47,11,2462,-87,-33.430368,151.341116,17.040000,0.500000,,,WIFI
AE:8B:A9:28:11:16,"CCCM-Guest",[WPA2_PSK],2026-08-08 08:11:47,1,2412,-88,-33.430368,151.341116,17.040000,0.500000,,,WIFI
FA:D3:62:16:23:E0,"AppleTV",[WPA2_WPA3_PSK],2026-08-08 08:11:47,3,2422,-88,-33.430368,151.341116,17.040000,0.500000,,,WIFI
78:45:58:44:7D:4B,"cccmusic",[WPA2_PSK],2026-08-08 08:11:47,6,2437,-88,-33.430368,151.341116,17.040000,0.500000,,,WIFI
B4:63:6F:AD:DE:C9,"NOKIA-DEC0",[WPA2_PSK],2026-08-08 08:11:47,7,2442,-88,-33.430368,151.341116,17.040000,0.500000,,,WIFI
B4:63:6F:AE:15:59,"NOKIA-1550",[WPA2_PSK],2026-08-08 08:11:47,10,2457,-88,-33.430368,151.341116,17.040000,0.500000,,,WIFI
B4:63:6F:AE:14:F9,"NOKIA-14F0",[WPA2_PSK],2026-08-08 08:11:47,10,2457,-88,-33.430368,151.341116,17.040000,0.500000,,,WIFI
28:74:F5:5A:CA:69,"NOKIA-CA60",[WPA2_PSK],2026-08-08 08:11:47,1,2412,-89,-33.430368,151.341116,17.040000,0.500000,,,WIFI
B4:63:6F:AD:EA:A9,"NOKIA-EAA0",[WPA2_PSK],2026-08-08 08:11:47,5,2432,-89,-33.430368,151.341116,17.040000,0.500000,,,WIFI
B4:63:6F:AE:4D:E9,"NOKIA-4DE0",[WPA2_PSK],2026-08-08 08:11:47,11,2462,-89,-33.430368,151.341116,17.040000,0.500000,,,WIFI
BC:30:D9:BB:7C:A7,"TelstraBB7CA5",[WPA2_PSK],2026-08-08 08:11:47,13,2472,-89,-33.430368,151.341116,17.040000,0.500000,,,WIFI
B4:63:6F:AD:F8:B9,"NOKIA-F8B0",[WPA2_PSK],2026-08-08 08:11:47,1,2412,-90,-33.430368,151.341116,17.040000,0.500000,,,WIFI
AC:8B:A9:38:11:16,"CC_Con",[WPA2_PSK],2026-08-08 08:11:47,1,2412,-90,-33.430368,151.341116,17.040000,0.500000,,,WIFI
98:48:27:2A:0C:F6,"TP-LINK_0CF7",[WPA2_PSK],2026-08-08 08:11:47,1,2412,-90,-33.430368,151.341116,17.040000,0.500000,,,WIFI
D2:62:79:BC:A9:A6,"WiFi-BCA9A5",[WPA2_PSK],2026-08-08 08:11:47,4,2427,-90,-33.430368,151.341116,17.040000,0.500000,,,WIFI
20:B0:01:CD:59:C7,"TelstraCD59C7",[WPA2_PSK],2026-08-08 08:11:47,8,2447,-90,-33.430368,151.341116,17.040000,0.500000,,,WIFI
7C:5A:1C:04:83:E3,"CC_Con",[WPA2_PSK],2026-08-08 08:11:47,11,2462,-90,-33.430368,151.341116,17.040000,0.500000,,,WIFI
B4:63:6F:AD:FF:59,"NOKIA-FF50",[WPA2_PSK],2026-08-08 08:11:47,3,2422,-91,-33.430368,151.341116,17.040000,0.500000,,,WIFI
B4:63:6F:AE:4C:F9,"NOKIA-4CF0",[WPA2_PSK],2026-08-08 08:11:47,6,2437,-91,-33.430368,151.341116,17.040000,0.500000,,,WIFI
44:D4:53:08:F8:8E,"Optus_08F88C",[WPA2_PSK],2026-08-08 08:11:52,11,2462,-68,-33.429936,151.341191,17.150000,0.500000,,,WIFI
B8:2D:28:51:8F:E6,"L920PRO_2230461148",[WPA2_PSK],2026-08-08 08:11:52,1,2412,-78,-33.429936,151.341191,17.150000,0.500000,,,WIFI
AE:8B:A9:18:11:16,"cccmusic",[WPA2_PSK],2026-08-08 08:11:52,1,2412,-79,-33.429936,151.341191,17.150000,0.500000,,,WIFI
FA:8F:CA:58:0E:C4,"Living Room TV.v,",[OPEN],2026-08-08 08:11:52,6,2437,-81,-33.429936,151.341191,17.150000,0.500000,,,WIFI
7E:8A:20:84:12:73,"Interrelate-Corp",[WPA2_PSK],2026-08-08 08:11:52,6,2437,-82,-33.429936,151.341191,17.150000,0.500000,,,WIFI
B4:63:6F:AF:36:F9,"NOKIA-36F0",[WPA2_PSK],2026-08-08 08:11:52,1,2412,-83,-33.429936,151.341191,17.150000,0.500000,,,WIFI
B4:63:6F:AD:EE:59,"NOKIA-EE50",[WPA2_PSK],2026-08-08 08:11:52,2,2417,-83,-33.429936,151.341191,17.150000,0.500000,,,WIFI
62:57:70:DC:04:62,"VodafonePocketWiFi3-04DC",[WPA2_PSK],2026-08-08 08:11:52,9,2452,-83,-33.429936,151.341191,17.150000,0.500000,,,WIFI
B4:63:6F:AE:3A:59,"NOKIA-3A50",[WPA2_PSK],2026-08-08 08:11:52,1,2412,-85,-33.429936,151.341191,17.150000,0.500000,,,WIFI
B4:63:6F:AF:10:39,"NOKIA-1030",[WPA2_PSK],2026-08-08 08:11:52,8,2447,-85,-33.429936,151.341191,17.150000,0.500000,,,WIFI
B4:63:6F:AE:51:F9,"NOKIA-51F0",[WPA2_PSK],2026-08-08 08:11:52,1,2412,-86,-33.429936,151.341191,17.150000,0.500000,,,WIFI
36:A8:F7:21:78:91,"Yoda",[WPA2_PSK],2026-08-08 08:11:52,11,2462,-87,-33.429936,151.341191,17.150000,0.500000,,,WIFI
54:07:7D:21:11:48,"NETGEAR76",[WPA2_PSK],2026-08-08 08:11:52,12,2467,-91,-33.429936,151.341191,17.150000,0.500000,,,WIFI
24:5A:4C:93:0D:64,"THN_Staff",[WPA2_PSK],2026-08-08 08:12:02,6,2437,-78,-33.429321,151.341342,14.540000,0.500000,,,WIFI
C8:99:B2:F9:A4:BA,"TelstraF9A4B6",[WPA2_WPA3_PSK],2026-08-08 08:12:02,10,2457,-79,-33.429321,151.341342,14.540000,0.500000,,,WIFI
B4:63:6F:AE:51:29,"NOKIA-5120",[WPA2_PSK],2026-08-08 08:12:02,2,2417,-82,-33.429321,151.341342,14.540000,0.500000,,,WIFI
7E:45:58:44:7D:3D,"cccmusic",[WPA2_PSK],2026-08-08 08:12:02,1,2412,-83,-33.429321,151.341342,14.540000,0.500000,,,WIFI
5C:7D:AE:EE:CC:B4,"OPTUS_ECCCB4",[WPA2_PSK],2026-08-08 08:12:02,10,2457,-83,-33.429321,151.341342,14.540000,0.500000,,,WIFI
8A:78:48:D4:79:B5,"Interrelate-Corp",[WPA2_PSK],2026-08-08 08:12:02,6,2437,-84,-33.429321,151.341342,14.540000,0.500000,,,WIFI
78:54:2E:94:6F:E8,"QU16 MIXER",[OPEN],2026-08-08 08:12:02,11,2462,-84,-33.429321,151.341342,14.540000,0.500000,,,WIFI
84:90:0A:16:7E:63,"OPTUS_167E60N",[WPA2_WPA3_PSK],2026-08-08 08:12:02,11,2462,-84,-33.429321,151.341342,14.540000,0.500000,,,WIFI
E6:CB:BC:48:00:AB,"APM-GUEST",[WPA2_PSK],2026-08-08 08:12:02,1,2412,-85,-33.429321,151.341342,14.540000,0.500000,,,WIFI
B4:63:6F:AE:01:C9,"NOKIA-01C0",[WPA2_PSK],2026-08-08 08:12:02,9,2452,-85,-33.429321,151.341342,14.540000,0.500000,,,WIFI
82:45:58:44:7D:3D,"CCCM-Guest",[WPA2_PSK],2026-08-08 08:12:02,1,2412,-86,-33.429321,151.341342,14.540000,0.500000,,,WIFI
AE:8B:A9:27:FE:F2,"CCCM-Guest",[WPA2_PSK],2026-08-08 08:12:02,1,2412,-86,-33.429321,151.341342,14.540000,0.500000,,,WIFI
BE:FB:0F:A7:27:A6,"TelstraA727A6",[WPA2_WPA3_PSK],2026-08-08 08:12:02,1,2412,-86,-33.429321,151.341342,14.540000,0.500000,,,WIFI
4E:D5:ED:E7:A8:86,"TelstraE7A886",[WPA2_WPA3_PSK],2026-08-08 08:12:02,1,2412,-86,-33.429321,151.341342,14.540000,0.500000,,,WIFI
78:45:58:44:7D:3D,"CC_Con",[WPA2_PSK],2026-08-08 08:12:02,1,2412,-87,-33.429321,151.341342,14.540000,0.500000,,,WIFI
00:25:42:E5:A1:F2,"Blackvue750GPRO-E5A1F2",[WPA2_PSK],2026-08-08 08:12:02,6,2437,-87,-33.429321,151.341342,14.540000,0.500000,,,WIFI
B4:63:6F:AE:02:39,"NOKIA-0230",[WPA2_PSK],2026-08-08 08:12:02,2,2417,-88,-33.429321,151.341342,14.540000,0.500000,,,WIFI
84:78:48:D4:79:B5,"Interrelate-Guest",[WPA2_PSK],2026-08-08 08:12:02,6,2437,-88,-33.429321,151.341342,14.540000,0.500000,,,WIFI
B4:63:6F:AF:11:89,"NOKIA-1180",[WPA2_PSK],2026-08-08 08:12:02,11,2462,-88,-33.429321,151.341342,14.540000,0.500000,,,WIFI
0E:36:C9:17:07:3A,"ORBI30",[WPA2_PSK],2026-08-08 08:12:02,13,2472,-88,-33.429321,151.341342,14.540000,0.500000,,,WIFI
FA:8F:CA:73:E1:A3,"Office speaker.k,",[OPEN],2026-08-08 08:12:02,6,2437,-89,-33.429321,151.341342,14.540000,0.500000,,,WIFI
B4:63:6F:AF:52:29,"NOKIA-5220",[WPA2_PSK],2026-08-08 08:12:02,10,2457,-89,-33.429321,151.341342,14.540000,0.500000,,,WIFI
B4:63:6F:AF:27:F9,"NOKIA-27F0",[WPA2_PSK],2026-08-08 08:12:02,10,2457,-89,-33.429321,151.341342,14.540000,0.500000,,,WIFI
AE:8B:A9:17:FE:F2,"cccmusic",[WPA2_PSK],2026-08-08 08:12:02,1,2412,-90,-33.429321,151.341342,14.540000,0.500000,,,WIFI
BC:30:D9:FC:DF:08,"TelstraFCDF06",[WPA2_PSK],2026-08-08 08:12:02,9,2452,-90,-33.429321,151.341342,14.540000,0.500000,,,WIFI
B0:39:56:3E:3F:51,"Telstra0B61",[WPA2_PSK],2026-08-08 08:12:11,6,2437,-67,-33.429014,151.341361,10.530000,0.500000,,,WIFI
CC:29:BD:DC:E3:33,"YMC-2.4",[WPA2_PSK],2026-08-08 08:12:11,3,2422,-71,-33.429014,151.341361,10.530000,0.500000,,,WIFI
7C:5A:1C:04:7F:1F,"CC_Con",[WPA2_PSK],2026-08-08 08:12:11,1,2412,-77,-33.429014,151.341361,10.530000,0.500000,,,WIFI
76:5A:B0:A0:1D:4B,"WiFi-A01D4A",[WPA2_PSK],2026-08-08 08:12:11,4,2427,-78,-33.429014,151.341361,10.530000,0.500000,,,WIFI
32:39:F9:33:35:C6,"Telstra3335C6",[WPA2_WPA3_PSK],2026-08-08 08:12:11,6,2437,-78,-33.429014,151.341361,10.530000,0.500000,,,WIFI
18:82:8C:CF:14:15,"TelstraCF1413",[WPA2_PSK],2026-08-08 08:12:11,12,2467,-79,-33.429014,151.341361,10.530000,0.500000,,,WIFI
68:D7:9A:5B:9D:5E,"4B Media STAFF",[WPA2_PSK],2026-08-08 08:12:11,1,2412,-82,-33.429014,151.341361,10.530000,0.500000,,,WIFI
36:87:BA:B8:25:E4,"WiFi-B825E3",[WPA2_PSK],2026-08-08 08:12:11,3,2422,-84,-33.429014,151.341361,10.530000,0.500000,,,WIFI
76:29:AF:6F:90:9A,"DIRECT-z2MFC-L2720DW",[WPA2_PSK],2026-08-08 08:12:11,6,2437,-84,-33.429014,151.341361,10.530000,0.500000,,,WIFI
BC:30:D9:EA:68:19,"TelstraEA6817",[WPA2_PSK],2026-08-08 08:12:11,11,2462,-84,-33.429014,151.341361,10.530000,0.500000,,,WIFI
88:9E:96:86:69:0D,"OPTUS_84690D",[WPA2_PSK],2026-08-08 08:12:11,10,2457,-87,-33.429014,151.341361,10.530000,0.500000,,,WIFI
30:68:93:F9:7E:ED,"TP-Link_7EED",[WPA2_PSK],2026-08-08 08:12:11,10,2457,-87,-33.429014,151.341361,10.530000,0.500000,,,WIFI
6E:D7:9A:5B:C3:9E,"4B Media STAFF",[WPA2_PSK],2026-08-08 08:12:11,6,2437,-88,-33.429014,151.341361,10.530000,0.500000,,,WIFI
60:DE:F3:8B:E2:B0,"WirelessNet",[WPA_WPA2_PSK],2026-08-08 08:12:11,11,2462,-88,-33.429014,151.341361,10.530000,0.500000,,,WIFI
78:8C:B5:2D:2E:6C,"INDIRQ",[WPA2_PSK],2026-08-08 08:12:11,3,2422,-89,-33.429014,151.341361,10.530000,0.500000,,,WIFI
14:36:0E:F7:9B:CD,"OPTUS_F79BCCL",[WPA2_WPA3_PSK],2026-08-08 08:12:11,6,2437,-89,-33.429014,151.341361,10.530000,0.500000,,,WIFI
04:B0:E7:78:7A:10,"WirelessNet",[WPA_WPA2_PSK],2026-08-08 08:12:11,9,2452,-89,-33.429014,151.341361,10.530000,0.500000,,,WIFI
AC:B6:87:F2:4B:EB,"OPTUS_F24BE8N",[WPA2_WPA3_PSK],2026-08-08 08:12:11,6,2437,-90,-33.429014,151.341361,10.530000,0.500000,,,WIFI
A4:91:B1:E4:08:BB,"TelstraE408BB",[WPA2_PSK],2026-08-08 08:12:11,8,2447,-90,-33.429014,151.341361,10.530000,0.500000,,,WIFI
A8:A2:37:F7:A6:CB,"TelstraF7A6C9",[WPA2_WPA3_PSK],2026-08-08 08:12:11,13,2472,-90,-33.429014,151.341361,10.530000,0.500000,,,WIFI
28:80:23:EE:34:46,"HP-Print-46-ENVY 4500 series",[OPEN],2026-08-08 08:12:11,8,2447,-91,-33.429014,151.341361,10.530000,0.500000,,,WIFI
18:69:45:25:3F:06,"rft1",[WPA2_PSK],2026-08-08 08:12:11,11,2462,-92,-33.429014,151.341361,10.530000,0.500000,,,WIFI
88:67:46:4F:6E:E6,"Elefanteii",[WPA2_PSK],2026-08-08 08:12:20,11,2462,-67,-33.428523,151.341443,12.680000,0.500000,,,WIFI
94:18:65:C8:DC:80,"Telstra70E7",[WPA2_PSK],2026-08-08 08:12:20,1,2412,-75,-33.428523,151.341443,12.680000,0.500000,,,WIFI
AC:15:A2:B6:26:0B,"TP-Link_260B",[WPA2_PSK],2026-08-08 08:12:20,5,2432,-77,-33.428523,151.341443,12.680000,0.500000,,,WIFI
D0:17:C2:E0:CD:40,"GNET.0006",[WPA2_PSK],2026-08-08 08:12:20,4,2427,-78,-33.428523,151.341443,12.680000,0.500000,,,WIFI
2E:DE:4B:D6:E9:58,"WiFi-D6E95F",[WPA2_PSK],2026-08-08 08:12:20,3,2422,-81,-33.428523,151.341443,12.680000,0.500000,,,WIFI
0C:9D:92:B9:DC:10,"NCM_10_2G",[WPA2_PSK],2026-08-08 08:12:20,1,2412,-84,-33.428523,151.341443,12.680000,0.500000,,,WIFI
D8:3B:DA:6E:3B:79,"TLCWIFI_D8:3B:DA:6E:3B:78",[WPA_WPA2_PSK],2026-08-08 08:12:20,1,2412,-84,-33.428523,151.341443,12.680000,0.500000,,,WIFI
D0:6F:82:15:FA:E0,"DODO-FADA",[WPA_WPA2_PSK],2026-08-08 08:12:20,2,2417,-85,-33.428523,151.341443,12.680000,0.500000,,,WIFI
3C:15:FB:CE:C7:CC,"WirelessNet",[WPA_WPA2_PSK],2026-08-08 08:12:20,2,2417,-85,-33.428523,151.341443,12.680000,0.500000,,,WIFI
C8:91:F9:B7:C8:20,"OPTUS_B7C81F",[WPA_WPA2_PSK],2026-08-08 08:12:20,1,2412,-87,-33.428523,151.341443,12.680000,0.500000,,,WIFI
B0:41:1D:52:F6:5D,"lumen52F65D",[WPA2_PSK],2026-08-08 08:12:20,1,2412,-88,-33.428523,151.341443,12.680000,0.500000,,,WIFI
E8:48:B8:7F:DF:6E,"TP-Link_DF6E",[WPA2_PSK],2026-08-08 08:12:20,2,2417,-88,-33.428523,151.341443,12.680000,0.500000,,,WIFI
AC:8B:A9:38:11:16,"CC_Con",[WPA2_PSK],2026-08-08 08:12:20,1,2412,-89,-33.428523,151.341443,12.680000,0.500000,,,WIFI
B6:63:6F:9E:20:B9,"@Home",[WPA2_PSK],2026-08-08 08:12:20,3,2422,-89,-33.428523,151.341443,12.680000,0.500000,,,WIFI
7C:5A:1C:04:7F:1F,"CC_Con",[WPA2_PSK],2026-08-08 08:12:20,1,2412,-90,-33.428523,151.341443,12.680000,0.500000,,,WIFI
5A:07:7D:25:6C:12,"ORBI05",[WPA2_PSK],2026-08-08 08:12:20,3,2422,-90,-33.428523,151.341443,12.680000,0.500000,,,WIFI
B4:63:6F:AF:4F:49,"NOKIA-4F40",[WPA2_PSK],2026-08-08 08:12:20,2,2417,-91,-33.428523,151.341443,12.680000,0.500000,,,WIFI
B0:41:1D:52:F6:5D,"lumen52F65D",[WPA2_PSK],2026-08-08 08:12:29,1,2412,-71,-33.427970,151.341583,15.850000,0.500000,,,WIFI
C8:91:F9:B7:C8:20,"OPTUS_B7C81F",[WPA_WPA2_PSK],2026-08-08 08:12:29,1,2412,-72,-33.427970,151.341583,15.850000,0.500000,,,WIFI
0C:9D:92:B9:DC:10,"NCM_10_2G",[WPA2_PSK],2026-08-08 08:12:29,1,2412,-73,-33.427970,151.341583,15.850000,0.500000,,,WIFI
E4:55:A8:80:7B:E7,"LWB_WIFI",[WPA2_ENTERPRISE],2026-08-08 08:12:29,1,2412,-73,-33.427970,151.341583,15.850000,0.500000,,,WIFI
E2:55:A8:80:7B:E7,"GUEST_WIFI",[OPEN],2026-08-08 08:12:29,1,2412,-74,-33.427970,151.341583,15.850000,0.500000,,,WIFI
EE:55:A8:80:7B:E7,"LWB_Partners",[OPEN],2026-08-08 08:12:29,1,2412,-74,-33.427970,151.341583,15.850000,0.500000,,,WIFI
94:18:65:C8:DC:80,"Telstra70E7",[WPA2_PSK],2026-08-08 08:12:29,1,2412,-78,-33.427970,151.341583,15.850000,0.500000,,,WIFI
EA:55:A8:80:7B:E7,"LWB_Prov",[WPA_WPA2_PSK],2026-08-08 08:12:29,1,2412,-78,-33.427970,151.341583,15.850000,0.500000,,,WIFI
64:66:24:17:5A:89,"Belong175A83",[WPA2_PSK],2026-08-08 08:12:29,1,2412,-79,-33.427970,151.341583,15.850000,0.500000,,,WIFI
A4:91:B1:A1:29:93,"iiNetA12993",[WPA2_PSK],2026-08-08 08:12:29,1,2412,-81,-33.427970,151.341583,15.850000,0.500000,,,WIFI
86:78:48:94:3D:A2,"TheFoundryCowork101",[WPA2_PSK],2026-08-08 08:12:29,1,2412,-83,-33.427970,151.341583,15.850000,0.500000,,,WIFI
B4:63:6F:AD:DF:89,"NOKIA-DF80",[WPA2_PSK],2026-08-08 08:12:29,1,2412,-85,-33.427970,151.341583,15.850000,0.500000,,,WIFI
D8:B3:70:F5:43:B5,"Aussie Gosford",[WPA2_PSK],2026-08-08 08:12:38,6,2437,-66,-33.427482,151.341686,13.430000,0.500000,,,WIFI
A8:A2:37:F7:FB:08,"TelstraF7FB06",[WPA_WPA2_PSK],2026-08-08 08:12:38,12,2467,-70,-33.427482,151.341686,13.430000,0.500000,,,WIFI
EA:38:83:26:C7:87,"Atom Guest",[WPA2_PSK],2026-08-08 08:12:38,11,2462,-71,-33.427482,151.341686,13.430000,0.500000,,,WIFI
56:3D:D1:1C:7E:12,"WiFi-1C7E11",[WPA2_PSK],2026-08-08 08:12:38,3,2422,-72,-33.427482,151.341686,13.430000,0.500000,,,WIFI
02:18:4A:5D:33:65,"Free Telstra Wi-Fi",[OPEN],2026-08-08 08:12:38,6,2437,-72,-33.427482,151.341686,13.430000,0.500000,,,WIFI
D0:DB:B7:54:7E:D0,"NetComm 6107",[WPA2_PSK],2026-08-08 08:12:38,5,2432,-74,-33.427482,151.341686,13.430000,0.500000,,,WIFI
0C:EA:14:2E:DB:5E,"Indie",[WPA2_PSK],2026-08-08 08:12:38,6,2437,-74,-33.427482,151.341686,13.430000,0.500000,,,WIFI
E4:38:83:26:C7:87,"Atom",[WPA2_PSK],2026-08-08 08:12:38,11,2462,-74,-33.427482,151.341686,13.430000,0.500000,,,WIFI
8A:77:79:7C:E4:4C,"TheGoodBitsCUSTOMER",[WPA2_WPA3_PSK],2026-08-08 08:12:38,1,2412,-77,-33.427482,151.341686,13.430000,0.500000,,,WIFI
8C:77:79:7C:E4:4B,"TheGoodBitsSTAFF",[WPA2_WPA3_PSK],2026-08-08 08:12:38,1,2412,-79,-33.427482,151.341686,13.430000,0.500000,,,WIFI
08:3E:5D:16:D9:0F,"Telstra16D909",[WPA2_PSK],2026-08-08 08:12:38,3,2422,-80,-33.427482,151.341686,13.430000,0.500000,,,WIFI
AE:9C:6C:4E:9B:DD,"C-Cubed Cowork",[WPA2_WPA3_PSK],2026-08-08 08:12:38,1,2412,-81,-33.427482,151.341686,13.430000,0.500000,,,WIFI
AE:9C:6C:4E:86:A5,"C-Cubed Cowork",[WPA2_WPA3_PSK],2026-08-08 08:12:38,1,2412,-82,-33.427482,151.341686,13.430000,0.500000,,,WIFI
D4:35:1D:B9:E8:0E,"TelstraB9E80E",[WPA2_PSK],2026-08-08 08:12:38,8,2447,-84,-33.427482,151.341686,13.430000,0.500000,,,WIFI
0C:EA:14:2E:BF:D6,"Indie",[WPA2_PSK],2026-08-08 08:12:38,11,2462,-84,-33.427482,151.341686,13.430000,0.500000,,,WIFI
B4:63:6F:AE:51:09,"NOKIA-5100",[WPA2_PSK],2026-08-08 08:12:38,1,2412,-85,-33.427482,151.341686,13.430000,0.500000,,,WIFI
B4:63:6F:AE:37:E9,"NOKIA-37E0",[WPA_WPA2_PSK],2026-08-08 08:12:38,1,2412,-86,-33.427482,151.341686,13.430000,0.500000,,,WIFI
08:36:C9:01:51:B5,"PJDONNELLAN",[WPA2_PSK],2026-08-08 08:12:38,6,2437,-86,-33.427482,151.341686,13.430000,0.500000,,,WIFI
84:A9:C4:4F:6D:40,"WirelessNet",[WPA_WPA2_PSK],2026-08-08 08:12:38,11,2462,-86,-33.427482,151.341686,13.430000,0.500000,,,WIFI
32:39:F9:33:35:C6,"Telstra3335C6",[WPA2_WPA3_PSK],2026-08-08 08:12:38,6,2437,-87,-33.427482,151.341686,13.430000,0.500000,,,WIFI
02:18:4A:5D:9E:05,"Free Telstra Wi-Fi",[OPEN],2026-08-08 08:12:38,11,2462,-87,-33.427482,151.341686,13.430000,0.500000,,,WIFI
58:F9:87:32:FA:3C,"WirelessNet",[WPA_WPA2_PSK],2026-08-08 08:12:38,1,2412,-88,-33.427482,151.341686,13.430000,0.500000,,,WIFI
B4:63:6F:AE:01:F9,"NOKIA-01F0",[WPA2_PSK],2026-08-08 08:12:38,2,2417,-88,-33.427482,151.341686,13.430000,0.500000,,,WIFI
B4:63:6F:AE:51:29,"NOKIA-5120",[WPA2_PSK],2026-08-08 08:12:38,2,2417,-88,-33.427482,151.341686,13.430000,0.500000,,,WIFI
AC:B6:87:F2:4B:EB,"OPTUS_F24BE8N",[WPA2_WPA3_PSK],2026-08-08 08:12:38,6,2437,-88,-33.427482,151.341686,13.430000,0.500000,,,WIFI
64:FD:96:C4:0B:F4,"Optus_C40BF2",[WPA2_PSK],2026-08-08 08:12:38,11,2462,-88,-33.427482,151.341686,13.430000,0.500000,,,WIFI
74:83:C2:C1:86:C5,"TALK_Staff",[WPA2_PSK],2026-08-08 08:12:38,13,2472,-88,-33.427482,151.341686,13.430000,0.500000,,,WIFI
AA:08:8C:B0:4F:50,"Nigel's A15",[WPA2_PSK],2026-08-08 08:12:38,6,2437,-89,-33.427482,151.341686,13.430000,0.500000,,,WIFI
74:08:DE:0F:26:08,"ING2.4G_25BSKD089521",[WPA2_PSK],2026-08-08 08:12:38,11,2462,-89,-33.427482,151.341686,13.430000,0.500000,,,WIFI
CC:40:D0:64:72:CE,"NETGEAR96",[WPA2_PSK],2026-08-08 08:12:38,11,2462,-89,-33.427482,151.341686,13.430000,0.500000,,,WIFI
1E:0C:6B:57:28:39,"ORBI75-IoT",[WPA2_PSK],2026-08-08 08:12:38,6,2437,-90,-33.427482,151.341686,13.430000,0.500000,,,WIFI
78:8A:20:5D:F1:4C,"4B Media STAFF",[WPA2_PSK],2026-08-08 08:12:38,6,2437,-91,-33.427482,151.341686,13.430000,0.500000,,,WIFI
32:68:93:2F:A0:21,"135mannstreet",[WPA2_PSK],2026-08-08 08:12:38,6,2437,-91,-33.427482,151.341686,13.430000,0.500000,,,WIFI
B4:63:6F:AE:4D:E9,"NOKIA-4DE0",[WPA2_PSK],2026-08-08 08:12:38,11,2462,-91,-33.427482,151.341686,13.430000,0.500000,,,WIFI
C4:9A:31:0B:16:31,"Telstra0B1630",[WPA2_WPA3_PSK],2026-08-08 08:12:45,4,2427,-71,-33.427203,151.341724,14.020000,0.500000,,,WIFI
E4:55:A8:B4:12:3E,"IHGWiFi.com",[OPEN],2026-08-08 08:12:45,11,2462,-71,-33.427203,151.341724,14.020000,0.500000,,,WIFI
EA:55:A8:B4:12:3E,"IHG_Admin",[WPA2_PSK],2026-08-08 08:12:45,11,2462,-71,-33.427203,151.341724,14.020000,0.500000,,,WIFI
C6:55:A8:B4:12:3E,"Archies & Paolos",[WPA2_PSK],2026-08-08 08:12:45,11,2462,-71,-33.427203,151.341724,14.020000,0.500000,,,WIFI
E2:55:A8:B4:12:3E,"IHG_GRMS",[WPA2_PSK],2026-08-08 08:12:45,11,2462,-72,-33.427203,151.341724,14.020000,0.500000,,,WIFI
F6:55:A8:B4:12:3E,"IHG_POS",[WPA2_PSK],2026-08-08 08:12:45,11,2462,-72,-33.427203,151.341724,14.020000,0.500000,,,WIFI
F2:55:A8:B4:12:3E,"IHG_PBX",[WPA2_PSK],2026-08-08 08:12:45,11,2462,-72,-33.427203,151.341724,14.020000,0.500000,,,WIFI
DE:55:A8:B4:12:3E,"Wi-Fi Auto Connect",[WPA2_ENTERPRISE],2026-08-08 08:12:45,11,2462,-72,-33.427203,151.341724,14.020000,0.500000,,,WIFI
32:68:93:2F:A0:24,"135gosford",[WPA2_PSK],2026-08-08 08:12:45,6,2437,-77,-33.427203,151.341724,14.020000,0.500000,,,WIFI
00:31:92:D4:C8:9A,"TP-Link_C89A",[WPA_WPA2_PSK],2026-08-08 08:12:45,5,2432,-80,-33.427203,151.341724,14.020000,0.500000,,,WIFI
D8:3B:DA:6E:3B:79,"TLCWIFI_D8:3B:DA:6E:3B:78",[WPA_WPA2_PSK],2026-08-08 08:12:45,1,2412,-81,-33.427203,151.341724,14.020000,0.500000,,,WIFI
4E:D5:ED:E7:A8:86,"TelstraE7A886",[WPA2_WPA3_PSK],2026-08-08 08:12:45,1,2412,-82,-33.427203,151.341724,14.020000,0.500000,,,WIFI
34:19:4D:03:DF:4E,"Telstra03DF4A",[WPA2_WPA3_PSK],2026-08-08 08:12:45,4,2427,-82,-33.427203,151.341724,14.020000,0.500000,,,WIFI
E4:C3:2A:EC:C9:5E,"Novus College",[WPA2_PSK],2026-08-08 08:12:45,2,2417,-83,-33.427203,151.341724,14.020000,0.500000,,,WIFI
98:25:4A:F1:87:23,"RW Gosford",[WPA2_PSK],2026-08-08 08:12:45,3,2422,-84,-33.427203,151.341724,14.020000,0.500000,,,WIFI
0C:EA:14:2E:E4:F6,"Indie",[WPA2_PSK],2026-08-08 08:12:45,1,2412,-85,-33.427203,151.341724,14.020000,0.500000,,,WIFI
D0:DB:B7:94:C2:EC,"NetComm 3429",[WPA2_WPA3_PSK],2026-08-08 08:12:45,1,2412,-85,-33.427203,151.341724,14.020000,0.500000,,,WIFI
30:3A:4A:2A:35:8B,"SophicWellness Guest",[WPA2_PSK],2026-08-08 08:12:45,6,2437,-85,-33.427203,151.341724,14.020000,0.500000,,,WIFI
30:68:93:F9:7E:ED,"TP-Link_7EED",[WPA2_PSK],2026-08-08 08:12:45,10,2457,-85,-33.427203,151.341724,14.020000,0.500000,,,WIFI
08:3A:2F:9A:54:C2,"NVR083a2f9a54c2",[WPA2_PSK],2026-08-08 08:12:45,13,2472,-85,-33.427203,151.341724,14.020000,0.500000,,,WIFI
B4:63:6F:AE:20:B9,"NOKIA-20B0",[WPA2_PSK],2026-08-08 08:12:45,3,2422,-86,-33.427203,151.341724,14.020000,0.500000,,,WIFI
10:D7:B0:9F:00:11,"Optus_9F000F",[WPA2_PSK],2026-08-08 08:12:45,1,2412,-87,-33.427203,151.341724,14.020000,0.500000,,,WIFI
B4:63:6F:AD:D5:19,"NOKIA-D510",[WPA2_PSK],2026-08-08 08:12:45,2,2417,-87,-33.427203,151.341724,14.020000,0.500000,,,WIFI
34:98:B5:D4:D0:17,"SA",[WPA2_PSK],2026-08-08 08:12:45,8,2447,-87,-33.427203,151.341724,14.020000,0.500000,,,WIFI
B4:63:6F:AE:0A:F9,"NOKIA-0AF0",[WPA2_PSK],2026-08-08 08:12:45,8,2447,-87,-33.427203,151.341724,14.020000,0.500000,,,WIFI
A0:A3:3B:B9:0F:D4,"WirelessNet",[WPA_WPA2_PSK],2026-08-08 08:12:45,10,2457,-87,-33.427203,151.341724,14.020000,0.500000,,,WIFI
F4:4C:7F:BF:6D:50,"WirelessNet",[WPA_WPA2_PSK],2026-08-08 08:12:45,1,2412,-88,-33.427203,151.341724,14.020000,0.500000,,,WIFI
A0:21:B7:7F:E3:40,"Shop 3",[WPA2_PSK],2026-08-08 08:12:45,6,2437,-88,-33.427203,151.341724,14.020000,0.500000,,,WIFI
B4:63:6F:AD:D4:A9,"NOKIA-D4A0",[WPA2_PSK],2026-08-08 08:12:45,11,2462,-88,-33.427203,151.341724,14.020000,0.500000,,,WIFI
3C:15:FB:CE:C7:CC,"WirelessNet",[WPA_WPA2_PSK],2026-08-08 08:12:45,2,2417,-90,-33.427203,151.341724,14.020000,0.500000,,,WIFI
2C:30:33:13:84:51,"Telstra191B",[WPA2_PSK],2026-08-08 08:12:45,6,2437,-90,-33.427203,151.341724,14.020000,0.500000,,,WIFI
A4:2B:8C:E4:17:CC,"Telstra18A6",[WPA2_PSK],2026-08-08 08:12:45,6,2437,-90,-33.427203,151.341724,14.020000,0.500000,,,WIFI
98:48:27:2B:D9:32,"Telecom",[WPA_WPA2_PSK],2026-08-08 08:12:45,1,2412,-91,-33.427203,151.341724,14.020000,0.500000,,,WIFI
34:6B:46:A5:66:C6,"Crystal beautique",[WPA2_PSK],2026-08-08 08:12:45,1,2412,-91,-33.427203,151.341724,14.020000,0.500000,,,WIFI
C4:EA:1D:44:AC:81,"officeWiFi",[WPA2_PSK],2026-08-08 08:12:45,6,2437,-91,-33.427203,151.341724,14.020000,0.500000,,,WIFI
B4:63:6F:AD:FF:59,"NOKIA-FF50",[WPA2_PSK],2026-08-08 08:12:45,3,2422,-92,-33.427203,151.341724,14.020000,0.500000,,,WIFI
B4:63:6F:AF:26:F9,"NOKIA-26F0",[WPA2_PSK],2026-08-08 08:12:45,8,2447,-92,-33.427203,151.341724,14.020000,0.500000,,,WIFI
78:8C:B5:2D:2E:6C,"INDIRQ",[WPA2_PSK],2026-08-08 08:12:45,3,2422,-93,-33.427203,151.341724,14.020000,0.500000,,,WIFI
A8:A2:37:F8:13:D1,"TelstraF813CF",[WPA2_WPA3_PSK],2026-08-08 08:12:45,7,2442,-93,-33.427203,151.341724,14.020000,0.500000,,,WIFI
14:59:C0:CD:7F:2E,"NaughtyNoodleTech",[WPA2_PSK],2026-08-08 08:12:45,12,2467,-94,-33.427203,151.341724,14.020000,0.500000,,,WIFI
DA:D8:E5:54:DE:0F,"Telstra54DE07",[WPA2_PSK],2026-08-08 08:12:54,1,2412,-78,-33.426744,151.341849,16.820000,0.500000,,,WIFI
40:E3:D6:AD:F3:24,"LEXMARK",[WPA2_PSK],2026-08-08 08:12:54,1,2412,-86,-33.426744,151.341849,16.820000,0.500000,,,WIFI
40:E3:D6:AD:F3:22,"PLAYCOM",[WPA2_PSK],2026-08-08 08:12:54,1,2412,-87,-33.426744,151.341849,16.820000,0.500000,,,WIFI
16:18:0A:04:FB:26,"Free Telstra Wi-Fi",[OPEN],2026-08-08 08:12:54,1,2412,-88,-33.426744,151.341849,16.820000,0.500000,,,WIFI
40:E3:D6:AD:F3:23,"PROMO",[WPA2_PSK],2026-08-08 08:12:54,1,2412,-89,-33.426744,151.341849,16.820000,0.500000,,,WIFI
BC:07:1D:39:99:F6,"Funhaus Factory",[WPA2_PSK],2026-08-08 08:13:04,9,2452,-68,-33.426413,151.341866,15.210000,0.500000,,,WIFI
20:3A:EB:B3:EE:B6,"Wi-Fi B3EEB6 2.4G",[WPA2_PSK],2026-08-08 08:13:04,9,2452,-71,-33.426413,151.341866,15.210000,0.500000,,,WIFI
C2:07:1D:39:99:F6,"YesOptusfunhaus",[WPA2_PSK],2026-08-08 08:13:04,9,2452,-71,-33.426413,151.341866,15.210000,0.500000,,,WIFI
00:25:42:E9:51:C6,"Blackvue750XPlus-E951C6",[WPA2_PSK],2026-08-08 08:13:04,6,2437,-75,-33.426413,151.341866,15.210000,0.500000,,,WIFI
02:E2:C6:F0:C2:20,"Raine & Horne Gosford IOT",[WPA2_PSK],2026-08-08 08:13:04,6,2437,-76,-33.426413,151.341866,15.210000,0.500000,,,WIFI
F4:E2:C6:F0:C2:20,"Raine & Horne Gosford Guest",[WPA2_PSK],2026-08-08 08:13:04,6,2437,-77,-33.426413,151.341866,15.210000,0.500000,,,WIFI
32:3C:20:29:E2:76,"Telstra29E276",[WPA2_WPA3_PSK],2026-08-08 08:13:04,1,2412,-78,-33.426413,151.341866,15.210000,0.500000,,,WIFI
FE:E2:C6:F0:C2:20,"Gosford Real Estate",[UNKNOWN],2026-08-08 08:13:04,6,2437,-79,-33.426413,151.341866,15.210000,0.500000,,,WIFI
4E:D5:ED:8C:6D:46,"Telstra8C6D46",[WPA2_WPA3_PSK],2026-08-08 08:13:04,5,2432,-81,-33.426413,151.341866,15.210000,0.500000,,,WIFI
FA:E2:C6:F0:C2:20,"Raine & Horne Gosford",[WPA2_PSK],2026-08-08 08:13:04,6,2437,-81,-33.426413,151.341866,15.210000,0.500000,,,WIFI
7C:B6:8D:06:F5:11,"vifi",[WPA2_WPA3_PSK],2026-08-08 08:13:04,6,2437,-82,-33.426413,151.341866,15.210000,0.500000,,,WIFI
7C:B6:8D:06:F5:12,"Vifi_Ent",[UNKNOWN],2026-08-08 08:13:04,6,2437,-82,-33.426413,151.341866,15.210000,0.500000,,,WIFI
34:19:4D:02:DE:C8,"Telstra02DEC4",[WPA2_WPA3_PSK],2026-08-08 08:13:04,4,2427,-83,-33.426413,151.341866,15.210000,0.500000,,,WIFI
34:19:4D:04:DE:7E,"Telstra04DE7A",[WPA2_WPA3_PSK],2026-08-08 08:13:04,4,2427,-83,-33.426413,151.341866,15.210000,0.500000,,,WIFI
E0:D3:62:B0:9F:16,"PS2",[WPA2_PSK],2026-08-08 08:13:04,5,2432,-83,-33.426413,151.341866,15.210000,0.500000,,,WIFI
BC:07:1D:39:99:A6,"Funhaus Factory",[WPA2_PSK],2026-08-08 08:13:04,9,2452,-83,-33.426413,151.341866,15.210000,0.500000,,,WIFI
C2:07:1D:39:99:A6,"YesOptusfunhaus",[WPA2_PSK],2026-08-08 08:13:04,9,2452,-83,-33.426413,151.341866,15.210000,0.500000,,,WIFI
C8:99:B2:FB:F9:90,"TelstraFBF98C",[WPA2_WPA3_PSK],2026-08-08 08:13:04,5,2432,-85,-33.426413,151.341866,15.210000,0.500000,,,WIFI
F2:29:0D:00:8F:0E,"SundaiStudio",[WPA2_PSK],2026-08-08 08:13:04,9,2452,-85,-33.426413,151.341866,15.210000,0.500000,,,WIFI
08:36:C9:02:78:09,"Telstra3D73",[WPA2_PSK],2026-08-08 08:13:04,11,2462,-85,-33.426413,151.341866,15.210000,0.500000,,,WIFI
98:25:4A:2D:DD:D0,"LJHGosford",[WPA_WPA2_PSK],2026-08-08 08:13:04,11,2462,-85,-33.426413,151.341866,15.210000,0.500000,,,WIFI
94:18:65:C7:63:D8,"Telstra257D",[WPA2_PSK],2026-08-08 08:13:04,11,2462,-88,-33.426413,151.341866,15.210000,0.500000,,,WIFI
DC:D8:7B:24:37:18,"QWRT_243718_2.4G",[WPA_WPA2_PSK],2026-08-08 08:13:04,1,2412,-89,-33.426413,151.341866,15.210000,0.500000,,,WIFI
6C:CD:D6:CB:FA:7D,"Telstra3705",[WPA2_PSK],2026-08-08 08:13:04,11,2462,-89,-33.426413,151.341866,15.210000,0.500000,,,WIFI
FA:8F:CA:8F:C7:8C,"Family room speaker.ynm,",[OPEN],2026-08-08 08:13:04,6,2437,-91,-33.426413,151.341866,15.210000,0.500000,,,WIFI
A6:36:C7:4F:1E:1B,"[LG_Wall-Mount A/C]1e1b",[WPA2_PSK],2026-08-08 08:13:04,11,2462,-91,-33.426413,151.341866,15.210000,0.500000,,,WIFI
44:E9:DD:A2:E6:73,"OPTUS_A2E672",[WPA_WPA2_PSK],2026-08-08 08:13:12,1,2412,-72,-33.426172,151.341913,12.630000,0.600000,,,WIFI
7C:8B:CA:47:87:AB,"TP-LINK_87AC",[WPA2_PSK],2026-08-08 08:13:12,1,2412,-74,-33.426172,151.341913,12.630000,0.600000,,,WIFI
80:AF:9F:2D:D0:C6,"DASH - Internal",[WPA2_PSK],2026-08-08 08:13:12,1,2412,-74,-33.426172,151.341913,12.630000,0.600000,,,WIFI
E4:C3:2A:EC:C8:7E,"Novus College",[WPA2_PSK],2026-08-08 08:13:12,2,2417,-75,-33.426172,151.341913,12.630000,0.600000,,,WIFI
5C:E9:31:16:61:84,"TP-Link_6184",[WPA2_PSK],2026-08-08 08:13:12,3,2422,-76,-33.426172,151.341913,12.630000,0.600000,,,WIFI
F2:29:0D:00:52:42,"SundaiStudio",[WPA2_PSK],2026-08-08 08:13:12,9,2452,-76,-33.426172,151.341913,12.630000,0.600000,,,WIFI
5C:62:8B:27:5F:0B,"FNV-IT",[WPA2_PSK],2026-08-08 08:13:12,9,2452,-80,-33.426172,151.341913,12.630000,0.600000,,,WIFI
E8:6E:44:1F:DF:F8,"eHair",[WPA2_PSK],2026-08-08 08:13:12,6,2437,-81,-33.426172,151.341913,12.630000,0.600000,,,WIFI
30:1F:48:1C:8A:88,"Wi-Fi 1C8A88 2.4G",[WPA2_PSK],2026-08-08 08:13:12,8,2447,-81,-33.426172,151.341913,12.630000,0.600000,,,WIFI
40:ED:00:E0:57:FE,"OneBlink",[WPA2_PSK],2026-08-08 08:13:12,10,2457,-81,-33.426172,151.341913,12.630000,0.600000,,,WIFI
E0:D3:62:B0:9E:EA,"PS2",[WPA2_PSK],2026-08-08 08:13:12,10,2457,-81,-33.426172,151.341913,12.630000,0.600000,,,WIFI
B4:FB:E4:8B:2D:F9,"Railway Hotel",[WPA2_PSK],2026-08-08 08:13:12,1,2412,-82,-33.426172,151.341913,12.630000,0.600000,,,WIFI
B4:63:6F:AE:3E:49,"NOKIA-3E40",[WPA2_PSK],2026-08-08 08:13:12,5,2432,-82,-33.426172,151.341913,12.630000,0.600000,,,WIFI
B4:63:6F:AF:4B:A9,"NOKIA-4BA0",[WPA2_PSK],2026-08-08 08:13:12,10,2457,-82,-33.426172,151.341913,12.630000,0.600000,,,WIFI
76:AC:B9:1A:93:4A,"Raine & Horne Gosford",[WPA2_PSK],2026-08-08 08:13:12,11,2462,-82,-33.426172,151.341913,12.630000,0.600000,,,WIFI
28:B4:48:1D:09:28,"WirelessNet",[WPA_WPA2_PSK],2026-08-08 08:13:12,9,2452,-83,-33.426172,151.341913,12.630000,0.600000,,,WIFI
9E:A2:F4:A2:FA:32,"GFD-Internal",[WPA2_PSK],2026-08-08 08:13:12,10,2457,-83,-33.426172,151.341913,12.630000,0.600000,,,WIFI
74:AC:B9:5A:93:4A,"Raine & Horne Gosford Guest",[WPA2_PSK],2026-08-08 08:13:12,11,2462,-83,-33.426172,151.341913,12.630000,0.600000,,,WIFI
60:83:E7:41:D8:EC,"MapoBBQ",[WPA2_PSK],2026-08-08 08:13:12,2,2417,-84,-33.426172,151.341913,12.630000,0.600000,,,WIFI
B4:63:6F:AF:3D:19,"Wayne",[WPA2_PSK],2026-08-08 08:13:12,8,2447,-84,-33.426172,151.341913,12.630000,0.600000,,,WIFI
08:3A:2F:4C:39:D0,"NVR083a2f4c39d0",[WPA2_PSK],2026-08-08 08:13:12,9,2452,-84,-33.426172,151.341913,12.630000,0.600000,,,WIFI
D4:35:1D:BC:8B:DC,"TelstraBC8BDC",[WPA2_PSK],2026-08-08 08:13:12,12,2467,-84,-33.426172,151.341913,12.630000,0.600000,,,WIFI
B4:63:6F:AE:04:69,"NOKIA-0460",[WPA2_PSK],2026-08-08 08:13:12,5,2432,-85,-33.426172,151.341913,12.630000,0.600000,,,WIFI
1E:0C:6B:57:5C:83,"ORBI75-IoT",[WPA2_PSK],2026-08-08 08:13:12,6,2437,-85,-33.426172,151.341913,12.630000,0.600000,,,WIFI
02:EB:B6:00:E7:DC,"WiFi-00E7DB",[WPA2_PSK],2026-08-08 08:13:12,11,2462,-85,-33.426172,151.341913,12.630000,0.600000,,,WIFI
14:59:C0:66:1F:19,"Telstra6AE9",[WPA2_PSK],2026-08-08 08:13:12,11,2462,-85,-33.426172,151.341913,12.630000,0.600000,,,WIFI
16:0C:6B:57:5C:83,"ORBI75",[WPA2_PSK],2026-08-08 08:13:12,6,2437,-86,-33.426172,151.341913,12.630000,0.600000,,,WIFI
46:35:96:70:40:53,"ClozoTheBlown",[WPA2_PSK],2026-08-08 08:13:12,11,2462,-86,-33.426172,151.341913,12.630000,0.600000,,,WIFI
CC:BA:BD:B8:A5:66,"Origin_B8A566",[WPA2_PSK],2026-08-08 08:13:12,3,2422,-87,-33.426172,151.341913,12.630000,0.600000,,,WIFI
76:AC:B9:3A:93:4A,"Raine & Horne Gosford IOT",[WPA2_PSK],2026-08-08 08:13:12,11,2462,-87,-33.426172,151.341913,12.630000,0.600000,,,WIFI
B4:63:6F:AE:47:39,"NOKIA-4730",[WPA2_PSK],2026-08-08 08:13:12,11,2462,-88,-33.426172,151.341913,12.630000,0.600000,,,WIFI
74:AC:B9:6A:AF:9A,"Sirona Prime - 237_2G",[WPA2_PSK],2026-08-08 08:13:12,4,2427,-89,-33.426172,151.341913,12.630000,0.600000,,,WIFI
B4:63:6F:AE:15:C9,"NOKIA-15C0",[WPA2_PSK],2026-08-08 08:13:12,8,2447,-89,-33.426172,151.341913,12.630000,0.600000,,,WIFI
28:80:88:69:C5:F5,"LME_Gosford-2.4_2GEXT",[WPA2_PSK],2026-08-08 08:13:21,3,2422,-70,-33.425738,151.341981,7.170000,0.500000,,,WIFI
5E:62:8B:27:5F:0B,"Mannstdental",[WPA2_PSK],2026-08-08 08:13:21,9,2452,-70,-33.425738,151.341981,7.170000,0.500000,,,WIFI
B4:63:6F:AE:41:B9,"NOKIA-41B0",[WPA2_PSK],2026-08-08 08:13:21,11,2462,-74,-33.425738,151.341981,7.170000,0.500000,,,WIFI
B4:FB:E4:8B:65:3D,"Railway Hotel",[WPA2_PSK],2026-08-08 08:13:21,1,2412,-75,-33.425738,151.341981,7.170000,0.500000,,,WIFI
E4:4E:12:9C:B5:8F,"LME_Gosford-2.4",[WPA2_PSK],2026-08-08 08:13:21,3,2422,-77,-33.425738,151.341981,7.170000,0.500000,,,WIFI
C4:F1:74:75:BC:67,"LeapTel-14322",[WPA2_PSK],2026-08-08 08:13:21,11,2462,-77,-33.425738,151.341981,7.170000,0.500000,,,WIFI
84:D4:7E:CC:7B:A0,"_ImperialFreeWiFi",[OPEN],2026-08-08 08:13:21,1,2412,-78,-33.425738,151.341981,7.170000,0.500000,,,WIFI
90:DE:80:0F:CC:57,"IROAD_X5_0FCC57",[WPA2_PSK],2026-08-08 08:13:21,6,2437,-78,-33.425738,151.341981,7.170000,0.500000,,,WIFI
F8:75:88:B0:07:70,"WirelessNet",[WPA_WPA2_PSK],2026-08-08 08:13:21,11,2462,-80,-33.425738,151.341981,7.170000,0.500000,,,WIFI
B4:63:6F:AE:52:99,"NOKIA-5290",[WPA2_PSK],2026-08-08 08:13:21,11,2462,-80,-33.425738,151.341981,7.170000,0.500000,,,WIFI
B4:63:6F:AE:84:39,"NOKIA-8430",[WPA2_PSK],2026-08-08 08:13:21,1,2412,-81,-33.425738,151.341981,7.170000,0.500000,,,WIFI
B4:63:6F:AE:7E:E9,"NOKIA-7EE0",[WPA2_PSK],2026-08-08 08:13:21,1,2412,-82,-33.425738,151.341981,7.170000,0.500000,,,WIFI
50:6F:77:7C:18:A4,"WirelessNet",[WPA_WPA2_PSK],2026-08-08 08:13:21,10,2457,-83,-33.425738,151.341981,7.170000,0.500000,,,WIFI
C4:FF:1F:8A:B8:04,"WirelessNet",[WPA_WPA2_PSK],2026-08-08 08:13:21,9,2452,-84,-33.425738,151.341981,7.170000,0.500000,,,WIFI
38:BC:01:7C:4E:68,"WirelessNet",[WPA_WPA2_PSK],2026-08-08 08:13:21,1,2412,-85,-33.425738,151.341981,7.170000,0.500000,,,WIFI
C0:06:C3:7B:28:EC,"GH Guests",[WPA2_WPA3_PSK],2026-08-08 08:13:21,1,2412,-85,-33.425738,151.341981,7.170000,0.500000,,,WIFI
88:66:39:E5:81:0C,"WirelessNet",[WPA_WPA2_PSK],2026-08-08 08:13:21,10,2457,-85,-33.425738,151.341981,7.170000,0.500000,,,WIFI
B4:63:6F:AE:33:29,"NOKIA-3320",[WPA2_PSK],2026-08-08 08:13:21,1,2412,-87,-33.425738,151.341981,7.170000,0.500000,,,WIFI
FA:8F:CA:31:48:80,"lair speaker.o,",[OPEN],2026-08-08 08:13:21,6,2437,-92,-33.425738,151.341981,7.170000,0.500000,,,WIFI
CC:B1:82:1A:7A:F4,"WirelessNet",[WPA_WPA2_PSK],2026-08-08 08:13:39,2,2417,-77,-33.425356,151.342088,8.190000,0.500000,,,WIFI
10:27:F5:66:A5:3E,"GH-Office",[WPA2_WPA3_PSK],2026-08-08 08:13:39,1,2412,-78,-33.425356,151.342088,8.190000,0.500000,,,WIFI
10:0C:6B:57:28:39,"ORBI75",[WPA2_PSK],2026-08-08 08:13:39,6,2437,-79,-33.425356,151.342088,8.190000,0.500000,,,WIFI
B6:FB:E4:9B:0F:2A,"Railway Guest",[WPA2_WPA3_PSK],2026-08-08 08:13:39,6,2437,-80,-33.425356,151.342088,8.190000,0.500000,,,WIFI
B4:FB:E4:8B:0F:2A,"Railway Hotel",[WPA2_PSK],2026-08-08 08:13:39,6,2437,-81,-33.425356,151.342088,8.190000,0.500000,,,WIFI
E0:D3:62:B0:9E:EE,"PS2",[WPA2_PSK],2026-08-08 08:13:39,5,2432,-83,-33.425356,151.342088,8.190000,0.500000,,,WIFI
28:DE:A8:E6:69:D8,"EXETEL E669D8 2.4G",[WPA2_PSK],2026-08-08 08:13:39,9,2452,-87,-33.425356,151.342088,8.190000,0.500000,,,WIFI
C0:06:C3:7B:24:C4,"GH Guests",[WPA2_WPA3_PSK],2026-08-08 08:13:39,6,2437,-88,-33.425356,151.342088,8.190000,0.500000,,,WIFI
B4:63:6F:AE:6D:D9,"NOKIA-6DD0",[WPA2_PSK],2026-08-08 08:13:39,1,2412,-89,-33.425356,151.342088,8.190000,0.500000,,,WIFI
B4:63:6F:AE:50:D9,"NOKIA-50D0",[WPA2_PSK],2026-08-08 08:13:48,1,2412,-82,-33.425352,151.342095,7.880000,0.500000,,,WIFI
B4:63:6F:AD:D8:09,"C-WiFi 2.4G",[WPA2_PSK],2026-08-08 08:13:48,11,2462,-83,-33.425352,151.342095,7.880000,0.500000,,,WIFI
E0:46:EE:2C:B4:CF,"NETGEAR62",[WPA2_PSK],2026-08-08 08:13:48,12,2467,-83,-33.425352,151.342095,7.880000,0.500000,,,WIFI
B4:63:6F:AE:4F:59,"NOKIA-4F50",[WPA2_PSK],2026-08-08 08:13:48,2,2417,-84,-33.425352,151.342095,7.880000,0.500000,,,WIFI
B4:63:6F:AE:3E:F9,"NOKIA-3EF0",[WPA2_PSK],2026-08-08 08:13:48,4,2427,-85,-33.425352,151.342095,7.880000,0.500000,,,WIFI
34:98:B5:88:70:49,"Kai & Lily",[WPA2_PSK],2026-08-08 08:13:48,13,2472,-88,-33.425352,151.342095,7.880000,0.500000,,,WIFI
84:D4:7E:CC:79:40,"_ImperialFreeWiFi",[OPEN],2026-08-08 08:13:57,1,2412,-84,-33.425275,151.342105,7.880000,0.500000,,,WIFI
84:D4:7E:CC:7A:00,"_ImperialFreeWiFi",[OPEN],2026-08-08 08:13:57,6,2437,-84,-33.425275,151.342105,7.880000,0.500000,,,WIFI
B4:63:6F:AE:E0:29,"NOKIA-E020",[WPA2_PSK],2026-08-08 08:13:57,2,2417,-85,-33.425275,151.342105,7.880000,0.500000,,,WIFI
24:F2:7F:2C:2E:00,"ETAUS",[WPA2_PSK],2026-08-08 08:13:57,1,2412,-89,-33.425275,151.342105,7.880000,0.500000,,,WIFI
72:83:94:0A:E8:C7,"TelstraE2117B",[WPA2_PSK],2026-08-08 08:14:06,3,2422,-66,-33.425179,151.342136,3.640000,0.500000,,,WIFI
C0:06:C3:7B:29:DC,"GH-Office",[WPA2_WPA3_PSK],2026-08-08 08:14:06,1,2412,-70,-33.425179,151.342136,3.640000,0.500000,,,WIFI
C0:06:C3:7B:28:AE,"GH Guests",[WPA2_WPA3_PSK],2026-08-08 08:14:06,1,2412,-71,-33.425179,151.342136,3.640000,0.500000,,,WIFI
B4:63:6F:AE:1B:59,"NEHRAs",[WPA2_PSK],2026-08-08 08:14:06,2,2417,-73,-33.425179,151.342136,3.640000,0.500000,,,WIFI
D4:72:26:C2:5E:22,"TPW4G_A96F3D",[WPA_WPA2_PSK],2026-08-08 08:14:06,7,2442,-73,-33.425179,151.342136,3.640000,0.500000,,,WIFI
6C:B0:CE:72:FF:D0,"Telstra09A3",[WPA2_PSK],2026-08-08 08:14:06,11,2462,-73,-33.425179,151.342136,3.640000,0.500000,,,WIFI
C0:06:C3:7B:29:00,"GH-Office",[WPA2_WPA3_PSK],2026-08-08 08:14:06,1,2412,-75,-33.425179,151.342136,3.640000,0.500000,,,WIFI
28:A6:DB:9F:A8:B8,"WirelessNet",[WPA_WPA2_PSK],2026-08-08 08:14:06,4,2427,-75,-33.425179,151.342136,3.640000,0.500000,,,WIFI
D8:33:B7:0E:41:C6,"WiFi-CE4ZH",[WPA2_WPA3_PSK],2026-08-08 08:14:06,6,2437,-76,-33.425179,151.342136,3.640000,0.500000,,,WIFI
74:AC:B9:6A:B2:A3,"Sirona Prime - 237_2G",[WPA2_PSK],2026-08-08 08:14:06,4,2427,-79,-33.425179,151.342136,3.640000,0.500000,,,WIFI
24:F2:7F:2C:2C:61,"ET-STUDENTS",[WPA2_PSK],2026-08-08 08:14:06,6,2437,-79,-33.425179,151.342136,3.640000,0.500000,,,WIFI
24:F2:7F:2C:2C:62,"ET-Guest",[WPA2_PSK],2026-08-08 08:14:06,6,2437,-79,-33.425179,151.342136,3.640000,0.500000,,,WIFI
E0:D3:62:8F:D7:2B,"Origin_8FD72B",[WPA2_PSK],2026-08-08 08:14:06,7,2442,-79,-33.425179,151.342136,3.640000,0.500000,,,WIFI
B4:63:6F:AD:E0:59,"NOKIA-E050",[WPA2_PSK],2026-08-08 08:14:06,10,2457,-79,-33.425179,151.342136,3.640000,0.500000,,,WIFI
24:F2:7F:2C:33:60,"ETAUS",[WPA2_PSK],2026-08-08 08:14:06,11,2462,-79,-33.425179,151.342136,3.640000,0.500000,,,WIFI
24:F2:7F:2C:2C:60,"ETAUS",[WPA2_PSK],2026-08-08 08:14:06,6,2437,-80,-33.425179,151.342136,3.640000,0.500000,,,WIFI
24:F2:7F:2C:33:61,"ET-STUDENTS",[WPA2_PSK],2026-08-08 08:14:06,11,2462,-80,-33.425179,151.342136,3.640000,0.500000,,,WIFI
24:F2:7F:2C:33:62,"ET-Guest",[WPA2_PSK],2026-08-08 08:14:06,11,2462,-80,-33.425179,151.342136,3.640000,0.500000,,,WIFI
84:A9:C4:24:60:00,"WirelessNet",[WPA_WPA2_PSK],2026-08-08 08:14:06,1,2412,-82,-33.425179,151.342136,3.640000,0.500000,,,WIFI
6C:15:DB:5B:41:8D,"SHINY DENTAL LAB 2.4G",[WPA2_WPA3_PSK],2026-08-08 08:14:06,4,2427,-82,-33.425179,151.342136,3.640000,0.500000,,,WIFI
B4:63:6F:AE:47:19,"NOKIA-4710",[WPA2_PSK],2026-08-08 08:14:06,7,2442,-84,-33.425179,151.342136,3.640000,0.500000,,,WIFI
F8:5E:3C:40:B6:AC,"TRF85E3C40B6AC",[WPA2_PSK],2026-08-08 08:14:06,11,2462,-86,-33.425179,151.342136,3.640000,0.500000,,,WIFI
D0:DB:B7:9A:56:FA,"NetComm 8059",[WPA2_PSK],2026-08-08 08:14:06,12,2467,-87,-33.425179,151.342136,3.640000,0.500000,,,WIFI
24:F2:7F:2C:33:63,"ETAUST",[WPA2_PSK],2026-08-08 08:14:06,11,2462,-88,-33.425179,151.342136,3.640000,0.500000,,,WIFI
3C:7C:3F:D0:C1:60,"TelstraDB498B",[WPA2_PSK],2026-08-08 08:14:06,11,2462,-88,-33.425179,151.342136,3.640000,0.500000,,,WIFI
18:F1:45:B0:B2:27,"NetComm 4185",[WPA2_PSK],2026-08-08 08:14:06,6,2437,-89,-33.425179,151.342136,3.640000,0.500000,,,WIFI
42:1F:F4:88:4C:46,"Telstra884C46",[WPA2_WPA3_PSK],2026-08-08 08:14:15,1,2412,-62,-33.424769,151.342210,5.980000,0.500000,,,WIFI
8A:15:04:58:7F:20,"Meraki Setup",[OPEN],2026-08-08 08:14:15,1,2412,-76,-33.424769,151.342210,5.980000,0.500000,,,WIFI
34:19:4D:02:D0:52,"Telstra02D04E",[WPA2_WPA3_PSK],2026-08-08 08:14:15,9,2452,-77,-33.424769,151.342210,5.980000,0.500000,,,WIFI
2A:68:93:0E:0A:0F,"WiFi-0E0A0E",[WPA2_PSK],2026-08-08 08:14:15,2,2417,-78,-33.424769,151.342210,5.980000,0.500000,,,WIFI
14:A0:F8:96:22:1C,"WirelessNet",[WPA_WPA2_PSK],2026-08-08 08:14:15,1,2412,-80,-33.424769,151.342210,5.980000,0.500000,,,WIFI
44:6A:2E:E5:53:78,"WirelessNet",[WPA_WPA2_PSK],2026-08-08 08:14:15,11,2462,-81,-33.424769,151.342210,5.980000,0.500000,,,WIFI
B4:63:6F:AE:4B:E9,"NOKIA-4BE0",[WPA2_PSK],2026-08-08 08:14:15,4,2427,-82,-33.424769,151.342210,5.980000,0.500000,,,WIFI
B4:63:6F:AD:EA:69,"NOKIA-EA60",[WPA2_PSK],2026-08-08 08:14:15,11,2462,-82,-33.424769,151.342210,5.980000,0.500000,,,WIFI
B4:63:6F:AE:3D:E9,"NOKIA-3DE0",[WPA2_PSK],2026-08-08 08:14:15,2,2417,-83,-33.424769,151.342210,5.980000,0.500000,,,WIFI
C0:FD:84:A0:8A:EB,"EXETEL A08AEB 2.4G",[WPA2_PSK],2026-08-08 08:14:15,9,2452,-83,-33.424769,151.342210,5.980000,0.500000,,,WIFI
B4:63:6F:AE:44:F9,"Barabashka 2.4GHz",[WPA2_PSK],2026-08-08 08:14:15,1,2412,-84,-33.424769,151.342210,5.980000,0.500000,,,WIFI
72:7F:F0:40:6C:7B,"W1108/108",[WPA2_WPA3_PSK],2026-08-08 08:14:15,1,2412,-84,-33.424769,151.342210,5.980000,0.500000,,,WIFI
B4:63:6F:AE:3B:C9,"NOKIA-3BC0",[WPA2_PSK],2026-08-08 08:14:15,8,2447,-84,-33.424769,151.342210,5.980000,0.500000,,,WIFI
B4:63:6F:AF:4E:F9,"NOKIA-4EF0",[WPA2_PSK],2026-08-08 08:14:15,9,2452,-84,-33.424769,151.342210,5.980000,0.500000,,,WIFI
5C:4D:BF:63:DB:3D,"TPW4G_4mL64X",[WPA2_PSK],2026-08-08 08:14:15,11,2462,-84,-33.424769,151.342210,5.980000,0.500000,,,WIFI
4E:D5:ED:8D:AB:56,"Telstra8DAB56",[WPA2_WPA3_PSK],2026-08-08 08:14:15,1,2412,-85,-33.424769,151.342210,5.980000,0.500000,,,WIFI
0C:EF:15:86:EA:56,"Origin_86EA56",[WPA2_PSK],2026-08-08 08:14:15,7,2442,-85,-33.424769,151.342210,5.980000,0.500000,,,WIFI
B4:63:6F:AE:6F:A9,"NOKIA-6FA0",[WPA2_PSK],2026-08-08 08:14:15,1,2412,-86,-33.424769,151.342210,5.980000,0.500000,,,WIFI
B4:63:6F:AE:85:49,"NOKIA-8540",[WPA2_PSK],2026-08-08 08:14:15,4,2427,-86,-33.424769,151.342210,5.980000,0.500000,,,WIFI
1C:CE:51:8A:99:B3,"DaikinAP43844",[WPA2_PSK],2026-08-08 08:14:15,8,2447,-86,-33.424769,151.342210,5.980000,0.500000,,,WIFI
B4:63:6F:AE:5A:49,"NOKIA-5A40",[WPA2_PSK],2026-08-08 08:14:15,1,2412,-87,-33.424769,151.342210,5.980000,0.500000,,,WIFI
B4:63:6F:AE:1E:79,"NOKIA-1E70",[WPA2_PSK],2026-08-08 08:14:15,2,2417,-87,-33.424769,151.342210,5.980000,0.500000,,,WIFI
B4:63:6F:AE:54:09,"Sheng is cool ",[WPA2_PSK],2026-08-08 08:14:15,5,2432,-87,-33.424769,151.342210,5.980000,0.500000,,,WIFI
B4:63:6F:AE:03:89,"NOKIA-0380",[WPA2_PSK],2026-08-08 08:14:15,11,2462,-87,-33.424769,151.342210,5.980000,0.500000,,,WIFI
B4:63:6F:AE:82:B9,"NOKIA-82B0",[WPA2_PSK],2026-08-08 08:14:15,3,2422,-88,-33.424769,151.342210,5.980000,0.500000,,,WIFI
B4:63:6F:AE:85:B9,"NOKIA-85B0",[WPA2_PSK],2026-08-08 08:14:15,9,2452,-88,-33.424769,151.342210,5.980000,0.500000,,,WIFI
B4:63:6F:AE:12:19,"NOKIA-1210",[WPA2_PSK],2026-08-08 08:14:15,4,2427,-89,-33.424769,151.342210,5.980000,0.500000,,,WIFI
BA:CF:84:23:7F:B1,"ASUS_B0",[WPA2_PSK],2026-08-08 08:14:15,7,2442,-89,-33.424769,151.342210,5.980000,0.500000,,,WIFI
B4:63:6F:AE:4D:29,"NOKIA-4D20",[WPA2_PSK],2026-08-08 08:14:15,10,2457,-89,-33.424769,151.342210,5.980000,0.500000,,,WIFI
02:18:4A:5D:30:05,"Free Telstra Wi-Fi",[OPEN],2026-08-08 08:14:15,11,2462,-89,-33.424769,151.342210,5.980000,0.500000,,,WIFI
64:2C:AC:D7:AA:B4,"HUAWEI-2.4G-nseg",[WPA_WPA2_PSK],2026-08-08 08:14:15,8,2447,-90,-33.424769,151.342210,5.980000,0.500000,,,WIFI
98:48:27:7D:2C:2A,"TP-LINK_2C2B",[WPA2_PSK],2026-08-08 08:14:15,11,2462,-91,-33.424769,151.342210,5.980000,0.500000,,,WIFI
34:98:B5:88:70:49,"Kai & Lily",[WPA2_PSK],2026-08-08 08:14:15,13,2472,-91,-33.424769,151.342210,5.980000,0.500000,,,WIFI
CC:6C:52:0A:A5:C9,"NetComm 7923",[WPA2_WPA3_PSK],2026-08-08 08:14:25,1,2412,-74,-33.423964,151.342401,13.790000,0.500000,,,WIFI
4E:D5:ED:8D:AB:56,"Telstra8DAB56",[WPA2_WPA3_PSK],2026-08-08 08:14:25,1,2412,-76,-33.423964,151.342401,13.790000,0.500000,,,WIFI
B4:63:6F:AE:04:69,"NOKIA-0460",[WPA2_PSK],2026-08-08 08:14:25,5,2432,-77,-33.423964,151.342401,13.790000,0.500000,,,WIFI
32:39:F9:32:2F:B6,"Telstra322FB6",[WPA2_WPA3_PSK],2026-08-08 08:14:25,1,2412,-78,-33.423964,151.342401,13.790000,0.500000,,,WIFI
0C:EF:15:70:55:DE,"Netcomm 1059",[WPA2_PSK],2026-08-08 08:14:25,4,2427,-78,-33.423964,151.342401,13.790000,0.500000,,,WIFI
BC:D5:ED:6F:DC:52,"OPTUS_6FDC50M",[WPA2_WPA3_PSK],2026-08-08 08:14:25,1,2412,-79,-33.423964,151.342401,13.790000,0.500000,,,WIFI
B4:63:6F:AD:D5:19,"NOKIA-D510",[WPA2_PSK],2026-08-08 08:14:25,2,2417,-81,-33.423964,151.342401,13.790000,0.500000,,,WIFI
10:0C:6B:57:28:39,"ORBI75",[WPA2_PSK],2026-08-08 08:14:25,6,2437,-81,-33.423964,151.342401,13.790000,0.500000,,,WIFI
B4:63:6F:AE:4C:C9,"NOKIA-4CC0",[WPA2_PSK],2026-08-08 08:14:25,1,2412,-82,-33.423964,151.342401,13.790000,0.500000,,,WIFI
3C:64:CF:86:BF:EB,"TelstraA69DDB",[WPA2_WPA3_PSK],2026-08-08 08:14:25,5,2432,-82,-33.423964,151.342401,13.790000,0.500000,,,WIFI
A2:B5:3C:D1:A0:DB,"BelongD110DB",[WPA2_PSK],2026-08-08 08:14:25,6,2437,-82,-33.423964,151.342401,13.790000,0.500000,,,WIFI
42:1F:F4:88:4C:46,"Telstra884C46",[WPA2_WPA3_PSK],2026-08-08 08:14:25,1,2412,-83,-33.423964,151.342401,13.790000,0.500000,,,WIFI
B4:63:6F:AE:3A:C9,"NOKIA-3AC0",[WPA2_PSK],2026-08-08 08:14:25,1,2412,-83,-33.423964,151.342401,13.790000,0.500000,,,WIFI
B4:63:6F:AE:06:69,"NOKIA-0660",[WPA2_PSK],2026-08-08 08:14:25,1,2412,-83,-33.423964,151.342401,13.790000,0.500000,,,WIFI
2E:87:BA:F8:71:22,"WiFi-F87121",[WPA2_PSK],2026-08-08 08:14:25,3,2422,-83,-33.423964,151.342401,13.790000,0.500000,,,WIFI
B4:63:6F:AE:3E:F9,"NOKIA-3EF0",[WPA2_PSK],2026-08-08 08:14:25,4,2427,-83,-33.423964,151.342401,13.790000,0.500000,,,WIFI
B6:63:6F:9E:20:B9,"@Home",[WPA2_PSK],2026-08-08 08:14:25,3,2422,-84,-33.423964,151.342401,13.790000,0.500000,,,WIFI
B4:63:6F:AE:54:09,"Sheng is cool ",[WPA2_PSK],2026-08-08 08:14:25,5,2432,-84,-33.423964,151.342401,13.790000,0.500000,,,WIFI
B4:63:6F:AE:90:A9,"NOKIA-90A0",[WPA2_PSK],2026-08-08 08:14:25,5,2432,-84,-33.423964,151.342401,13.790000,0.500000,,,WIFI
E0:B9:E5:A6:9D:DB,"TelstraA69DDB",[WPA2_PSK],2026-08-08 08:14:25,6,2437,-84,-33.423964,151.342401,13.790000,0.500000,,,WIFI
B4:63:6F:AE:57:89,"NOKIA-5780",[WPA2_PSK],2026-08-08 08:14:25,1,2412,-85,-33.423964,151.342401,13.790000,0.500000,,,WIFI
B4:63:6F:AD:E4:B9,"NOKIA-E4B0",[WPA2_PSK],2026-08-08 08:14:25,4,2427,-85,-33.423964,151.342401,13.790000,0.500000,,,WIFI
B4:63:6F:AE:4F:59,"NOKIA-4F50",[WPA2_PSK],2026-08-08 08:14:25,2,2417,-87,-33.423964,151.342401,13.790000,0.500000,,,WIFI
B4:63:6F:AE:16:29,"NOKIA-1620",[WPA2_PSK],2026-08-08 08:14:25,3,2422,-87,-33.423964,151.342401,13.790000,0.500000,,,WIFI
B4:63:6F:AE:6F:A9,"NOKIA-6FA0",[WPA2_PSK],2026-08-08 08:14:25,1,2412,-88,-33.423964,151.342401,13.790000,0.500000,,,WIFI
CC:BA:BD:B8:A5:66,"Origin_B8A566",[WPA2_PSK],2026-08-08 08:14:25,3,2422,-88,-33.423964,151.342401,13.790000,0.500000,,,WIFI
B4:63:6F:AE:1B:59,"NEHRAs",[WPA2_PSK],2026-08-08 08:14:25,2,2417,-89,-33.423964,151.342401,13.790000,0.500000,,,WIFI
C0:06:C3:7B:24:C4,"GH Guests",[WPA2_WPA3_PSK],2026-08-08 08:14:25,6,2437,-90,-33.423964,151.342401,13.790000,0.500000,,,WIFI
90:E9:5E:A7:5D:C0,"TRANSPORT_GUEST",[OPEN],2026-08-08 08:14:25,6,2437,-90,-33.423964,151.342401,13.790000,0.500000,,,WIFI
48:B4:24:60:F2:A5,"xdd",[WPA2_PSK],2026-08-08 08:14:35,6,2437,-71,-33.423093,151.342568,19.880000,0.500000,,,WIFI
A2:C9:EB:29:78:40,"Apt_1104",[WPA2_PSK],2026-08-08 08:14:35,3,2422,-77,-33.423093,151.342568,19.880000,0.500000,,,WIFI
9E:86:DD:A3:EF:5D,"VX420-EF5C",[WPA2_PSK],2026-08-08 08:14:35,6,2437,-78,-33.423093,151.342568,19.880000,0.500000,,,WIFI
92:92:5E:C8:0A:15,"连这个WIFI_超快的",[WPA2_PSK],2026-08-08 08:14:35,1,2412,-79,-33.423093,151.342568,19.880000,0.500000,,,WIFI
6C:CD:D6:CC:3A:65,"Telstra2021",[WPA2_PSK],2026-08-08 08:14:35,6,2437,-79,-33.423093,151.342568,19.880000,0.500000,,,WIFI
3C:58:5D:A3:A1:3F,"JungGE",[WPA2_WPA3_PSK],2026-08-08 08:14:35,11,2462,-79,-33.423093,151.342568,19.880000,0.500000,,,WIFI
BC:30:D9:E2:52:F5,"TelstraE252F3",[WPA2_PSK],2026-08-08 08:14:35,5,2432,-80,-33.423093,151.342568,19.880000,0.500000,,,WIFI
0C:93:A5:E2:EE:A5,"nimesh",[WPA2_PSK],2026-08-08 08:14:35,6,2437,-81,-33.423093,151.342568,19.880000,0.500000,,,WIFI
B2:9C:6C:D2:46:00,"myrtecgroup",[WPA2_PSK],2026-08-08 08:14:35,11,2462,-81,-33.423093,151.342568,19.880000,0.500000,,,WIFI
38:06:E6:64:F9:73,"OPTUS_64F970N",[WPA2_WPA3_PSK],2026-08-08 08:14:35,6,2437,-82,-33.423093,151.342568,19.880000,0.500000,,,WIFI
A8:9C:6C:D2:46:00,"myrtecguest",[WPA2_PSK],2026-08-08 08:14:35,11,2462,-83,-33.423093,151.342568,19.880000,0.500000,,,WIFI
8C:83:94:28:41:4B,"Home603",[WPA2_WPA3_PSK],2026-08-08 08:14:35,1,2412,-84,-33.423093,151.342568,19.880000,0.500000,,,WIFI
18:F1:45:35:0B:20,"NetComm 2113",[WPA2_PSK],2026-08-08 08:14:35,1,2412,-86,-33.423093,151.342568,19.880000,0.500000,,,WIFI
B4:63:6F:AE:4D:29,"NOKIA-4D20",[WPA2_PSK],2026-08-08 08:14:35,10,2457,-86,-33.423093,151.342568,19.880000,0.500000,,,WIFI
B4:63:6F:AF:4B:A9,"NOKIA-4BA0",[WPA2_PSK],2026-08-08 08:14:35,10,2457,-86,-33.423093,151.342568,19.880000,0.500000,,,WIFI
D0:DB:B7:63:70:D7,"NetComm 4993",[WPA2_WPA3_PSK],2026-08-08 08:14:35,11,2462,-86,-33.423093,151.342568,19.880000,0.500000,,,WIFI
80:82:FE:5C:84:FB,"OPTUS_5C84F8N",[WPA2_WPA3_PSK],2026-08-08 08:14:35,11,2462,-87,-33.423093,151.342568,19.880000,0.500000,,,WIFI
BC:30:D9:A9:53:3D,"TelstraA9533B",[WPA2_PSK],2026-08-08 08:14:35,13,2472,-90,-33.423093,151.342568,19.880000,0.500000,,,WIFI
5C:62:8B:B6:0E:BA,"TP-Link_0EBA",[WPA2_PSK],2026-08-08 08:14:35,3,2422,-91,-33.423093,151.342568,19.880000,0.500000,,,WIFI
00:60:64:FB:0D:B8,"TPG 1163",[WPA2_PSK],2026-08-08 08:14:35,13,2472,-91,-33.423093,151.342568,19.880000,0.500000,,,WIFI
8A:4A:76:E5:15:9A,"IFTAKHAR's S24 Ultra",[WPA2_PSK],2026-08-08 08:14:35,11,2462,-92,-33.423093,151.342568,19.880000,0.500000,,,WIFI
6C:4F:89:85:56:B1,"OPTUS_8556B0L",[WPA2_WPA3_PSK],2026-08-08 08:14:43,11,2462,-75,-33.422452,151.342753,20.600000,0.500000,,,WIFI
6C:EF:BD:95:56:B2,"PL",[WPA2_PSK],2026-08-08 08:14:43,1,2412,-78,-33.422452,151.342753,20.600000,0.500000,,,WIFI
66:EF:BD:95:56:B2,"PL Guest",[WPA2_PSK],2026-08-08 08:14:43,1,2412,-78,-33.422452,151.342753,20.600000,0.500000,,,WIFI
E0:CB:BC:B7:24:49,"PL",[WPA2_PSK],2026-08-08 08:14:43,1,2412,-78,-33.422452,151.342753,20.600000,0.500000,,,WIFI
EA:CB:BC:B7:24:49,"PL Guest",[WPA2_PSK],2026-08-08 08:14:43,1,2412,-78,-33.422452,151.342753,20.600000,0.500000,,,WIFI
7C:10:C9:C8:88:40,"Unit 405-2.4Ghz",[WPA2_PSK],2026-08-08 08:14:43,2,2417,-78,-33.422452,151.342753,20.600000,0.500000,,,WIFI
C8:99:B2:FD:82:DE,"TelstraFD82DA",[WPA2_WPA3_PSK],2026-08-08 08:14:43,8,2447,-81,-33.422452,151.342753,20.600000,0.500000,,,WIFI
B4:63:6F:AE:33:29,"NOKIA-3320",[WPA2_PSK],2026-08-08 08:14:43,1,2412,-84,-33.422452,151.342753,20.600000,0.500000,,,WIFI
E0:63:DA:6E:EE:94,"Ability SDA Home",[WPA2_PSK],2026-08-08 08:14:43,6,2437,-84,-33.422452,151.342753,20.600000,0.500000,,,WIFI
1E:0C:6B:57:28:39,"ORBI75-IoT",[WPA2_PSK],2026-08-08 08:14:43,6,2437,-85,-33.422452,151.342753,20.600000,0.500000,,,WIFI
8C:90:2D:73:B3:5E,"TP-Link_B360",[WPA2_PSK],2026-08-08 08:14:43,3,2422,-86,-33.422452,151.342753,20.600000,0.500000,,,WIFI
9A:03:8E:D1:26:A1,"VX220-26A0",[WPA2_PSK],2026-08-08 08:14:43,6,2437,-86,-33.422452,151.342753,20.600000,0.500000,,,WIFI
C8:99:B2:FF:94:FA,"TelstraFF94F6",[WPA2_WPA3_PSK],2026-08-08 08:14:43,7,2442,-86,-33.422452,151.342753,20.600000,0.500000,,,WIFI
B4:63:6F:AE:5A:49,"NOKIA-5A40",[WPA2_PSK],2026-08-08 08:14:43,1,2412,-87,-33.422452,151.342753,20.600000,0.500000,,,WIFI
32:3C:20:2E:79:56,"Telstra2E7956",[WPA2_WPA3_PSK],2026-08-08 08:14:43,1,2412,-87,-33.422452,151.342753,20.600000,0.500000,,,WIFI
B4:63:6F:AE:84:39,"NOKIA-8430",[WPA2_PSK],2026-08-08 08:14:43,1,2412,-88,-33.422452,151.342753,20.600000,0.500000,,,WIFI
B4:63:6F:AE:7F:B9,"NOKIA-7FB0",[WPA2_PSK],2026-08-08 08:14:43,1,2412,-88,-33.422452,151.342753,20.600000,0.500000,,,WIFI
E0:63:DA:6E:E9:72,"Ability SDA Home",[WPA2_PSK],2026-08-08 08:14:43,6,2437,-88,-33.422452,151.342753,20.600000,0.500000,,,WIFI
B4:63:6F:AE:3B:C9,"NOKIA-3BC0",[WPA2_PSK],2026-08-08 08:14:43,8,2447,-88,-33.422452,151.342753,20.600000,0.500000,,,WIFI
3C:31:74:97:A4:D8,"Sugar Daddies",[WPA2_PSK],2026-08-08 08:14:43,11,2462,-88,-33.422452,151.342753,20.600000,0.500000,,,WIFI
E0:63:DA:6E:E9:4B,"Ability SDA Home",[WPA2_PSK],2026-08-08 08:14:43,11,2462,-88,-33.422452,151.342753,20.600000,0.500000,,,WIFI
BC:30:D9:AC:1B:C2,"TelstraAC1BC0",[WPA2_PSK],2026-08-08 08:14:43,13,2472,-88,-33.422452,151.342753,20.600000,0.500000,,,WIFI
E0:63:DA:6E:E9:66,"Ability SDA Home",[WPA2_PSK],2026-08-08 08:14:43,6,2437,-89,-33.422452,151.342753,20.600000,0.500000,,,WIFI
7E:F1:7E:6B:E7:C1,"VX420-E7C0",[WPA2_PSK],2026-08-08 08:14:43,6,2437,-89,-33.422452,151.342753,20.600000,0.500000,,,WIFI
B4:63:6F:AD:CE:C9,"NOKIA-CEC0",[WPA2_PSK],2026-08-08 08:14:43,7,2442,-89,-33.422452,151.342753,20.600000,0.500000,,,WIFI
8A:30:D9:AC:1B:C3,"Telstra_AC1BC0_2G_Guest",[WPA2_PSK],2026-08-08 08:14:43,13,2472,-89,-33.422452,151.342753,20.600000,0.500000,,,WIFI
98:03:8E:AB:64:3A,"TelstraAC1BC0_EXT",[WPA2_PSK],2026-08-08 08:14:43,13,2472,-89,-33.422452,151.342753,20.600000,0.500000,,,WIFI
30:68:93:F9:7F:98,"KL707",[WPA2_PSK],2026-08-08 08:14:43,1,2412,-90,-33.422452,151.342753,20.600000,0.500000,,,WIFI
B4:63:6F:AE:6D:D9,"NOKIA-6DD0",[WPA2_PSK],2026-08-08 08:14:43,1,2412,-90,-33.422452,151.342753,20.600000,0.500000,,,WIFI
EC:6C:9A:B9:95:C2,"TelstraB995C0",[WPA2_WPA3_PSK],2026-08-08 08:14:43,5,2432,-90,-33.422452,151.342753,20.600000,0.500000,,,WIFI
EC:6C:9A:B9:B2:28,"TelstraB9B226",[WPA2_WPA3_PSK],2026-08-08 08:14:43,12,2467,-90,-33.422452,151.342753,20.600000,0.500000,,,WIFI
F8:14:DD:19:67:A2,"eduroam",[UNKNOWN],2026-08-08 08:14:52,1,2412,-79,-33.421453,151.343000,12.040000,0.500000,,,WIFI
F8:14:DD:19:67:A0,"newcastle.edu.au",[UNKNOWN],2026-08-08 08:14:52,1,2412,-80,-33.421453,151.343000,12.040000,0.500000,,,WIFI
B4:63:6F:AE:55:79,"NOKIA-5570",[WPA2_PSK],2026-08-08 08:14:52,4,2427,-81,-33.421453,151.343000,12.040000,0.500000,,,WIFI
34:19:4D:05:2B:4C,"Telstra052B48",[WPA2_WPA3_PSK],2026-08-08 08:14:52,7,2442,-83,-33.421453,151.343000,12.040000,0.500000,,,WIFI
B4:63:6F:AE:59:89,"NOKIA-5980",[WPA2_PSK],2026-08-08 08:14:52,4,2427,-84,-33.421453,151.343000,12.040000,0.500000,,,WIFI
14:59:C0:64:0D:D1,"Telstra3D07",[WPA2_PSK],2026-08-08 08:14:52,11,2462,-85,-33.421453,151.343000,12.040000,0.500000,,,WIFI
2C:30:33:0F:87:F1,"NETGEAR43",[WPA2_PSK],2026-08-08 08:14:52,1,2412,-87,-33.421453,151.343000,12.040000,0.500000,,,WIFI
54:1F:8D:7B:22:79,"OPTUS_7B2279Z",[WPA2_WPA3_PSK],2026-08-08 08:14:52,6,2437,-87,-33.421453,151.343000,12.040000,0.500000,,,WIFI
38:E1:F4:EF:59:0C,"OPTUS_EF590AM",[WPA2_WPA3_PSK],2026-08-08 08:14:52,6,2437,-87,-33.421453,151.343000,12.040000,0.500000,,,WIFI
94:A6:7E:57:47:B7,"NETGEAR26",[WPA2_PSK],2026-08-08 08:14:52,9,2452,-87,-33.421453,151.343000,12.040000,0.500000,,,WIFI
42:CD:7A:08:FC:96,"DIRECT-h7",[WPA2_PSK],2026-08-08 08:14:52,1,2412,-88,-33.421453,151.343000,12.040000,0.500000,,,WIFI
B4:63:6F:AE:3D:E9,"NOKIA-3DE0",[WPA2_PSK],2026-08-08 08:14:52,2,2417,-88,-33.421453,151.343000,12.040000,0.500000,,,WIFI
42:1F:F4:88:AA:B6,"Telstra88AAB6",[WPA2_WPA3_PSK],2026-08-08 08:14:52,6,2437,-88,-33.421453,151.343000,12.040000,0.500000,,,WIFI
B4:63:6F:AE:52:99,"NOKIA-5290",[WPA2_PSK],2026-08-08 08:14:52,11,2462,-88,-33.421453,151.343000,12.040000,0.500000,,,WIFI
B4:63:6F:AE:44:F9,"Barabashka 2.4GHz",[WPA2_PSK],2026-08-08 08:14:52,1,2412,-89,-33.421453,151.343000,12.040000,0.500000,,,WIFI
B4:63:6F:AD:D8:09,"C-WiFi 2.4G",[WPA2_PSK],2026-08-08 08:14:52,11,2462,-89,-33.421453,151.343000,12.040000,0.500000,,,WIFI
B4:63:6F:AE:47:39,"NOKIA-4730",[WPA2_PSK],2026-08-08 08:14:52,11,2462,-92,-33.421453,151.343000,12.040000,0.500000,,,WIFI
0A:C7:F5:FE:4A:97,"TelstraFE4A8F",[WPA2_PSK],2026-08-08 08:14:52,11,2462,-94,-33.421453,151.343000,12.040000,0.500000,,,WIFI
B4:63:6F:AE:42:79,"NOKIA-4270",[WPA2_PSK],2026-08-08 08:15:01,5,2432,-78,-33.420467,151.343128,21.480000,0.500000,,,WIFI
B4:63:6F:AE:50:D9,"NOKIA-50D0",[WPA2_PSK],2026-08-08 08:15:01,1,2412,-81,-33.420467,151.343128,21.480000,0.500000,,,WIFI
60:A4:B7:C8:A1:6C,"BUNGREE",[WPA_WPA2_PSK],2026-08-08 08:15:01,1,2412,-82,-33.420467,151.343128,21.480000,0.500000,,,WIFI
B4:63:6F:AE:4B:E9,"NOKIA-4BE0",[WPA2_PSK],2026-08-08 08:15:01,4,2427,-82,-33.420467,151.343128,21.480000,0.500000,,,WIFI
B4:63:6F:AE:8E:A9,"NOKIA-8EA0_2.4G",[WPA2_PSK],2026-08-08 08:15:01,10,2457,-90,-33.420467,151.343128,21.480000,0.500000,,,WIFI
CC:6C:52:0A:31:E6,"NetComm 9999",[WPA2_WPA3_PSK],2026-08-08 08:15:01,6,2437,-92,-33.420467,151.343128,21.480000,0.500000,,,WIFI
B4:63:6F:AE:1C:B9,"NOKIA-1CB0",[WPA2_PSK],2026-08-08 08:15:10,11,2462,-83,-33.419557,151.343334,23.430000,0.500000,,,WIFI
80:82:FE:59:4A:4B,"OPTUS_594A48N",[WPA2_WPA3_PSK],2026-08-08 08:15:10,1,2412,-85,-33.419557,151.343334,23.430000,0.500000,,,WIFI
24:7F:20:6E:06:85,"Telstra6E067F",[WPA2_PSK],2026-08-08 08:15:10,11,2462,-86,-33.419557,151.343334,23.430000,0.500000,,,WIFI
B4:63:6F:AE:1E:79,"NOKIA-1E70",[WPA2_PSK],2026-08-08 08:15:10,2,2417,-88,-33.419557,151.343334,23.430000,0.500000,,,WIFI
B4:63:6F:AE:41:B9,"NOKIA-41B0",[WPA2_PSK],2026-08-08 08:15:10,11,2462,-89,-33.419557,151.343334,23.430000,0.500000,,,WIFI
60:45:E8:90:B6:2F,"SmartestGiantInTown",[WPA_WPA2_PSK],2026-08-08 08:15:10,5,2432,-90,-33.419557,151.343334,23.430000,0.500000,,,WIFI
B4:63:6F:AE:7A:C9,"NOKIA-7AC0",[WPA2_PSK],2026-08-08 08:15:10,11,2462,-90,-33.419557,151.343334,23.430000,0.500000,,,WIFI
D0:DB:B7:D6:0B:D7,"Aussie Broadband 7596",[WPA2_PSK],2026-08-08 08:15:10,6,2437,-91,-33.419557,151.343334,23.430000,0.500000,,,WIFI
B4:63:6F:AD:E2:89,"NOKIA-E280",[WPA2_PSK],2026-08-08 08:15:10,10,2457,-91,-33.419557,151.343334,23.430000,0.500000,,,WIFI
48:D2:4F:2A:38:E9,"Belong2A38E3",[WPA2_PSK],2026-08-08 08:15:10,11,2462,-92,-33.419557,151.343334,23.430000,0.500000,,,WIFI
E0:63:DA:6E:E9:6B,"Ability SDA Home",[WPA2_PSK],2026-08-08 08:15:10,6,2437,-93,-33.419557,151.343334,23.430000,0.500000,,,WIFI
08:36:C9:94:03:2F,"Team CJ",[WPA2_PSK],2026-08-08 08:15:19,3,2422,-84,-33.419393,151.343350,25.710000,0.500000,,,WIFI
BC:04:35:63:8E:44,"midea_c3_0143",[WPA2_PSK],2026-08-08 08:15:19,1,2412,-87,-33.419393,151.343350,25.710000,0.500000,,,WIFI
D0:DB:B7:AD:14:49,"JestersSpace2",[WPA2_WPA3_PSK],2026-08-08 08:15:19,2,2417,-88,-33.419393,151.343350,25.710000,0.500000,,,WIFI
BC:D5:ED:79:4A:66,"OPTUS_794A64M",[WPA2_WPA3_PSK],2026-08-08 08:15:19,11,2462,-90,-33.419393,151.343350,25.710000,0.500000,,,WIFI
B4:63:6F:AE:09:89,"NOKIA-0980",[WPA2_PSK],2026-08-08 08:15:28,2,2417,-83,-33.419393,151.343350,25.710000,0.500000,,,WIFI
B4:63:6F:AE:20:B9,"NOKIA-20B0",[WPA2_PSK],2026-08-08 08:15:28,3,2422,-89,-33.419393,151.343350,25.710000,0.500000,,,WIFI
B8:2D:28:50:FF:B4,"L920PRO_2230459632",[WPA2_PSK],2026-08-08 08:15:37,6,2437,-74,-33.419277,151.343367,24.900000,0.500000,,,WIFI
66:C6:D2:E6:EE:BA,"DIRECT-kh-EPSON-ET-5170 Series",[WPA2_PSK],2026-08-08 08:15:37,6,2437,-76,-33.419277,151.343367,24.900000,0.500000,,,WIFI
FC:4A:E9:2A:AE:A2,"Gosford",[WPA_WPA2_PSK],2026-08-08 08:15:37,11,2462,-81,-33.419277,151.343367,24.900000,0.500000,,,WIFI
84:78:48:7E:F6:11,"VX420-5C2E",[WPA2_WPA3_PSK],2026-08-08 08:15:37,6,2437,-82,-33.419277,151.343367,24.900000,0.500000,,,WIFI
F2:D3:62:06:C2:DD,"VX220-C2DC",[WPA2_PSK],2026-08-08 08:15:37,1,2412,-88,-33.419277,151.343367,24.900000,0.500000,,,WIFI
D6:35:1D:48:28:38,"Belong48A838",[WPA2_PSK],2026-08-08 08:15:37,2,2417,-88,-33.419277,151.343367,24.900000,0.500000,,,WIFI
58:B4:BB:E4:A1:CE,"Mellow ELC",[WPA_WPA2_PSK],2026-08-08 08:15:46,6,2437,-68,-33.418532,151.343531,24.980000,0.500000,,,WIFI
2C:30:33:0F:49:AD,"Telstra0178",[WPA2_PSK],2026-08-08 08:15:46,6,2437,-74,-33.418532,151.343531,24.980000,0.500000,,,WIFI
C8:99:B2:FF:53:06,"TelstraFF5302",[WPA2_WPA3_PSK],2026-08-08 08:15:46,9,2452,-74,-33.418532,151.343531,24.980000,0.500000,,,WIFI
48:C0:93:84:83:00,"guest",[OPEN],2026-08-08 08:15:46,6,2437,-76,-33.418532,151.343531,24.980000,0.500000,,,WIFI
1E:27:F5:F6:3E:9C,"WiFi-F63E9B",[WPA2_PSK],2026-08-08 08:15:46,4,2427,-79,-33.418532,151.343531,24.980000,0.500000,,,WIFI
F6:77:4C:A7:BE:2A,"Arshdeep's A17",[WPA2_PSK],2026-08-08 08:15:46,11,2462,-81,-33.418532,151.343531,24.980000,0.500000,,,WIFI
A4:F3:3B:CA:73:F4,"Wi-Fi CA73F4 2.4G",[WPA2_PSK],2026-08-08 08:15:46,10,2457,-82,-33.418532,151.343531,24.980000,0.500000,,,WIFI
4C:49:68:34:A7:3A,"@Ruijie-sA738",[WPA_WPA2_PSK],2026-08-08 08:15:46,11,2462,-83,-33.418532,151.343531,24.980000,0.500000,,,WIFI
58:B4:BB:E4:93:3A,"Mellow ELC",[WPA_WPA2_PSK],2026-08-08 08:15:46,11,2462,-83,-33.418532,151.343531,24.980000,0.500000,,,WIFI
D4:35:1D:D3:07:E6,"TelstraD307E6",[WPA2_PSK],2026-08-08 08:15:46,11,2462,-83,-33.418532,151.343531,24.980000,0.500000,,,WIFI
EA:75:0C:8A:6E:58,"WiFi-8A6E5F",[WPA2_PSK],2026-08-08 08:15:46,1,2412,-84,-33.418532,151.343531,24.980000,0.500000,,,WIFI
B4:FB:E4:C1:94:2E,"Gosford Rooms",[WPA2_PSK],2026-08-08 08:15:46,1,2412,-84,-33.418532,151.343531,24.980000,0.500000,,,WIFI
E8:48:B8:C4:7A:71,"BUROSERV_7052",[WPA2_PSK],2026-08-08 08:15:46,11,2462,-84,-33.418532,151.343531,24.980000,0.500000,,,WIFI
9E:86:DD:A4:0E:F5,"VX420-0EF4",[WPA2_PSK],2026-08-08 08:15:46,6,2437,-85,-33.418532,151.343531,24.980000,0.500000,,,WIFI
58:B4:BB:E4:AD:02,"Mellow ELC",[WPA_WPA2_PSK],2026-08-08 08:15:46,1,2412,-86,-33.418532,151.343531,24.980000,0.500000,,,WIFI
86:86:DD:3C:15:8F,"ButterBoy",[WPA2_PSK],2026-08-08 08:15:46,5,2432,-86,-33.418532,151.343531,24.980000,0.500000,,,WIFI
24:5A:4C:93:0E:54,"Coast Shelter WiFi",[WPA2_PSK],2026-08-08 08:15:46,1,2412,-87,-33.418532,151.343531,24.980000,0.500000,,,WIFI
80:2D:1A:53:1A:62,"no one mourns the chile",[WPA2_PSK],2026-08-08 08:15:46,9,2452,-87,-33.418532,151.343531,24.980000,0.500000,,,WIFI
A8:9C:6C:16:B9:AE,"Coasties Diabetes",[WPA2_WPA3_PSK],2026-08-08 08:15:46,11,2462,-87,-33.418532,151.343531,24.980000,0.500000,,,WIFI
B4:63:6F:AE:4C:29,"NOKIA-4C20",[WPA2_PSK],2026-08-08 08:15:46,8,2447,-88,-33.418532,151.343531,24.980000,0.500000,,,WIFI
30:68:93:B7:1B:44,"DC2.5-5G",[WPA2_WPA3_PSK],2026-08-08 08:15:46,10,2457,-88,-33.418532,151.343531,24.980000,0.500000,,,WIFI
DE:FE:23:47:DE:D1,"DIRECT-RI-IMC3000_474a",[WPA2_PSK],2026-08-08 08:15:46,6,2437,-90,-33.418532,151.343531,24.980000,0.500000,,,WIFI
6A:22:32:14:85:EA,"HIP Public",[WPA2_PSK],2026-08-08 08:15:46,6,2437,-92,-33.418532,151.343531,24.980000,0.500000,,,WIFI
72:22:32:14:85:EA,"XFINITYNET",[WPA2_PSK],2026-08-08 08:15:46,6,2437,-92,-33.418532,151.343531,24.980000,0.500000,,,WIFI
20:B0:01:A0:84:2F,"TelstraA0842F",[WPA2_PSK],2026-08-08 08:15:46,11,2462,-93,-33.418532,151.343531,24.980000,0.500000,,,WIFI
94:18:65:66:3E:FA,"NETGEAR34",[WPA2_PSK],2026-08-08 08:15:46,12,2467,-93,-33.418532,151.343531,24.980000,0.500000,,,WIFI
48:C0:93:7B:51:20,"guest",[OPEN],2026-08-08 08:15:54,1,2412,-72,-33.417732,151.343687,22.750000,0.500000,,,WIFI
96:83:C4:34:F6:58,"GL-AX1800-656-Guest",[WPA2_PSK],2026-08-08 08:15:54,1,2412,-74,-33.417732,151.343687,22.750000,0.500000,,,WIFI
94:83:C4:34:F6:58,"GL-AX1800-656",[WPA2_PSK],2026-08-08 08:15:54,1,2412,-76,-33.417732,151.343687,22.750000,0.500000,,,WIFI
DA:D8:E5:9A:45:E0,"Telstra9A45D8",[WPA2_PSK],2026-08-08 08:15:54,11,2462,-79,-33.417732,151.343687,22.750000,0.500000,,,WIFI
D0:DB:B7:63:99:F6,"NetComm 7323",[WPA2_WPA3_PSK],2026-08-08 08:15:54,6,2437,-80,-33.417732,151.343687,22.750000,0.500000,,,WIFI
5C:4D:BF:64:38:CE,"OPTUS_6438CEZ",[WPA2_WPA3_PSK],2026-08-08 08:15:54,6,2437,-81,-33.417732,151.343687,22.750000,0.500000,,,WIFI
D6:92:5E:1F:92:99,"Belong1F0299",[WPA2_PSK],2026-08-08 08:15:54,1,2412,-84,-33.417732,151.343687,22.750000,0.500000,,,WIFI
42:1F:F4:8D:9E:56,"Telstra8D9E56",[WPA2_WPA3_PSK],2026-08-08 08:15:54,2,2417,-84,-33.417732,151.343687,22.750000,0.500000,,,WIFI
30:B5:C2:E2:FC:DE,"BoomBB_006",[WPA_WPA2_PSK],2026-08-08 08:15:54,6,2437,-86,-33.417732,151.343687,22.750000,0.500000,,,WIFI
B4:63:6F:AE:47:19,"NOKIA-4710",[WPA2_PSK],2026-08-08 08:15:54,7,2442,-86,-33.417732,151.343687,22.750000,0.500000,,,WIFI
38:06:E6:04:B8:AB,"OPTUS_04B8A8N",[WPA2_WPA3_PSK],2026-08-08 08:15:54,1,2412,-89,-33.417732,151.343687,22.750000,0.500000,,,WIFI
C8:99:B2:FF:3A:52,"TelstraFF3A4E",[WPA2_WPA3_PSK],2026-08-08 08:15:54,4,2427,-89,-33.417732,151.343687,22.750000,0.500000,,,WIFI
82:CE:16:5B:BB:B7,"Optus_B628_BB5B",[WPA2_WPA3_PSK],2026-08-08 08:15:54,9,2452,-89,-33.417732,151.343687,22.750000,0.500000,,,WIFI
14:59:C0:EC:7A:BD,"Telstra0B2C",[WPA2_PSK],2026-08-08 08:15:54,11,2462,-92,-33.417732,151.343687,22.750000,0.500000,,,WIFI
54:B7:BD:61:B5:BB,"OPTUS_61B5B8N",[WPA2_WPA3_PSK],2026-08-08 08:15:54,11,2462,-92,-33.417732,151.343687,22.750000,0.500000,,,WIFI
DA:D8:E5:7D:13:EE,"Telstra7D13E6",[WPA2_PSK],2026-08-08 08:16:04,1,2412,-65,-33.416670,151.343914,23.650000,0.500000,,,WIFI
EA:63:DA:ED:A9:A5,"LIT-Guest",[WPA2_PSK],2026-08-08 08:16:04,6,2437,-72,-33.416670,151.343914,23.650000,0.500000,,,WIFI
C4:EA:1D:69:0D:E1,"Telstra690DE1",[WPA2_PSK],2026-08-08 08:16:04,1,2412,-75,-33.416670,151.343914,23.650000,0.500000,,,WIFI
EA:63:DA:ED:8E:0B,"LIT-Guest",[WPA2_PSK],2026-08-08 08:16:04,1,2412,-86,-33.416670,151.343914,23.650000,0.500000,,,WIFI
00:F8:CC:F1:18:65,"OPTUS_F11863M",[WPA2_WPA3_PSK],2026-08-08 08:16:04,1,2412,-88,-33.416670,151.343914,23.650000,0.500000,,,WIFI
72:DB:B7:BF:C3:4E,"Ashraf.Net",[WPA_WPA2_PSK],2026-08-08 08:16:04,1,2412,-92,-33.416670,151.343914,23.650000,0.500000,,,WIFI
9E:AE:D3:D0:45:41,"DIRECT-D3D0C541",[WPA2_PSK],2026-08-08 08:16:04,1,2412,-93,-33.416670,151.343914,23.650000,0.500000,,,WIFI
38:06:E6:7D:2A:13,"OPTUS_7D2A10N",[WPA2_WPA3_PSK],2026-08-08 08:16:13,1,2412,-66,-33.415532,151.344167,28.200000,0.500000,,,WIFI
60:45:E8:39:CE:D3,"OPTUS_39CED0N",[WPA2_WPA3_PSK],2026-08-08 08:16:13,11,2462,-77,-33.415532,151.344167,28.200000,0.500000,,,WIFI
92:CF:84:35:06:62,"...Loading IoT",[WPA2_PSK],2026-08-08 08:16:13,7,2442,-81,-33.415532,151.344167,28.200000,0.500000,,,WIFI
00:AD:24:4D:45:20,"dlink-4D4520",[WPA_WPA2_PSK],2026-08-08 08:16:13,2,2417,-82,-33.415532,151.344167,28.200000,0.500000,,,WIFI
92:CF:84:35:06:63,"IP frequently",[WPA2_PSK],2026-08-08 08:16:13,7,2442,-84,-33.415532,151.344167,28.200000,0.500000,,,WIFI
32:3C:20:30:0D:96,"Telstra300D96",[WPA2_WPA3_PSK],2026-08-08 08:16:13,1,2412,-86,-33.415532,151.344167,28.200000,0.500000,,,WIFI
92:CF:84:35:06:61,"...Loading",[WPA2_WPA3_PSK],2026-08-08 08:16:13,7,2442,-88,-33.415532,151.344167,28.200000,0.500000,,,WIFI
D6:92:5E:64:5D:40,"Belong645D40",[WPA2_PSK],2026-08-08 08:16:13,3,2422,-90,-33.415532,151.344167,28.200000,0.500000,,,WIFI
0A:C7:F5:90:28:2E,"Belong902826",[WPA2_PSK],2026-08-08 08:16:13,6,2437,-90,-33.415532,151.344167,28.200000,0.500000,,,WIFI
62:3B:F3:E4:14:49,"ThatMarketingBloke_Guest",[OPEN],2026-08-08 08:16:13,7,2442,-91,-33.415532,151.344167,28.200000,0.500000,,,WIFI
1C:3B:F3:E4:14:48,"ThatMarketingBloke",[WPA2_PSK],2026-08-08 08:16:13,7,2442,-91,-33.415532,151.344167,28.200000,0.500000,,,WIFI
A4:91:B1:C4:8D:8D,"TelstraC48D8D",[WPA2_PSK],2026-08-08 08:16:13,11,2462,-91,-33.415532,151.344167,28.200000,0.500000,,,WIFI
00:0F:00:49:3E:5C,"IROAD_X9_493E5C",[WPA2_PSK],2026-08-08 08:16:13,6,2437,-93,-33.415532,151.344167,28.200000,0.500000,,,WIFI
D0:DB:B7:DA:FD:F0,"NetComm 7293",[WPA2_WPA3_PSK],2026-08-08 08:16:21,6,2437,-70,-33.414547,151.344362,31.180000,0.500000,,,WIFI
30:91:8F:93:EA:C9,"Telstra93EAC9",[WPA2_PSK],2026-08-08 08:16:21,11,2462,-74,-33.414547,151.344362,31.180000,0.500000,,,WIFI
EA:75:0C:8A:D3:28,"WiFi-8AD32F",[WPA2_PSK],2026-08-08 08:16:21,3,2422,-79,-33.414547,151.344362,31.180000,0.500000,,,WIFI
DA:D8:E5:C5:66:C0,"TelstraC566B8",[WPA2_PSK],2026-08-08 08:16:21,1,2412,-82,-33.414547,151.344362,31.180000,0.500000,,,WIFI
14:CC:20:E5:F8:3D,"TP-LINK_F83D",[WPA_WPA2_PSK],2026-08-08 08:16:21,6,2437,-82,-33.414547,151.344362,31.180000,0.500000,,,WIFI
0C:EF:15:83:11:CA,"OPTUS_7A324BM_EXT",[WPA2_PSK],2026-08-08 08:16:21,6,2437,-83,-33.414547,151.344362,31.180000,0.500000,,,WIFI
30:91:8F:4E:98:A8,"Telstra4E98A8",[WPA2_PSK],2026-08-08 08:16:21,1,2412,-84,-33.414547,151.344362,31.180000,0.500000,,,WIFI
A0:92:08:DC:1D:A5,"SmartLife-1DA5",[OPEN],2026-08-08 08:16:21,6,2437,-88,-33.414547,151.344362,31.180000,0.500000,,,WIFI
8C:15:C7:D8:6E:C8,"iPRIMUS-6EC2",[WPA_WPA2_PSK],2026-08-08 08:16:21,1,2412,-90,-33.414547,151.344362,31.180000,0.500000,,,WIFI
B6:A7:F1:57:63:2C,"Alsnetwork_MLO",[WPA3_PSK],2026-08-08 08:16:21,4,2427,-90,-33.414547,151.344362,31.180000,0.500000,,,WIFI
C8:78:7D:9C:0C:0F,"Jacksoph",[WPA_WPA2_PSK],2026-08-08 08:16:21,4,2427,-90,-33.414547,151.344362,31.180000,0.500000,,,WIFI
B6:A7:F1:57:35:0F,"Alsnetwork_MLO",[WPA3_PSK],2026-08-08 08:16:21,4,2427,-90,-33.414547,151.344362,31.180000,0.500000,,,WIFI
3C:78:95:BD:0E:76,"WiFi-8AD32F_EXT 2.4GHz",[WPA2_PSK],2026-08-08 08:16:21,3,2422,-91,-33.414547,151.344362,31.180000,0.500000,,,WIFI
24:E4:CE:94:BE:BA,"DG2144-BEB8",[WPA2_PSK],2026-08-08 08:16:21,6,2437,-92,-33.414547,151.344362,31.180000,0.500000,,,WIFI
34:E8:94:78:F8:8A,"TP-LINK_F88B",[WPA2_PSK],2026-08-08 08:16:21,11,2462,-92,-33.414547,151.344362,31.180000,0.500000,,,WIFI
08:3A:2F:B4:57:16,"NVR083a2fb45716",[WPA2_PSK],2026-08-08 08:16:21,13,2472,-93,-33.414547,151.344362,31.180000,0.500000,,,WIFI
A4:91:B1:2E:BB:E7,"Telstra2EBBE7",[WPA2_PSK],2026-08-08 08:16:21,11,2462,-94,-33.414547,151.344362,31.180000,0.500000,,,WIFI
A6:97:5C:0C:A3:98,"VTECH_RM7756_a398",[WPA2_PSK],2026-08-08 08:16:21,11,2462,-95,-33.414547,151.344362,31.180000,0.500000,,,WIFI
BC:D5:ED:7A:32:4D,"OPTUS_7A324BM",[WPA2_WPA3_PSK],2026-08-08 08:16:30,6,2437,-76,-33.413452,151.344622,24.040000,0.500000,,,WIFI
12:EA:14:E7:2F:CE,"Central Auto Group Guest",[WPA2_PSK],2026-08-08 08:16:30,11,2462,-86,-33.413452,151.344622,24.040000,0.500000,,,WIFI
0C:EA:14:E7:2F:CE,"Central Auto Group Admin",[WPA2_PSK],2026-08-08 08:16:30,11,2462,-87,-33.413452,151.344622,24.040000,0.500000,,,WIFI
80:82:FE:96:E5:B3,"OPTUS_96E5B0N",[WPA2_WPA3_PSK],2026-08-08 08:16:30,6,2437,-88,-33.413452,151.344622,24.040000,0.500000,,,WIFI
B4:8C:9D:29:3D:7B,"CASWIFI_234201274",[WPA2_PSK],2026-08-08 08:16:30,1,2412,-89,-33.413452,151.344622,24.040000,0.500000,,,WIFI
34:E8:94:66:F0:BA,"TP-LINK_F0BB",[WPA2_PSK],2026-08-08 08:16:30,1,2412,-90,-33.413452,151.344622,24.040000,0.500000,,,WIFI
D4:AD:20:9D:0E:B4,"SIGN-NSW01",[WPA2_PSK],2026-08-08 08:16:30,3,2422,-92,-33.413452,151.344622,24.040000,0.500000,,,WIFI
F4:92:BF:67:06:00,"Central Auto Group Admin",[WPA2_PSK],2026-08-08 08:16:30,11,2462,-92,-33.413452,151.344622,24.040000,0.500000,,,WIFI
C4:EA:1D:EC:F8:37,"TelstraECF837",[WPA2_PSK],2026-08-08 08:16:30,1,2412,-93,-33.413452,151.344622,24.040000,0.500000,,,WIFI
5A:9B:22:B0:D5:45,"AP10026964",[WPA2_PSK],2026-08-08 08:16:30,10,2457,-93,-33.413452,151.344622,24.040000,0.500000,,,WIFI
38:17:B1:05:DE:8D,"OPTUS_05DE8BM",[WPA2_WPA3_PSK],2026-08-08 08:16:30,1,2412,-94,-33.413452,151.344622,24.040000,0.500000,,,WIFI
44:EF:BF:42:98:40,"iGoCam70R9840",[WPA2_PSK],2026-08-08 08:16:30,9,2452,-94,-33.413452,151.344622,24.040000,0.500000,,,WIFI
FA:92:BF:67:06:00,"Central Auto Group Guest",[WPA2_PSK],2026-08-08 08:16:30,11,2462,-94,-33.413452,151.344622,24.040000,0.500000,,,WIFI
BC:D5:ED:6F:78:A2,"OPTUS_6F78A0M",[WPA2_WPA3_PSK],2026-08-08 08:16:30,11,2462,-94,-33.413452,151.344622,24.040000,0.500000,,,WIFI
D6:E5:C9:01:76:2D,"Guest Ozcar",[WPA2_PSK],2026-08-08 08:16:39,6,2437,-84,-33.412247,151.345100,10.880000,0.500000,,,WIFI
D4:E5:C9:01:76:2D,"Ozcar WiFi",[WPA2_PSK],2026-08-08 08:16:39,6,2437,-86,-33.412247,151.345100,10.880000,0.500000,,,WIFI
6C:CD:D6:CB:B7:E5,"Telstra0D91",[WPA2_PSK],2026-08-08 08:16:39,6,2437,-86,-33.412247,151.345100,10.880000,0.500000,,,WIFI
D8:33:B7:05:99:96,"WiFi-ECBKZ",[WPA2_WPA3_PSK],2026-08-08 08:16:47,6,2437,-75,-33.411400,151.345962,10.150000,0.500000,,,WIFI
28:9C:6E:9C:2D:78,"HN_EP05160386093PBKME-00283",[WPA2_PSK],2026-08-08 08:16:47,3,2422,-80,-33.411400,151.345962,10.150000,0.500000,,,WIFI
F8:D9:B8:5A:3B:69,"Sunnyfield-Client",[WPA2_PSK],2026-08-08 08:16:47,6,2437,-80,-33.411400,151.345962,10.150000,0.500000,,,WIFI
34:E8:94:41:4D:3A,"TP-LINK_4D3B",[WPA2_PSK],2026-08-08 08:16:47,1,2412,-81,-33.411400,151.345962,10.150000,0.500000,,,WIFI
14:59:C0:ED:26:7D,"Telstra0F70",[WPA2_PSK],2026-08-08 08:16:47,1,2412,-82,-33.411400,151.345962,10.150000,0.500000,,,WIFI
AC:84:C6:BE:15:BF,"TP-Link_15BF",[WPA2_PSK],2026-08-08 08:16:47,1,2412,-83,-33.411400,151.345962,10.150000,0.500000,,,WIFI
D6:92:5E:BC:BA:F2,"TelstraBCBAEA",[WPA2_PSK],2026-08-08 08:16:47,6,2437,-85,-33.411400,151.345962,10.150000,0.500000,,,WIFI
14:59:C0:EC:53:79,"Telstra015B",[WPA2_PSK],2026-08-08 08:16:47,1,2412,-86,-33.411400,151.345962,10.150000,0.500000,,,WIFI
64:FD:96:C0:2F:70,"Optus_C02F6E",[WPA2_PSK],2026-08-08 08:16:47,1,2412,-89,-33.411400,151.345962,10.150000,0.500000,,,WIFI
26:3F:0B:DC:59:91,"PIZZA_HUT_GUEST",[WPA_WPA2_PSK],2026-08-08 08:16:47,1,2412,-90,-33.411400,151.345962,10.150000,0.500000,,,WIFI
F8:CA:59:43:87:56,"CPAP Gosford",[WPA2_PSK],2026-08-08 08:16:47,3,2422,-90,-33.411400,151.345962,10.150000,0.500000,,,WIFI
62:22:32:9A:2E:16,"Central Auto Group Guest",[WPA2_PSK],2026-08-08 08:16:47,6,2437,-93,-33.411400,151.345962,10.150000,0.500000,,,WIFI
D0:27:87:D4:D5:20,"Printer",[OPEN],2026-08-08 08:16:47,10,2457,-95,-33.411400,151.345962,10.150000,0.500000,,,WIFI
B4:8C:9D:29:F2:91,"CASWIFI_234200945",[WPA2_PSK],2026-08-08 08:16:55,1,2412,-81,-33.410650,151.346924,11.460000,0.500000,,,WIFI
94:FF:3C:F8:4A:E2,"PFTV",[WPA2_PSK],2026-08-08 08:16:55,1,2412,-82,-33.410650,151.346924,11.460000,0.500000,,,WIFI
94:FF:3C:F8:4A:E1,"DeliveryTablet",[WPA2_PSK],2026-08-08 08:16:55,1,2412,-84,-33.410650,151.346924,11.460000,0.500000,,,WIFI
94:FF:3C:F8:4A:E0,"Bv7EJIQcXp",[WPA2_PSK],2026-08-08 08:16:55,1,2412,-86,-33.410650,151.346924,11.460000,0.500000,,,WIFI
94:FF:3C:F8:4A:E3,"Pie_face_secure",[WPA2_PSK],2026-08-08 08:16:55,1,2412,-87,-33.410650,151.346924,11.460000,0.500000,,,WIFI
04:F0:21:9F:22:40,"FRNSW_VaaN",[WPA2_PSK],2026-08-08 08:16:55,11,2462,-88,-33.410650,151.346924,11.460000,0.500000,,,WIFI
D6:92:5E:D8:CA:7B,"TelstraD8CA73",[WPA2_PSK],2026-08-08 08:16:55,6,2437,-89,-33.410650,151.346924,11.460000,0.500000,,,WIFI
D8:B3:70:A7:3B:F0,"THGOS",[WPA2_PSK],2026-08-08 08:16:55,6,2437,-90,-33.410650,151.346924,11.460000,0.500000,,,WIFI
D0:27:87:D9:05:6A,"Printer",[OPEN],2026-08-08 08:16:55,2,2417,-91,-33.410650,151.346924,11.460000,0.500000,,,WIFI
F0:7B:65:F4:72:46,"WiFi-XXYW2",[WPA2_WPA3_PSK],2026-08-08 08:16:55,11,2462,-92,-33.410650,151.346924,11.460000,0.500000,,,WIFI
A8:6E:84:5A:95:4C,"Zambrero Wyoming 2.4GHz",[WPA2_PSK],2026-08-08 08:16:55,1,2412,-93,-33.410650,151.346924,11.460000,0.500000,,,WIFI
A4:2B:8C:65:26:20,"Caltex Wyoming",[WPA2_PSK],2026-08-08 08:16:55,6,2437,-93,-33.410650,151.346924,11.460000,0.500000,,,WIFI
54:25:EA:38:FF:48,"DODO-FF3F",[WPA_WPA2_PSK],2026-08-08 08:16:55,2,2417,-94,-33.410650,151.346924,11.460000,0.500000,,,WIFI
6C:C3:B2:4D:A1:76,"2262",[WPA2_WPA3_PSK],2026-08-08 08:17:03,1,2412,-83,-33.410055,151.347770,12.190000,0.500000,,,WIFI
94:FF:3C:F8:4A:E3,"Pie_face_secure",[WPA2_PSK],2026-08-08 08:17:03,1,2412,-87,-33.410055,151.347770,12.190000,0.500000,,,WIFI
D8:B3:70:A7:3B:F0,"THGOS",[WPA2_PSK],2026-08-08 08:17:03,6,2437,-87,-33.410055,151.347770,12.190000,0.500000,,,WIFI
78:65:59:45:28:02,"OPTUS_4527FF",[WPA2_PSK],2026-08-08 08:17:03,1,2412,-88,-33.410055,151.347770,12.190000,0.500000,,,WIFI
44:EF:BF:42:98:40,"iGoCam70R9840",[WPA2_PSK],2026-08-08 08:17:03,9,2452,-89,-33.410055,151.347770,12.190000,0.500000,,,WIFI
94:FF:3C:F8:4A:E1,"DeliveryTablet",[WPA2_PSK],2026-08-08 08:17:03,1,2412,-91,-33.410055,151.347770,12.190000,0.500000,,,WIFI
94:FF:3C:F8:4A:E0,"Bv7EJIQcXp",[WPA2_PSK],2026-08-08 08:17:03,1,2412,-92,-33.410055,151.347770,12.190000,0.500000,,,WIFI
D8:B3:70:D8:6F:55,"Skinetics WIFI",[WPA2_PSK],2026-08-08 08:17:03,6,2437,-92,-33.410055,151.347770,12.190000,0.500000,,,WIFI
16:49:BC:4C:5B:E8,"DrayTek-6C5BE8",[WPA2_WPA3_PSK],2026-08-08 08:17:03,6,2437,-92,-33.410055,151.347770,12.190000,0.500000,,,WIFI
62:E6:F0:D5:02:08,"DIRECT-MBUX 11673",[WPA2_PSK],2026-08-08 08:17:12,11,2462,-83,-33.409595,151.348747,9.890000,0.500000,,,WIFI
78:BC:1A:E4:80:61,"CCC_Mobiles",[WPA2_ENTERPRISE],2026-08-08 08:17:12,1,2412,-87,-33.409595,151.348747,9.890000,0.500000,,,WIFI
78:BC:1A:E4:80:60,"CCC_Corporate",[WPA2_ENTERPRISE],2026-08-08 08:17:12,1,2412,-89,-33.409595,151.348747,9.890000,0.500000,,,WIFI
B8:2D:28:C8:D2:1D,"L920PRO_2230678770",[WPA2_PSK],2026-08-08 08:17:12,1,2412,-93,-33.409595,151.348747,9.890000,0.500000,,,WIFI
14:AC:60:6F:F9:C1,"SETUP",[OPEN],2026-08-08 08:17:12,11,2462,-96,-33.409595,151.348747,9.890000,0.500000,,,WIFI
D8:B3:70:D8:71:11,"Skinetics WIFI",[WPA2_PSK],2026-08-08 08:17:20,11,2462,-72,-33.409412,151.348916,9.620000,0.500000,,,WIFI
D0:DB:B7:BA:60:2B,"Hungry_Wolfs",[WPA2_WPA3_PSK],2026-08-08 08:17:20,11,2462,-73,-33.409412,151.348916,9.620000,0.500000,,,WIFI
40:ED:00:95:A4:89,"WiFi-95A489",[WPA2_PSK],2026-08-08 08:17:20,8,2447,-78,-33.409412,151.348916,9.620000,0.500000,,,WIFI
04:F0:21:9B:FE:2C,"COWConnect",[WPA2_PSK],2026-08-08 08:17:20,6,2437,-80,-33.409412,151.348916,9.620000,0.500000,,,WIFI
18:69:D8:A2:FF:4E,"SL-BREVILLE-FF4D",[OPEN],2026-08-08 08:17:20,6,2437,-82,-33.409412,151.348916,9.620000,0.500000,,,WIFI
C0:FD:84:C1:A8:8F,"EXETEL C1A88F 2.4G",[WPA2_PSK],2026-08-08 08:17:20,3,2422,-87,-33.409412,151.348916,9.620000,0.500000,,,WIFI
08:36:C9:00:B4:B5,"Telstra0D8F",[WPA2_PSK],2026-08-08 08:17:20,11,2462,-87,-33.409412,151.348916,9.620000,0.500000,,,WIFI
70:A7:41:D8:06:91,"COW",[WPA2_PSK],2026-08-08 08:17:20,1,2412,-91,-33.409412,151.348916,9.620000,0.500000,,,WIFI
DA:B3:70:18:AD:C1,"MCS-Staff",[WPA2_PSK],2026-08-08 08:17:20,1,2412,-93,-33.409412,151.348916,9.620000,0.500000,,,WIFI
D6:92:5E:D8:CA:7B,"TelstraD8CA73",[WPA2_PSK],2026-08-08 08:17:20,6,2437,-93,-33.409412,151.348916,9.620000,0.500000,,,WIFI
4C:82:A9:6D:5A:6A,"SETUP",[OPEN],2026-08-08 08:17:20,11,2462,-93,-33.409412,151.348916,9.620000,0.500000,,,WIFI
DA:B3:70:28:AD:C1,"MCS-Guest",[WPA2_PSK],2026-08-08 08:17:20,1,2412,-94,-33.409412,151.348916,9.620000,0.500000,,,WIFI
34:6B:46:A3:3A:80,"Oliver!",[WPA2_PSK],2026-08-08 08:17:28,1,2412,-91,-33.409251,151.348941,11.260000,0.500000,,,WIFI
80:2A:A8:57:7D:90,"LST",[WPA2_PSK],2026-08-08 08:17:28,11,2462,-91,-33.409251,151.348941,11.260000,0.500000,,,WIFI
78:8A:20:5A:D1:78,"LST",[WPA2_PSK],2026-08-08 08:17:36,1,2412,-82,-33.409251,151.348941,11.260000,0.500000,,,WIFI
D8:97:60:05:2B:76,"hydra52-D89760052B76",[OPEN],2026-08-08 08:17:36,11,2462,-90,-33.409251,151.348941,11.260000,0.500000,,,WIFI
F0:7B:65:F4:72:46,"WiFi-XXYW2",[WPA2_WPA3_PSK],2026-08-08 08:17:36,11,2462,-94,-33.409251,151.348941,11.260000,0.500000,,,WIFI
BC:30:D9:F7:51:05,"My Coast Support",[WPA2_PSK],2026-08-08 08:17:53,1,2412,-89,-33.409248,151.348964,8.400000,0.500000,,,WIFI
78:8A:20:5A:D1:28,"LST",[WPA2_PSK],2026-08-08 08:17:53,6,2437,-92,-33.409248,151.348964,8.400000,0.500000,,,WIFI
80:2A:A8:57:7D:DE,"LST",[WPA2_PSK],2026-08-08 08:17:53,6,2437,-92,-33.409248,151.348964,8.400000,0.500000,,,WIFI
92:32:4B:8E:2E:FB,"DIRECT-fb-HP M102 LaserJet",[WPA2_PSK],2026-08-08 08:17:58,6,2437,-86,-33.409248,151.348964,8.400000,0.500000,,,WIFI
74:08:DE:0A:6D:C2,"ING2.4G_234HKD055760",[WPA2_PSK],2026-08-08 08:17:58,11,2462,-86,-33.409248,151.348964,8.400000,0.500000,,,WIFI
5C:5A:C7:15:F2:01,"CCC_Mobiles",[WPA2_ENTERPRISE],2026-08-08 08:17:58,11,2462,-87,-33.409248,151.348964,8.400000,0.500000,,,WIFI
32:3C:20:25:DC:F6,"Telstra25DCF6",[WPA2_WPA3_PSK],2026-08-08 08:17:58,1,2412,-88,-33.409248,151.348964,8.400000,0.500000,,,WIFI
5C:5A:C7:15:F2:00,"CCC_Corporate",[WPA2_ENTERPRISE],2026-08-08 08:17:58,11,2462,-88,-33.409248,151.348964,8.400000,0.500000,,,WIFI
D6:92:5E:D2:FA:08,"TelstraD2FA00",[WPA2_PSK],2026-08-08 08:17:58,1,2412,-89,-33.409248,151.348964,8.400000,0.500000,,,WIFI
4C:82:A9:A8:6F:63,"SETUP",[OPEN],2026-08-08 08:17:58,11,2462,-93,-33.409248,151.348964,8.400000,0.500000,,,WIFI
D0:DB:B7:A3:25:4A,"NetComm 4556",[WPA2_PSK],2026-08-08 08:17:58,12,2467,-93,-33.409248,151.348964,8.400000,0.500000,,,WIFI
48:D2:4F:5A:EB:D4,"Optus_5AEBD2",[WPA2_PSK],2026-08-08 08:17:58,6,2437,-94,-33.409248,151.348964,8.400000,0.500000,,,WIFI
74:08:DE:0A:6E:44,"ING2.4G_234HKD055890",[WPA2_PSK],2026-08-08 08:17:58,11,2462,-94,-33.409248,151.348964,8.400000,0.500000,,,WIFI
80:2D:1A:52:AB:7E,"DODO-FAST-2.4G",[WPA2_PSK],2026-08-08 08:18:06,5,2432,-78,-33.409245,151.349083,2.190000,0.500000,,,WIFI
12:08:B1:6D:60:2F,"DIRECT-OfMFC-L2740DW",[WPA2_PSK],2026-08-08 08:18:06,11,2462,-79,-33.409245,151.349083,2.190000,0.500000,,,WIFI
D0:DB:B7:63:F0:3B,"NetComm 5237",[WPA2_PSK],2026-08-08 08:18:06,7,2442,-90,-33.409245,151.349083,2.190000,0.500000,,,WIFI
3A:1A:52:02:89:7B,"DIRECT-5202097B",[WPA2_PSK],2026-08-08 08:18:06,5,2432,-93,-33.409245,151.349083,2.190000,0.500000,,,WIFI
C8:D3:FF:53:60:8A,"DIRECT-89-HP DeskJet 3630 series",[WPA2_PSK],2026-08-08 08:18:23,6,2437,-87,-33.409289,151.349147,-3.690000,0.500000,,,WIFI
7C:4D:8F:DB:66:52,"DIRECT-51-HP DeskJet 4100 series",[WPA2_PSK],2026-08-08 08:18:23,6,2437,-90,-33.409289,151.349147,-3.690000,0.500000,,,WIFI
BC:30:D9:BE:E8:A6,"TelstraBEE8A4",[WPA2_PSK],2026-08-08 08:18:31,9,2452,-90,-33.409324,151.349132,-8.710000,0.700000,,,WIFI
C4:65:16:7A:E9:B9,"DIRECT-B7-HP DeskJet 2600 series",[WPA2_PSK],2026-08-08 08:18:57,6,2437,-89,-33.409514,151.349109,-20.830000,1.200000,,,WIFI
94:FF:3C:F8:4A:E2,"PFTV",[WPA2_PSK],2026-08-08 08:19:11,1,2412,-81,-33.409429,151.349141,-13.430000,0.700000,,,WIFI
B8:94:36:40:AC:DE,"JKMobile",[WPA2_PSK],2026-08-08 08:19:11,2,2417,-86,-33.409429,151.349141,-13.430000,0.700000,,,WIFI
D8:33:B7:05:99:96,"WiFi-ECBKZ",[WPA2_WPA3_PSK],2026-08-08 08:19:19,6,2437,-92,-33.409388,151.349101,-17.610000,0.500000,,,WIFI
D0:6D:C9:AC:9C:43,"Optus_AC9C41",[WPA2_PSK],2026-08-08 08:19:19,11,2462,-95,-33.409388,151.349101,-17.610000,0.500000,,,WIFI
32:56:FE:C8:C0:7C,"TIPT",[WPA2_PSK],2026-08-08 08:20:26,1,2412,-84,-33.409523,151.349065,10.220000,0.500000,,,WIFI
3E:56:FE:C8:C0:7C,"Ampol Free Wifi",[OPEN],2026-08-08 08:20:26,1,2412,-84,-33.409523,151.349065,10.220000,0.500000,,,WIFI
34:56:FE:C8:C0:7C,"PENGUIN",[WPA_WPA2_PSK],2026-08-08 08:20:26,1,2412,-85,-33.409523,151.349065,10.220000,0.500000,,,WIFI
3A:56:FE:C8:C0:7C,"Amplify",[WPA2_PSK],2026-08-08 08:20:26,1,2412,-85,-33.409523,151.349065,10.220000,0.500000,,,WIFI
D4:AD:20:BB:6A:A7,"SIGN-NSW05",[WPA2_PSK],2026-08-08 08:20:26,2,2417,-88,-33.409523,151.349065,10.220000,0.500000,,,WIFI
D0:DB:B7:CD:77:2F,"Wiseberry",[WPA2_WPA3_PSK],2026-08-08 08:20:26,11,2462,-90,-33.409523,151.349065,10.220000,0.500000,,,WIFI
84:F7:03:77:07:19,"WF1_1996746627",[WPA_WPA2_PSK],2026-08-08 08:20:26,1,2412,-93,-33.409523,151.349065,10.220000,0.500000,,,WIFI
B0:92:4A:AF:C2:FC,"OPTUS_AFC2FAM",[WPA2_WPA3_PSK],2026-08-08 08:20:26,6,2437,-93,-33.409523,151.349065,10.220000,0.500000,,,WIFI
20:23:51:C8:67:F0,"TP-Link_67F0",[WPA2_PSK],2026-08-08 08:20:26,3,2422,-95,-33.409523,151.349065,10.220000,0.500000,,,WIFI
DA:D8:E5:4F:30:99,"Telstra4F3091",[WPA2_PSK],2026-08-08 08:20:34,11,2462,-78,-33.409170,151.349860,11.180000,0.500000,,,WIFI
36:87:BA:A6:82:54,"WiFi-A68253",[WPA2_PSK],2026-08-08 08:20:34,2,2417,-90,-33.409170,151.349860,11.180000,0.500000,,,WIFI
A2:B5:3C:25:26:5E,"Telstra252656",[WPA2_PSK],2026-08-08 08:20:34,1,2412,-91,-33.409170,151.349860,11.180000,0.500000,,,WIFI
CE:BA:BD:17:9C:71,"Poolwerx Wyoming",[WPA2_WPA3_PSK],2026-08-08 08:20:34,1,2412,-93,-33.409170,151.349860,11.180000,0.500000,,,WIFI
B4:E8:42:29:D8:9A,"LEDnet003329D89A",[OPEN],2026-08-08 08:20:34,8,2447,-93,-33.409170,151.349860,11.180000,0.500000,,,WIFI
B2:19:21:41:1E:E6,"SupportCentralCo Akora",[WPA2_WPA3_PSK],2026-08-08 08:20:34,9,2452,-94,-33.409170,151.349860,11.180000,0.500000,,,WIFI
B2:19:21:21:1E:E6,"SupportCentralCo (Akora Staff)",[WPA2_PSK],2026-08-08 08:20:34,9,2452,-94,-33.409170,151.349860,11.180000,0.500000,,,WIFI
D8:33:B7:0C:1D:36,"WiFi-6S2CF",[WPA2_WPA3_PSK],2026-08-08 08:20:34,1,2412,-95,-33.409170,151.349860,11.180000,0.500000,,,WIFI
B2:19:21:21:1F:AE,"SupportCentralCo (Akora Staff)",[WPA2_PSK],2026-08-08 08:20:34,9,2452,-95,-33.409170,151.349860,11.180000,0.500000,,,WIFI
B2:19:21:41:1F:AE,"SupportCentralCo Akora",[WPA2_WPA3_PSK],2026-08-08 08:20:34,9,2452,-95,-33.409170,151.349860,11.180000,0.500000,,,WIFI
8C:77:79:42:86:BB,"OPTUS_4286B8N",[WPA2_WPA3_PSK],2026-08-08 08:20:43,1,2412,-88,-33.408931,151.350054,10.210000,0.500000,,,WIFI
D4:20:B0:38:BA:92,"RetailInternetBusiness",[WPA2_PSK],2026-08-08 08:20:43,1,2412,-90,-33.408931,151.350054,10.210000,0.500000,,,WIFI
A0:63:91:09:3D:B4,"NETGEAR63",[WPA2_PSK],2026-08-08 08:20:43,1,2412,-90,-33.408931,151.350054,10.210000,0.500000,,,WIFI
74:FE:CE:AA:F1:72,"TP-Link_F172",[WPA2_PSK],2026-08-08 08:20:43,7,2442,-93,-33.408931,151.350054,10.210000,0.500000,,,WIFI
D2:7C:61:C9:9F:E1,"Pete",[WPA2_WPA3_PSK],2026-08-08 08:20:43,10,2457,-93,-33.408931,151.350054,10.210000,0.500000,,,WIFI
6C:15:DB:7F:7B:8E,"WIFI-S2ADY9F",[WPA2_WPA3_PSK],2026-08-08 08:20:52,13,2472,-78,-33.408191,151.350636,11.090000,0.500000,,,WIFI
48:41:7B:A4:4D:6B,"NOKIA-4D60",[WPA2_WPA3_PSK],2026-08-08 08:20:52,11,2462,-82,-33.408191,151.350636,11.090000,0.500000,,,WIFI
80:82:FE:1A:06:9E,"WIFI-S2ADY9F",[WPA2_WPA3_PSK],2026-08-08 08:20:52,13,2472,-89,-33.408191,151.350636,11.090000,0.500000,,,WIFI
DC:EA:E7:26:94:48,"Mal Volentum",[WPA_WPA2_PSK],2026-08-08 08:20:52,1,2412,-93,-33.408191,151.350636,11.090000,0.500000,,,WIFI
F8:5E:3C:0D:68:26,"SphereWiFi-6828",[WPA_WPA2_PSK],2026-08-08 08:21:00,1,2412,-90,-33.407119,151.350872,12.140000,0.500000,,,WIFI
08:02:8E:EF:05:41,"superdollar",[WPA2_PSK],2026-08-08 08:21:00,1,2412,-90,-33.407119,151.350872,12.140000,0.500000,,,WIFI
D8:38:0D:6C:71:29,"The Select Inn Gosford",[WPA2_PSK],2026-08-08 08:21:00,1,2412,-91,-33.407119,151.350872,12.140000,0.500000,,,WIFI
CC:40:D0:2A:C3:C5,"Telstra5F24",[WPA2_PSK],2026-08-08 08:21:00,6,2437,-91,-33.407119,151.350872,12.140000,0.500000,,,WIFI
D8:38:0D:6C:30:99,"The Select Inn Gosford",[WPA2_PSK],2026-08-08 08:21:00,1,2412,-92,-33.407119,151.350872,12.140000,0.500000,,,WIFI
B6:B0:24:11:43:69,"WiFi-114368",[WPA2_PSK],2026-08-08 08:21:00,3,2422,-94,-33.407119,151.350872,12.140000,0.500000,,,WIFI
7E:4D:8F:5C:2B:E2,"DIRECT-E2-HP ENVY 6400 series",[WPA2_PSK],2026-08-08 08:21:08,6,2437,-90,-33.406116,151.351063,13.990000,0.500000,,,WIFI
32:E0:96:02:21:B7,"EG Vendor",[WPA2_PSK],2026-08-08 08:21:16,11,2462,-86,-33.405080,151.350851,13.410000,0.500000,,,WIFI
32:E1:96:02:21:B7,"EG2060",[WPA2_PSK],2026-08-08 08:21:16,11,2462,-86,-33.405080,151.350851,13.410000,0.500000,,,WIFI
6E:D7:9A:1A:0F:C7,"Grange-Guest",[OPEN],2026-08-08 08:21:16,11,2462,-90,-33.405080,151.350851,13.410000,0.500000,,,WIFI
DA:D8:E5:40:5C:81,"Home Internet",[WPA2_PSK],2026-08-08 08:21:36,11,2462,-88,-33.404044,151.350276,16.690000,0.500000,,,WIFI
E8:ED:D6:94:70:51,"Hungry Jack's FREE WiFi",[OPEN],2026-08-08 08:21:36,6,2437,-91,-33.404044,151.350276,16.690000,0.500000,,,WIFI
48:8F:5A:8A:74:6C,"559",[WPA2_PSK],2026-08-08 08:21:36,1,2412,-94,-33.404044,151.350276,16.690000,0.500000,,,WIFI
D6:CA:6D:99:AE:84,"559 IoT",[WPA_WPA2_PSK],2026-08-08 08:21:36,1,2412,-94,-33.404044,151.350276,16.690000,0.500000,,,WIFI
E8:ED:D6:94:70:52,"OOPDLV",[WPA2_PSK],2026-08-08 08:21:36,6,2437,-95,-33.404044,151.350276,16.690000,0.500000,,,WIFI
AC:8B:A9:8D:E4:7C,"WyomingDental",[WPA2_PSK],2026-08-08 08:21:44,6,2437,-84,-33.403699,151.350185,13.180000,0.500000,,,WIFI
40:A5:EF:1A:33:9C,"IROAD_FX2PRO_1a339c",[WPA2_PSK],2026-08-08 08:21:44,11,2462,-90,-33.403699,151.350185,13.180000,0.500000,,,WIFI
BA:FB:B3:B5:D5:11,"VX420-D510",[WPA2_PSK],2026-08-08 08:21:44,6,2437,-91,-33.403699,151.350185,13.180000,0.500000,,,WIFI
8A:A4:2E:7C:CD:5C,"Bendhyto's S26 Ultra",[WPA2_PSK],2026-08-08 08:21:44,1,2412,-92,-33.403699,151.350185,13.180000,0.500000,,,WIFI
7C:A7:B0:8F:1F:60,"HIKVISION-F6-BBRV",[WPA2_PSK],2026-08-08 08:21:44,1,2412,-93,-33.403699,151.350185,13.180000,0.500000,,,WIFI
F4:1E:57:33:21:B3,"Renwick GP 2.4 GHz",[WPA2_PSK],2026-08-08 08:21:44,6,2437,-93,-33.403699,151.350185,13.180000,0.500000,,,WIFI
10:DA:43:F0:A1:92,"Byrne Accounting 2.4G",[WPA2_PSK],2026-08-08 08:21:44,12,2467,-93,-33.403699,151.350185,13.180000,0.500000,,,WIFI
72:DA:43:F0:A1:93,"Byrne Accounting Guest",[WPA2_PSK],2026-08-08 08:21:44,12,2467,-94,-33.403699,151.350185,13.180000,0.500000,,,WIFI
D6:92:5E:C8:3F:3C,"TelstraC83F34",[WPA2_PSK],2026-08-08 08:21:44,6,2437,-95,-33.403699,151.350185,13.180000,0.500000,,,WIFI
6C:CD:D6:CB:A6:45,"Telstra14E3",[WPA2_PSK],2026-08-08 08:22:00,1,2412,-92,-33.403588,151.351123,11.960000,0.400000,,,WIFI
68:D7:9A:1A:0F:C7,"Grange Hotel Staff",[WPA2_PSK],2026-08-08 08:22:15,11,2462,-83,-33.403987,151.351273,12.370000,0.400000,,,WIFI
C4:F1:74:55:A4:E7,"Renwick",[WPA2_PSK],2026-08-08 08:22:23,11,2462,-88,-33.404035,151.351073,8.660000,0.500000,,,WIFI
56:F8:2A:55:17:0D,"Audi_MMI_2319",[WPA2_PSK],2026-08-08 08:22:39,6,2437,-92,-33.404060,151.350830,7.310000,0.500000,,,WIFI
90:DE:80:1B:4C:DB,"IROAD_X9_1B4CDB",[WPA2_PSK],2026-08-08 08:23:03,6,2437,-94,-33.404060,151.350768,8.010000,0.500000,,,WIFI
A6:A7:B9:85:F9:B6,"WiFi-85F9B5",[WPA2_PSK],2026-08-08 08:23:34,1,2412,-88,-33.404058,151.350746,9.640000,0.500000,,,WIFI
7C:DD:90:7D:0E:79,"Cecil",[WPA2_PSK],2026-08-08 08:23:34,1,2412,-92,-33.404058,151.350746,9.640000,0.500000,,,WIFI
E0:2D:F0:58:59:30,"CarPlay_5930",[WPA2_PSK],2026-08-08 08:23:41,1,2412,-91,-33.404052,151.350702,10.560000,0.500000,,,WIFI
28:56:C1:72:25:A4,"MB WLAN 74331",[WPA_WPA2_PSK],2026-08-08 08:24:37,6,2437,-91,-33.403922,151.350692,13.560000,0.500000,,,WIFI
70:F0:96:21:CC:E1,"EDGOPS3",[WPA2_PSK],2026-08-08 08:25:20,1,2412,-87,-33.403891,151.350699,13.770000,0.500000,,,WIFI
70:F0:96:21:CC:E4,"xb0104p1",[WPA2_PSK],2026-08-08 08:25:20,1,2412,-88,-33.403891,151.350699,13.770000,0.500000,,,WIFI
70:F0:96:21:CC:E6,"Vendor_WLAN",[WPA2_PSK],2026-08-08 08:25:20,1,2412,-89,-33.403891,151.350699,13.770000,0.500000,,,WIFI
C2:C4:F9:6F:A5:36,"MBUX 93341",[WPA2_WPA3_PSK],2026-08-08 08:25:36,11,2462,-90,-33.403891,151.350699,13.770000,0.500000,,,WIFI
88:00:33:77:19:6B,"android-zj-123",[WPA2_PSK],2026-08-08 08:25:36,6,2437,-91,-33.403891,151.350699,13.770000,0.500000,,,WIFI
DA:10:68:D8:33:57,"My VW 7368",[WPA2_PSK],2026-08-08 08:25:52,6,2437,-95,-33.403891,151.350699,13.770000,0.500000,,,WIFI
22:BA:36:16:0A:39,"Audi_MMI_0636",[WPA2_PSK],2026-08-08 08:27:48,6,2437,-85,-33.403714,151.351140,8.640000,0.400000,,,WIFI
D6:CA:6D:99:AE:83,"559 Guest",[WPA2_PSK],2026-08-08 08:28:03,1,2412,-90,-33.403810,151.350477,10.250000,0.400000,,,WIFI
70:C9:12:57:49:64,"ST-00D203374F",[OPEN],2026-08-08 08:28:19,6,2437,-80,-33.403031,151.350166,11.630000,0.400000,,,WIFI
5A:04:4F:F1:89:98,"Trixie'sWifi",[WPA2_PSK],2026-08-08 08:28:19,10,2457,-90,-33.403031,151.350166,11.630000,0.400000,,,WIFI
CC:BA:BD:A4:00:CC,"Spongebob_Primary",[WPA2_PSK],2026-08-08 08:28:19,2,2417,-91,-33.403031,151.350166,11.630000,0.400000,,,WIFI
4A:04:4F:F1:89:7C,"Trixie'sWifi",[WPA2_PSK],2026-08-08 08:28:19,10,2457,-91,-33.403031,151.350166,11.630000,0.400000,,,WIFI
5A:04:4F:F1:89:78,"Trixie'sWifi",[WPA2_PSK],2026-08-08 08:28:19,10,2457,-91,-33.403031,151.350166,11.630000,0.400000,,,WIFI
60:C5:A8:7B:E5:FE,"SG-B21****1897",[WPA2_PSK],2026-08-08 08:28:19,6,2437,-92,-33.403031,151.350166,11.630000,0.400000,,,WIFI
CA:06:C3:82:58:CC,"T'internet",[WPA2_PSK],2026-08-08 08:28:19,9,2452,-92,-33.403031,151.350166,11.630000,0.400000,,,WIFI
5E:22:8B:3A:15:9E,"The Juice",[WPA2_PSK],2026-08-08 08:28:19,9,2452,-93,-33.403031,151.350166,11.630000,0.400000,,,WIFI
BA:29:48:A4:89:4D,"Spongebob_Primary",[WPA2_PSK],2026-08-08 08:28:27,1,2412,-85,-33.402515,151.350307,12.680000,0.400000,,,WIFI
5C:E9:31:A8:5E:45,"GET OUT OF MY ZONE",[WPA2_PSK],2026-08-08 08:28:27,1,2412,-88,-33.402515,151.350307,12.680000,0.400000,,,WIFI
A4:91:B1:43:C9:35,"Vodafone2.4G-3C934",[WPA2_PSK],2026-08-08 08:28:27,1,2412,-90,-33.402515,151.350307,12.680000,0.400000,,,WIFI
72:7F:F0:64:A1:7B,"Dads House",[WPA2_WPA3_PSK],2026-08-08 08:28:27,2,2417,-90,-33.402515,151.350307,12.680000,0.400000,,,WIFI
CA:06:C3:C2:B3:6C,"T'internet",[WPA2_PSK],2026-08-08 08:28:27,9,2452,-91,-33.402515,151.350307,12.680000,0.400000,,,WIFI
D4:35:1D:D3:E9:FA,"TelstraD3E9FA",[WPA2_PSK],2026-08-08 08:28:27,6,2437,-92,-33.402515,151.350307,12.680000,0.400000,,,WIFI
A6:97:5C:AA:AD:7A,"VTECH_5766_ad7a",[WPA2_PSK],2026-08-08 08:28:27,6,2437,-92,-33.402515,151.350307,12.680000,0.400000,,,WIFI
14:EB:B6:B3:9C:42,"T'internet",[WPA2_PSK],2026-08-08 08:28:27,9,2452,-94,-33.402515,151.350307,12.680000,0.400000,,,WIFI
2C:BC:BB:C0:00:DD,"OVMS",[WPA2_PSK],2026-08-08 08:28:35,1,2412,-76,-33.402072,151.350455,19.980000,0.400000,,,WIFI
E0:B9:E5:66:77:17,"iiNet667717",[WPA2_PSK],2026-08-08 08:28:35,1,2412,-85,-33.402072,151.350455,19.980000,0.400000,,,WIFI
48:8F:5A:D1:35:E5,"WiFi-FE65",[WPA2_PSK],2026-08-08 08:28:35,1,2412,-92,-33.402072,151.350455,19.980000,0.400000,,,WIFI
F4:6B:EF:9B:95:72,"Telstra9B956C",[WPA2_PSK],2026-08-08 08:28:35,13,2472,-93,-33.402072,151.350455,19.980000,0.400000,,,WIFI
D8:32:14:9F:EE:C2,"Flash",[WPA2_PSK],2026-08-08 08:28:44,5,2432,-53,-33.401218,151.350484,32.620000,0.400000,,,WIFI
D8:32:14:9F:EE:92,"Flash",[WPA2_PSK],2026-08-08 08:28:44,9,2452,-81,-33.401218,151.350484,32.620000,0.400000,,,WIFI
82:90:2D:4E:40:F6,"Wifi Lotus",[WPA2_PSK],2026-08-08 08:28:44,4,2427,-91,-33.401218,151.350484,32.620000,0.400000,,,WIFI
F8:CA:59:A3:C3:8F,"ABModem",[WPA2_PSK],2026-08-08 08:28:44,11,2462,-93,-33.401218,151.350484,32.620000,0.400000,,,WIFI
58:E8:76:0B:E0:8F,"SW0BE08E",[WPA_WPA2_PSK],2026-08-08 08:29:00,4,2427,-71,-33.399608,151.350569,43.230000,0.400000,,,WIFI
82:53:22:14:1F:4A,"WiFi-141F49",[WPA2_PSK],2026-08-08 08:29:00,4,2427,-77,-33.399608,151.350569,43.230000,0.400000,,,WIFI
A4:11:62:D5:8E:61,"ARLO_VMB_2319127233",[WPA2_PSK],2026-08-08 08:29:00,11,2462,-77,-33.399608,151.350569,43.230000,0.400000,,,WIFI
6C:CD:D6:18:60:06,"NETGEAR07",[WPA2_PSK],2026-08-08 08:29:00,2,2417,-82,-33.399608,151.350569,43.230000,0.400000,,,WIFI
D4:35:1D:D5:50:A8,"TelstraD550A8",[WPA2_PSK],2026-08-08 08:29:00,11,2462,-84,-33.399608,151.350569,43.230000,0.400000,,,WIFI
4C:22:F3:4F:50:AB,"OPTUS_4F50A8N",[WPA2_WPA3_PSK],2026-08-08 08:29:00,6,2437,-87,-33.399608,151.350569,43.230000,0.400000,,,WIFI
E0:B9:E5:72:0E:51,"Telstra720E51",[WPA2_PSK],2026-08-08 08:29:00,6,2437,-89,-33.399608,151.350569,43.230000,0.400000,,,WIFI
FE:FA:C4:5C:D9:3F,"WiFi-5CD93E",[WPA2_PSK],2026-08-08 08:29:00,11,2462,-89,-33.399608,151.350569,43.230000,0.400000,,,WIFI
B0:39:56:B9:E9:93,"Dreamworld_2GEXT",[WPA2_PSK],2026-08-08 08:29:00,1,2412,-90,-33.399608,151.350569,43.230000,0.400000,,,WIFI
00:AD:24:DA:AA:62,"dlink-AA62",[WPA_WPA2_PSK],2026-08-08 08:29:00,1,2412,-91,-33.399608,151.350569,43.230000,0.400000,,,WIFI
D0:DB:B7:C3:2E:80,"NetComm 2.4",[WPA2_PSK],2026-08-08 08:29:00,6,2437,-91,-33.399608,151.350569,43.230000,0.400000,,,WIFI
D0:DB:B7:DB:91:73,"Dreamworld",[WPA2_WPA3_PSK],2026-08-08 08:29:00,1,2412,-92,-33.399608,151.350569,43.230000,0.400000,,,WIFI
FA:8F:CA:5A:ED:6F,"Living Room TV.m,",[OPEN],2026-08-08 08:29:00,6,2437,-93,-33.399608,151.350569,43.230000,0.400000,,,WIFI
BC:30:D9:F1:43:46,"TelstraF14344",[WPA2_PSK],2026-08-08 08:29:00,11,2462,-94,-33.399608,151.350569,43.230000,0.400000,,,WIFI
2C:70:4F:58:77:15,"Wi-Fi 587715 2.4G",[WPA2_PSK],2026-08-08 08:29:00,10,2457,-95,-33.399608,151.350569,43.230000,0.400000,,,WIFI
FC:9C:98:ED:01:84,"ARLO_VMB_9558321999",[WPA2_PSK],2026-08-08 08:29:05,11,2462,-77,-33.399111,151.350611,43.610000,0.400000,,,WIFI
70:3E:76:14:6F:B5,"WIFI-5F2GZMN",[WPA2_WPA3_PSK],2026-08-08 08:29:05,13,2472,-78,-33.399111,151.350611,43.610000,0.400000,,,WIFI
08:9B:F1:06:4E:65,"Puddle of Fares ",[WPA2_PSK],2026-08-08 08:29:05,11,2462,-81,-33.399111,151.350611,43.610000,0.400000,,,WIFI
CE:44:89:9A:D9:C6,"WiFi-9AD9C5",[WPA2_PSK],2026-08-08 08:29:05,3,2422,-83,-33.399111,151.350611,43.610000,0.400000,,,WIFI
C4:EA:1D:A6:EC:6B,"TelstraA6EC6B",[WPA2_PSK],2026-08-08 08:29:05,6,2437,-83,-33.399111,151.350611,43.610000,0.400000,,,WIFI
DC:F5:1B:13:1F:AB,"OPTUS_131FA8N",[WPA2_WPA3_PSK],2026-08-08 08:29:05,1,2412,-84,-33.399111,151.350611,43.610000,0.400000,,,WIFI
20:B0:01:B0:EE:07,"Vodafone2.4G-0EE06",[WPA2_PSK],2026-08-08 08:29:05,12,2467,-86,-33.399111,151.350611,43.610000,0.400000,,,WIFI
32:DE:4B:B3:3E:89,"Warp1",[WPA2_PSK],2026-08-08 08:29:05,2,2417,-88,-33.399111,151.350611,43.610000,0.400000,,,WIFI
A0:36:BC:B4:80:C8,"Shed_Wifi",[WPA2_PSK],2026-08-08 08:29:05,10,2457,-88,-33.399111,151.350611,43.610000,0.400000,,,WIFI
6A:A3:29:7D:87:F7,"Telstra011693",[WPA2_PSK],2026-08-08 08:29:05,4,2427,-89,-33.399111,151.350611,43.610000,0.400000,,,WIFI
24:4B:FE:AB:1F:C0,"ASIO Surveillance Van",[WPA2_PSK],2026-08-08 08:29:05,4,2427,-89,-33.399111,151.350611,43.610000,0.400000,,,WIFI
62:D8:A4:01:16:9B,"Telstra011693",[WPA2_PSK],2026-08-08 08:29:05,1,2412,-90,-33.399111,151.350611,43.610000,0.400000,,,WIFI
D8:D7:75:23:AC:97,"Telstra23AC91",[WPA2_PSK],2026-08-08 08:29:05,6,2437,-90,-33.399111,151.350611,43.610000,0.400000,,,WIFI
D6:92:5E:D8:70:79,"TelstraD87071",[WPA2_PSK],2026-08-08 08:29:05,11,2462,-90,-33.399111,151.350611,43.610000,0.400000,,,WIFI
F8:5E:3C:99:D9:6E,"Bits that Byte",[WPA_WPA2_PSK],2026-08-08 08:29:05,11,2462,-90,-33.399111,151.350611,43.610000,0.400000,,,WIFI
9A:A6:7E:74:F2:AC,"ORBI46",[WPA2_PSK],2026-08-08 08:29:05,3,2422,-91,-33.399111,151.350611,43.610000,0.400000,,,WIFI
D6:92:5E:D3:11:4A,"TelstraD31142",[WPA2_PSK],2026-08-08 08:29:05,6,2437,-92,-33.399111,151.350611,43.610000,0.400000,,,WIFI
DA:D8:E5:CE:7A:74,"TelstraCE7A6C",[WPA2_PSK],2026-08-08 08:29:05,11,2462,-95,-33.399111,151.350611,43.610000,0.400000,,,WIFI
AC:1F:09:02:44:11,"SG-B21****4235",[WPA2_PSK],2026-08-08 08:29:13,6,2437,-87,-33.398717,151.350272,39.090000,0.400000,,,WIFI
20:B0:01:8E:D8:A5,"Vodafone2.4G-ED8A4",[WPA2_PSK],2026-08-08 08:29:13,11,2462,-87,-33.398717,151.350272,39.090000,0.400000,,,WIFI
D6:92:5E:D8:19:B5,"TelstraD819AD",[WPA2_PSK],2026-08-08 08:29:13,1,2412,-88,-33.398717,151.350272,39.090000,0.400000,,,WIFI
2A:24:FF:0F:4D:50,"DIRECT-wE-BRAVIA",[WPA2_PSK],2026-08-08 08:29:13,11,2462,-89,-33.398717,151.350272,39.090000,0.400000,,,WIFI
0A:C7:F5:E5:92:7F,"TelstraE59277",[WPA2_PSK],2026-08-08 08:29:13,1,2412,-90,-33.398717,151.350272,39.090000,0.400000,,,WIFI
B0:5B:99:4D:23:D2,"OPTUS_4D23D0M",[WPA2_WPA3_PSK],2026-08-08 08:29:13,11,2462,-93,-33.398717,151.350272,39.090000,0.400000,,,WIFI
26:23:51:23:69:6A,"WiFi-236969",[WPA2_PSK],2026-08-08 08:29:22,2,2417,-81,-33.398351,151.349434,32.130000,0.400000,,,WIFI
40:AE:30:02:C9:60,"GetOffMyLAN",[WPA2_PSK],2026-08-08 08:29:22,10,2457,-83,-33.398351,151.349434,32.130000,0.400000,,,WIFI
D0:DB:B7:BE:66:36,"not as fly for a wifi",[WPA2_WPA3_PSK],2026-08-08 08:29:22,1,2412,-84,-33.398351,151.349434,32.130000,0.400000,,,WIFI
9A:A6:7E:74:F6:34,"ORBI46",[WPA2_PSK],2026-08-08 08:29:22,3,2422,-84,-33.398351,151.349434,32.130000,0.400000,,,WIFI
34:19:4D:00:3F:F4,"Telstra003FF0",[WPA2_WPA3_PSK],2026-08-08 08:29:22,2,2417,-85,-33.398351,151.349434,32.130000,0.400000,,,WIFI
D6:92:5E:D9:FC:55,"TelstraD9FC4D",[WPA2_PSK],2026-08-08 08:29:22,1,2412,-87,-33.398351,151.349434,32.130000,0.400000,,,WIFI
26:68:93:6E:F6:4E,"Why not Zoidberg?",[WPA2_PSK],2026-08-08 08:29:22,5,2432,-89,-33.398351,151.349434,32.130000,0.400000,,,WIFI
BA:07:1D:18:2B:88,"Marjo",[WPA2_PSK],2026-08-08 08:29:22,9,2452,-91,-33.398351,151.349434,32.130000,0.400000,,,WIFI
CC:6C:52:0B:EE:5E,"Aussie Broadband 3228",[WPA2_PSK],2026-08-08 08:29:22,6,2437,-92,-33.398351,151.349434,32.130000,0.400000,,,WIFI
4A:E9:31:84:92:BC,"WiFi-8492BB",[WPA2_PSK],2026-08-08 08:29:22,4,2427,-93,-33.398351,151.349434,32.130000,0.400000,,,WIFI
5C:E9:31:A8:42:97,"TP-Link_4297",[WPA2_PSK],2026-08-08 08:29:22,11,2462,-93,-33.398351,151.349434,32.130000,0.400000,,,WIFI
44:AD:B1:DD:5E:D3,"Optus_DD5ED1",[WPA2_PSK],2026-08-08 08:29:22,11,2462,-93,-33.398351,151.349434,32.130000,0.400000,,,WIFI
BA:07:1D:18:6D:20,"Marjo",[WPA2_PSK],2026-08-08 08:29:30,9,2452,-89,-33.398325,151.349349,33.120000,0.400000,,,WIFI
28:05:A5:85:42:E1,"W-5CDA096",[WPA_WPA2_PSK],2026-08-08 08:29:30,9,2452,-91,-33.398325,151.349349,33.120000,0.400000,,,WIFI
14:22:3B:0E:AD:52,"BW Home",[WPA2_PSK],2026-08-08 08:29:30,6,2437,-95,-33.398325,151.349349,33.120000,0.400000,,,WIFI
10:13:31:24:69:41,"Telstra246941",[WPA2_PSK],2026-08-08 08:29:39,6,2437,-88,-33.398325,151.349349,33.120000,0.400000,,,WIFI
54:07:7D:1D:88:D1,"NETGEAR90",[WPA2_PSK],2026-08-08 08:29:39,7,2442,-91,-33.398325,151.349349,33.120000,0.400000,,,WIFI
6C:4F:89:85:3A:B9,"OPTUS_853AB8L",[WPA2_WPA3_PSK],2026-08-08 08:30:08,11,2462,-89,-33.398325,151.349349,33.120000,0.400000,,,WIFI
6C:4F:89:52:F1:7D,"OPTUS_52F17CL",[WPA2_WPA3_PSK],2026-08-08 08:30:08,11,2462,-90,-33.398325,151.349349,33.120000,0.400000,,,WIFI
D6:92:5E:C8:57:EA,"TelstraC857E2",[WPA2_PSK],2026-08-08 08:30:08,6,2437,-91,-33.398325,151.349349,33.120000,0.400000,,,WIFI
20:23:51:23:79:7A,"WiFi-23797A",[WPA2_PSK],2026-08-08 08:30:08,7,2442,-93,-33.398325,151.349349,33.120000,0.400000,,,WIFI
34:19:4D:01:51:7E,"Telstra01517A",[WPA2_WPA3_PSK],2026-08-08 08:30:13,9,2452,-93,-33.398325,151.349349,33.120000,0.400000,,,WIFI
AA:07:1D:18:2B:94,"Marjo",[WPA2_PSK],2026-08-08 08:30:13,9,2452,-94,-33.398325,151.349349,33.120000,0.400000,,,WIFI
